1,G3 E-4 E-5 E-2,?,?
1.25,B-3 E-4 E-5 E-2,?,?
1.5,E-4 E-5 E-2,?,?
1.75,B-3 E-4 E-5 E-2,?,?
2,E-4 E-5 E-2,?,?
2.25,B-3 E-4 E-5 E-2,?,?
2.5,E-4 E-5 E-2,?,?
2.75,B-3 E-4 E-5 E-2,?,?
3,G3 E-4 E-5 E-2,?,?
3.25,B-3 E-4 E-5 E-2,?,?
3.5,E-4 E-5 E-2,?,?
3.75,B-3 E-4 E-5 E-2,?,?
4,E-4 E-5 E-2,?,?
4.25,B-3 E-4 E-5 E-2,?,?
4.5,E-4 E-5 E-2,?,?
4.75,B-3 E-4 E-5 E-2,?,?
4.875,B-3 E-4 E-2,?,?
5,G3 E-4 B-4 E-2,?,?
5.25,B-3 E-4 B-4 E-2,3,M
5.5,E-4 B-4 E-2,3,M
5.75,B-3 E-4 B-4 E-2,3,M
6,E-4 B-4 E-2,3,M
6.25,B-3 E-4 B-4 E-2,3,M
6.5,E-4 B-4 E-2,3,M
6.75,B-3 E-4 B-4 E-2,3,M
7,G3 E-4 B-4 E-2,3,M
7.25,B-3 E-4 B-4 E-2,3,M
7.5,E-4 B-4 E-2,3,M
7.75,B-3 E-4 B-4 E-2,3,M
7.875,B-3 E-4 E-2,3,M
8,E-4 G#4 E-2,3,M
8.25,B-3 E-4 G4 E-2,3,M
8.5,E-4 F4 E-2,3,M
8.75,B-3 E-4 E-2,3,M
9,G#3 B-3 D4 B-1,3,M
9.25,B-3 D4 B-1,3,M
9.5,F4 B-3 D4 B-1,3,M
9.75,B-3 D4 B-1,3,M
10,F4 B-3 D4 B-1,3,M
10.25,B-3 E-4 B-1,3,M
10.5,B-3 F4 B-1,3,M
10.75,B-3 G4 B-1,3,M
11,B-3 G#4 B-1,3,M
11.25,D4 B-3 G#4 B-1,3,M
11.5,F4 B-3 G#4 B-1,3,M
11.75,D4 B-3 G#4 B-1,3,M
11.875,D4 B-3 B-1,3,M
12,F4 B-3 G#4 B-1,3,M
12.25,D4 B-3 G#4 B-1,3,M
12.5,F4 B-3 G#4 B-1,3,M
12.75,D4 B-3 G#4 B-1,3,M
12.875,D4 B-3 B-1,3,M
13,B-3 E-4 G4 E-2,3,M
13.25,E-4 G4 E-2,3,M
13.5,E-4 G4 E-2,3,M
13.75,E-4 G4 E-2,3,M
13.875,E-4 E-2,3,M
14,G4 E-3 E-4 B-4 E-2,3,M
14.25,G4 E-3 E-4 B-4 E-2,3,M
14.5,G4 E-3 E-4 B-4 E-2,3,M
14.75,G4 B-4 E-3 E-4 E-2,3,M
14.875,G4 B-4 E-3 E-4 E-2,3,M
15,G4 B-4 E-3 E-4 B-3 E-2,3,M
15.25,G4 B-4 E-3 E-4 E-2,3,M
15.5,G4 B-4 E-3 E-4 E-2,3,M
15.75,G4 B-4 E-3 E-4 E-2,3,M
15.875,E-4 E-2,3,M
16,G4 B-4 E-3 E-4 E-2,3,M
16.25,G4 B-4 E-3 E-4 E-2,3,M
16.5,G4 B-4 E-3 E-4 E-2,3,M
16.75,G4 B-4 E-3 E-4 E-2,3,M
16.875,E-4 E-2,3,M
17,G#4 E-3 C4 G#3 G#5 E-4 C5 E-2,3,M
17.25,G#4 E-3 G#3 G#5 E-4 C5 E-2,3,M
17.5,G#4 E-3 C4 G#5 E-4 C5 E-2,3,M
17.75,G#4 C5 E-3 E-4 C4 G#5 E-2,3,M
17.875,G#4 C5 E-3 E-4 C4 G#5 E-2,3,M
18,G#4 C5 E-3 E-4 C4 G#5 E-2,3,M
18.25,G#4 C5 E-3 E-4 C4 G#5 E-2,3,M
18.5,G#4 C5 E-3 E-4 C4 G#5 E-2,3,M
18.75,G#4 C5 E-3 E-4 C4 G#5 E-2,3,M
18.875,G#4 C5 E-3 E-4 C4 E-2,3,M
19,G#4 C5 E-3 E-4 E-2,3,M
19.25,G#4 C5 E-3 E-4 B-4 G4 E-2,3,M
19.5,G#4 C5 E-3 E-4 F4 E-2,3,M
19.75,G#4 C5 E-3 E-4 G4 E-2,3,M
20,G#4 C5 E-3 E-4 F4 D4 E-2,3,M
20.25,G#4 C5 E-3 E-4 C4 E-2,3,M
20.5,G#4 C5 E-3 E-4 D4 B-3 E-2,3,M
20.75,G#4 C5 E-3 E-4 C4 G#3 E-2,3,M
20.875,C4 G#3 E-2,3,M
21,G4 E-3 B-3 G3 G5 E-4 B-4 E-2,3,M
21.25,G4 E-3 G3 G5 E-4 B-4 E-2,3,M
21.5,G4 E-3 B-3 G5 E-4 B-4 E-2,3,M
21.75,G4 B-4 E-3 E-4 B-3 G5 E-2,3,M
21.875,G4 B-4 E-3 E-4 B-3 G5 E-2,3,M
22,G4 B-4 E-3 E-4 B-3 G5 E-2,3,M
22.25,G4 B-4 E-3 E-4 B-3 G5 E-2,3,M
22.5,G4 B-4 E-3 E-4 B-3 G5 E-2,3,M
22.75,G4 B-4 E-3 E-4 B-3 G5 E-2,3,M
23,G4 B-4 E-3 E-4 E-2,3,M
23.25,G4 B-4 E-3 E-4 G#4 F4 E-2,3,M
23.5,G4 B-4 E-3 E-4 E-5 E-2,3,M
23.75,G4 B-4 E-3 E-4 F4 D4 E-5 E-2,3,M
24,G4 B-4 E-3 E-4 C4 G5 E-2,3,M
24.25,G4 B-4 E-3 E-4 D4 B-3 G5 E-2,3,M
24.5,G4 B-4 E-3 E-4 C4 G#3 B-5 E-2,3,M
24.75,G4 B-4 E-3 E-4 B-3 G3 B-5 E-2,3,M
24.875,B-3 G3 B-5 E-2,3,M
25,G#4 D5 B-3 F4 D4 F3 G#5 B-1,3,M
25.25,G#4 D5 B-3 F4 D4 F3 G#5 B-1,3,M
25.5,G#4 D5 B-3 F4 D4 F3 F5 B-1,3,M
25.75,G#4 D5 B-3 F4 D4 F3 F5 B-1,3,M
26,G#4 D5 B-3 F4 G#3 F5 B-1,3,M
26.25,G#4 D5 B-3 F4 G#3 F5 B-1,3,M
26.375,G#4 D5 B-3 F4 G#3 B-1,3,M
26.5,G#4 D5 B-3 F4 G#3 B-1,3,M
26.75,G#4 B-3 F4 G#3 D5 B-1,3,M
27,G#4 B-3 F4 D4 F3 D5 B-1,3,M
27.25,G#4 D5 B-3 F4 D4 F3 B-1,3,M
27.375,G#4 D5 B-3 F4 D4 F3 B-1,3,M
27.5,G#4 D5 B-3 F4 D4 F3 B-4 B-1,3,M
27.75,G#4 D5 B-3 F4 D4 F3 B-4 B-1,3,M
28,G#4 D5 B-3 F4 D4 B-4 B-1,3,M
28.25,G#4 D5 B-3 F4 D4 B-4 B-1,3,M
28.375,G#4 D5 B-3 F4 D4 B-1,3,M
28.5,G#4 D5 B-3 F4 D4 B-1,3,M
28.75,G#4 D5 B-3 F4 D4 B-1,3,M
28.875,F4 D4 G#4 B-1,3,M
29,G4 E-5 B-3 E-4 E-2,3,M
29.25,G4 E-5 B-3 E-4 E-2,3,M
29.5,G4 E-5 B-3 E-4 F4 E-2,3,M
29.75,G4 E-5 B-3 E-4 E-2,3,M
29.875,E-4 G4 E-2,3,M
30,G#4 D5 B-3 F4 D4 F2,3,M
30.25,G#4 D5 B-3 F4 D4 B-4 F2,3,M
30.5,G#4 D5 B-3 F4 C5 F2,3,M
30.75,G#4 D5 B-3 F4 F2,3,M
30.875,G#4 D5 F2,3,M
31,E-5 E-4 G4 B-4 G2,3,M
31.25,B-4 E-5 E-4 G4 F5 G2,3,M
31.5,B-4 E-5 E-4 G4 G5 E-2,3,M
31.75,B-4 E-5 E-4 G4 G#5 E-2,3,M
32,B-4 E-5 E-4 G4 B-5 G2,3,M
32.25,B-4 E-5 E-4 G4 G5 G2,3,M
32.375,E-5 E-4 G5 G2,3,M
32.5,A4 E-5 F4 E-4 F5 C3,3,M
32.75,A4 E-5 F4 E-4 C3,3,M
33,D5 B-3 F4 B-5 D4 B-4 B-2,3,M
34,B-4 B-2 B-3 B-1,3,M
34.75,B-4 B-2 B-3 B-1,3,M
35,B-4 B-2 B-3 B-1,3,M
37,B-4 E-2,3,M
37.5,G4 E-4 B-4 E-2,3,M
37.875,G4 E-4 B-4,3,M
38,G4 B-4,3,M
38.5,G4 E-4 B-4,3,M
39,G4 B-4,3,M
39.5,G4 E-4 B-4,3,M
39.875,G4 E-4,3,M
40,B-4 G4 E-5,3,M
40.5,G4 E-4 E-5,3,M
40.875,G4 E-4,3,M
41,G4 E-2,3,M
41.5,B-3 E-3 G4 E-2,3,M
41.875,B-3 E-3 G4,3,M
42,E-4 G3 G4,3,M
42.5,B-3 E-3 G4,3,M
43,E-4 G3 G4,3,M
43.5,B-3 E-3 G4,3,M
43.875,B-3 E-3,3,M
44,E-4 G3 B-4,3,M
44.5,B-3 E-3 B-4,3,M
44.875,B-3 E-3,3,M
45,B-3 G3 E-4 E-2,3,M
45.875,G3,3,M
46,G3 E-4 C3,3,M
46.875,E-4,3,M
47,E-4 C4 F4 G#2,3,M
47.875,F4,3,M
48,D4 B-3 F4 B-2,3,M
48.375,D4 B-3 B-2,3,M
48.5,D4 B-3 G4 B-2,3,M
48.75,D4 B-3 G#4 B-2,3,M
48.875,G#4,3,M
49,E-5 G3 E-4 B-3 G4 E-2,3,M
50,E-5 G3 E-4,3,M
51,D5 F5 B-3 F4,3,M
52.375,B-3 F4,3,M
52.5,E-5 G5 B-3 F4,3,M
52.75,F5 G#5 B-3 F4,3,M
52.875,F5 G#5,3,M
53,E-5 G5 E-4 G4 B-4 E-2,3,M
53.5,E-5 G5 E-4 G4 B-4 E-2,3,M
53.875,G4 E-4 B-4,3,M
54,G4 B-4,3,M
54.5,G4 E-4 B-4,3,M
55,G4 B-4,3,M
55.5,G4 E-4 E-5,3,M
56,B-4 G4 D5,3,M
56.5,G4 E-4 E-5,3,M
57,G4 E-2,3,M
57.5,B-3 E-3 G4 E-2,3,M
57.875,B-3 E-3 G4,3,M
58,E-4 G3 G4,3,M
58.5,B-3 E-3 G4,3,M
59,E-4 G3 G4,3,M
59.5,B-3 E-3 B-4,3,M
60,E-4 G3 A4,3,M
60.5,B-3 E-3 B-4,3,M
61,B-3 G3 E-4 E-2,3,M
61.5,B-3 G3 E-4 E-2,3,M
61.875,G3 E-4,3,M
62,G3 E-4 C3,3,M
62.5,G3 E-4 C3,3,M
62.875,E-4,3,M
63,E-4 C4 F4 G#2,3,M
63.875,F4,3,M
64,D4 B-3 F4 B-2,3,M
64.375,D4 B-3 B-2,3,M
64.5,D4 B-3 G4 B-2,3,M
64.75,D4 B-3 G#4 B-2,3,M
64.875,G#4,3,M
65,E-5 G3 E-4 B-3 G4 E-2,3,M
65.5,E-5 G3 E-4 B-3 G4 E-2,3,M
65.875,E-5 G3 E-4,3,M
66,E-5 G3 E-4,3,M
66.5,E-5 G3 E-4,3,M
67,D5 F5 B-3 F4,3,M
68.375,B-3 F4,3,M
68.5,E-5 G5 B-3 F4,3,M
68.75,F5 G#5 B-3 F4,3,M
68.875,F5 G#5,3,M
69,E-5 G5 E-4 G4 E-2,3,M
69.5,E-5 G5 E-4 G4 E-2,3,M
69.875,E-4 G4 E-2,3,M
70,E-4 G4 E-2,3,M
70.5,E-4 G4 E-2,3,M
71,F4 E-4 G#4 E-2,3,M
71.5,F4 E-4 G#4 E-2,3,M
71.875,F4 G#4 E-2,3,M
72,F4 D4 G#4 E-2,3,M
72.375,D4 E-2,3,M
72.5,G4 D4 B-4 E-2,3,M
72.75,G#4 D4 C5 E-2,3,M
72.875,G#4 C5 E-2,3,M
73,E-3 E-4 G4 C#4 B-4 E-2,3,M
73.5,E-3 E-4 G4 B-3 B-4 E-2,3,M
74,E-3 E-4 G4 G#3 B-4 E-2,3,M
74.375,E-3 E-4 G#3 E-2,3,M
74.5,E-3 E-4 G#4 G3 C5 E-2,3,M
74.75,E-3 E-4 B-4 G3 C#5 E-2,3,M
75,E-3 E-4 G#4 C5 E-2,3,M
75.5,E-3 E-4 G#4 C4 C5 E-2,3,M
76,E-3 E-4 G#4 B-3 C5 E-2,3,M
76.375,E-3 E-4 B-3 E-2,3,M
76.5,E-3 E-4 B-4 G#3 D5 E-2,3,M
76.75,E-3 E-4 C5 G#3 E-5 E-2,3,M
76.875,C5 G#3 E-5 E-2,3,M
77,D5 G#5 E-3 E-4 G#4 F4 E-2,3,M
77.25,D5 G#5 E-3 E-4 G#4 F4 E-5 E-2,3,M
77.5,D5 G#5 E-3 E-4 G#4 F4 E-2,3,M
77.75,D5 G#5 E-3 E-4 G#4 F4 C5 E-2,3,M
78,D5 G#5 E-3 E-4 G#4 F4 E-2,3,M
78.25,D5 G#5 E-3 E-4 G#4 F4 E-5 E-2,3,M
78.375,D5 G#5 E-3 E-4 E-5 E-2,3,M
78.5,D5 G#5 E-3 E-4 G#4 F4 F5 E-2,3,M
78.75,D5 G#5 E-3 E-4 G#4 F4 G5 E-2,3,M
79,D5 G#5 E-3 E-4 F4 B-3 G#4 E-2,3,M
79.25,D5 G#5 E-3 E-4 F4 B-3 G#4 G5 E-2,3,M
79.5,D5 G#5 E-3 E-4 F4 B-3 G#4 E-2,3,M
79.75,G#5 E-3 E-4 F4 D5 B-3 G#4 G5 E-2,3,M
80,G#5 E-3 E-4 F4 D5 B-3 G#4 E-2,3,M
80.25,D5 G#5 E-3 E-4 F4 B-3 G#4 F5 E-2,3,M
80.375,D5 G#5 E-3 E-4 F5 E-2,3,M
80.5,D5 G#5 E-3 E-4 F4 B-3 G#4 E-5 E-2,3,M
80.75,D5 G#5 E-3 E-4 F4 B-3 G#4 E-2,3,M
80.875,F4 B-3 G#4 D5 E-2,3,M
81,E-5 G5 E-3 E-4 G4 B-5 E-2,3,M
81.25,E-5 G5 E-3 E-4 G4 B-5 E-2,3,M
81.5,E-5 G5 E-3 E-4 G4 E-2,3,M
81.75,E-5 G5 E-3 E-4 G4 E-2,3,M
81.875,E-4 E-5 G4 G5 E-2,3,M
82,G5 B-5 E-3 E-4 G4 E-5 E-2,3,M
82.25,G5 B-5 E-3 E-4 G4 E-5 E-2,3,M
82.5,G5 B-5 E-3 E-4 E-5 G4 B-4 E-2,3,M
82.75,G5 B-5 E-3 E-4 E-5 G#4 B-4 E-2,3,M
82.875,E-4 E-5 G#4 B-4 E-2,3,M
83,G#5 C6 E-3 E-4 E-5 G#4 C5 G#2,3,M
83.25,G#5 C6 E-3 E-4 E-5 G#4 C5 G#2,3,M
83.5,G#5 C6 E-3 E-4 G#4 E-5 G#2,3,M
83.75,G#5 C6 E-3 E-4 G#4 E-5 G#2,3,M
83.875,E-4 G#4 E-5 G#2,3,M
84,C5 E-3 E-4 E-5 G#4 G#5 G#2,3,M
84.25,C5 G#5 E-3 E-4 E-5 G#4 G#2,3,M
84.5,C5 G#5 E-3 E-4 E-5 G#4 C6 G#2,3,M
84.75,C5 G#5 E-3 E-4 E-5 C6 G#2,3,M
84.875,E-4 E-5 C6 G#2,3,M
85,E-5 G5 E-4 G4 B-3 B-2,3,M
85.25,E-5 G5 E-4 G4 B-3 B-2,3,M
85.5,E-5 G5 E-4 G4 B-3 B-2,3,M
85.75,E-5 G5 E-4 G4 B-3 B-2,3,M
86,E-5 G5 E-4 G4 B-3 B-2,3,M
86.25,E-5 G5 E-4 G4 B-3 B-2,3,M
86.5,E-5 G5 E-4 G4 B-3 B-2,3,M
86.75,E-5 G5 E-4 G4 B-3 B-2,3,M
86.875,E-5 G4 B-2,3,M
87,F5 B-3 F4 D5 G#4 G5 B-1,3,M
87.125,D5 F5 B-3 F4 G#4 B-1,3,M
87.25,D5 F5 B-3 F4 G#4 G5 B-1,3,M
87.375,D5 F5 B-3 F4 G#4 B-1,3,M
87.5,D5 F5 B-3 F4 G#4 G5 B-1,3,M
87.625,D5 F5 B-3 F4 G#4 B-1,3,M
87.75,D5 F5 B-3 F4 G#4 G5 B-1,3,M
87.875,D5 F5 B-3 F4 G#4 B-1,3,M
88,D5 F5 B-3 F4 G#4 G5 B-1,3,M
88.125,D5 F5 B-3 F4 G#4 B-1,3,M
88.25,D5 F5 B-3 F4 G#4 G5 B-1,3,M
88.375,D5 F5 B-3 F4 G#4 B-1,3,M
88.5,D5 F5 B-3 F4 G#4 G5 B-1,3,M
88.625,D5 F5 B-3 F4 G#4 B-1,3,M
88.75,D5 F5 B-3 F4 G#4 E-5 B-1,3,M
88.875,D5 G#4 F5 B-1,3,M
89,G3 E-4 G4 E-5 E-2,3,M
90,B-4 G5 B-5,3,M
91,E-5 G5 E-4 G4 B-4 B-5 B-2,3,M
91.375,E-5 G5 E-4 G4 B-4 B-2,3,M
91.5,E-5 G5 E-4 G4 F5 B-4 G#5 B-2,3,M
91.75,E-5 G5 E-4 G4 B-4 B-2,3,M
91.875,E-4 G4 E-5 G5,3,M
92,D5 F5 B-3 F4 E-5 B-4 G5 B-1,3,M
92.25,D5 F5 B-3 F4 G#4 B-1,3,M
92.5,D5 F5 B-3 F4 C5 G4 E-5 B-1,3,M
92.75,D5 F5 B-3 F4 G#4 B-1,3,M
92.875,B-3 F4 D5 G#4 F5,3,M
93,G3 E-4 G4 E-5 E-2,3,M
94,E-3 B-3 G3 E-4 E-2,3,M
94.75,E-3 B-3 G3 E-4 E-2,3,M
95,E-3 B-3 G3 E-4 E-2,3,M
97,G3 E-4 E-5 E-2,3,M
97.25,E-4 B-3 E-5 E-2,3,M
97.5,E-4 E-5 E-2,3,M
97.75,E-4 B-3 E-5 E-2,3,M
98,E-4 G3 E-5 E-2,3,M
98.25,E-4 B-3 E-5 E-2,3,M
98.5,E-4 E-5 E-2,3,M
98.75,E-4 B-3 E-5 E-2,3,M
99,E-4 G3 E-5 E-2,3,M
99.25,E-4 B-3 E-5 E-2,3,M
99.5,E-4 E-5 E-2,3,M
99.75,E-4 B-3 E-5 E-2,3,M
100,E-4 G3 E-5 E-2,3,M
100.25,E-4 B-3 E-5 E-2,3,M
100.5,E-4 E-5 E-2,3,M
100.75,E-4 B-3 E-5 E-2,3,M
100.875,B-3 E-4 E-2,3,M
101,D4 G#3 E-4 D5 E-2,3,M
101.25,D4 B-3 E-4 D5 E-2,3,M
101.5,D4 F4 E-4 D5 E-2,3,M
101.75,D4 B-3 E-4 D5 E-2,3,M
102,D4 G#3 E-4 D5 E-2,3,M
102.25,D4 B-3 E-4 D5 E-2,3,M
102.5,D4 F4 E-4 D5 E-2,3,M
102.75,D4 B-3 E-4 D5 E-2,3,M
103,D4 G#3 E-4 D5 E-2,3,M
103.25,D4 B-3 E-4 D5 E-2,?,?
103.5,D4 F4 E-4 D5 E-2,?,?
103.75,D4 B-3 E-4 D5 E-2,?,?
103.875,B-3 E-4 E-2,?,?
104,G3 E-4 E-5 E-2,?,?
104.25,E-4 B-3 E-5 E-2,?,?
104.5,E-4 E-5 E-2,?,?
104.75,E-4 B-3 E-5 E-2,?,?
104.875,B-3 E-4 E-2,?,?
105,C4 F4 D4 C5 D2,?,?
105.5,B-3 F4 D4 B-4 D2,3,M
106,B-3 F4 D4 B-4 D2,3,M
106.25,B-3 F4 D4 D2,3,M
106.5,B-3 F4 D4 B-4 D2,3,M
106.75,B-3 F4 D4 D2,3,M
107,B-3 F4 D4 B-4 D2,3,M
107.25,C4 F4 D4 B-4 D2,3,M
107.5,D4 F4 B-4 D2,3,M
107.75,E-4 F4 D4 B-4 D2,3,M
108,F4 D4 G#4 D2,3,M
108.25,G4 F4 D4 G#4 D2,3,M
108.5,G#4 F4 D4 D2,3,M
108.75,B-4 F4 D4 G#4 D2,3,M
109,G4 E-4 E-2,3,M
109.375,E-4 G4 E-2,3,M
110,B-4,3,M
110.5,E-4 E-2,3,M
111,B-3 B-1,3,M
111.5,E-4 E-2,8,M
112,G#3 G#1,8,M
112.5,E-4 E-2,8,M
113,E-3 G3 G1,8,M
113.5,E-3 B-3 G3 E-4 G1,8,M
113.875,E-3 B-3 G3 E-4,8,M
114,E-3 B-3 G3 E-4,8,M
114.5,E-3 B-3 G3 E-4,8,M
114.875,B-3 G3 E-4,8,M
115,E-4 G1,8,M
115.5,E-4 B-3 E-3 G1,8,M
115.875,E-4 B-3 E-3,8,M
116,E-4 B-3 E-3,8,M
116.375,B-3 E-3 E-4,8,M
116.5,B-3 E-3 C#4,8,M
117,C#4 G#1,8,M
117.5,G#3 E-3 C4 G#1,8,M
117.875,G#3 E-3 C4,8,M
118,C4 G#3 E-3,8,M
118.5,C4 G#3 E-3,8,M
119,C4 G#1,8,M
119.5,C4 G#3 F3 G#1,3,M
119.875,G#3 F3 C4,3,M
120,G#4 G#3 F3 C4,3,M
120.5,F4 G#3 F3 C4,3,M
121,E-4 B-3 F3 D4 G#1,3,M
121.5,D4 B-3 F3 G#1,3,M
122,D4 B-3 F3 G#1,3,M
122.875,B-3,3,M
123,E-4 B-3 G3 G1,3,M
123.25,F4 B-3 G3 E-4 G1,3,M
123.5,G4 B-3 G3 E-4 G1,3,M
123.75,G#4 B-3 G3 E-4 G1,3,M
123.875,G#4,3,M
124,B-4,3,M
124.25,C5,3,M
124.5,D5,3,M
124.75,E-5,3,M
125,G4 B-4,3,M
125.5,F4 G#4,3,M
126,E-4 G4,3,M
126.75,E-4 C4 G4 G#2,3,M
127,E-4 B-3 G4 B-2,3,M
128,D4 B-3 F4 B-1,3,M
129,G4 B-3 E-4 E-2,3,M
129.25,F4 B-3 E-4 E-2,3,M
129.5,E-4 B-3 E-2,3,M
129.75,F4 B-3 E-4 E-2,3,M
130,E-4,3,M
130.25,E-4 E-5 E-3,3,M
130.5,E-4 D5 D3,3,M
130.75,E-4 C5 C3,3,M
130.875,C5 C3,3,M
131,B-4 B-2,3,M
131.25,C5 C3,3,M
131.5,B-4 B-2,3,M
131.75,G#4 G#2,3,M
132,G4 G2,3,M
132.25,G#4 G#2,3,M
132.5,G4 G2,3,M
132.75,F4 F2,3,M
133,E-3 E-4 E-2,3,M
134,G3,3,M
135,E-3,3,M
135.5,E-3 E-2,3,M
135.75,E-3 F2,3,M
135.875,F2,3,M
136,B-3 G3 E-4 G2,3,M
136.5,B-3 G3 E-4 E-2,3,M
136.875,E-2,3,M
137,B-3 F4 D4 B-4 D2,3,M
138,D4,3,M
139,B-3,3,M
139.5,B-3 D2,3,M
139.75,B-3 E-2,3,M
139.875,E-2,3,M
140,F4 D4 B-4 F2,3,M
140.5,F4 D4 B-4 D2,3,M
140.875,D2,3,M
141,E-3 G4 C4 E-5 C2,3,M
141.5,E-3 G4 C4 E-5 C2,3,M
141.875,G4 C4 E-5 C2,3,M
142,E-4 G4 C4 E-5 C2,3,M
142.5,E-4 G4 C4 E-5 C2,10,M
143,E-4 G4 C4 E-5 C3,10,M
143.5,E-4 G4 C4 E-5 C3,10,M
143.875,G4 C4 E-5 C3,10,M
144,F4 G4 C4 E-5 B-2,10,M
144.5,G4 C4 E-5 B-2,10,M
144.875,G4 C4 E-5 B-2,10,M
145,G4 F4 C4 E-5 A2,10,M
145.5,F4 C4 E-5 A2,10,M
145.875,F4 C4 E-5 A2,10,M
146,F4 A4 C4 E-5 F2,10,M
146.5,F4 A4 C4 E-5 F2,3,M
146.875,F4 E-5 F2,3,M
147,F4 B-4 E-5 G2,3,M
147.5,F4 B-4 E-5 G2,3,M
147.875,F4 E-5 G2,3,M
148,E-4 C5 F4 E-5 A2,3,M
148.5,E-4 C5 F4 E-5 A2,3,M
148.875,A2,3,M
149,D4 B-4 F4 D5 B-2,3,M
149.25,B-3 B-4 F4 D5 B-2,3,M
149.5,C4 B-4 F4 D5 B-2,3,M
149.75,D4 B-4 F4 D5 B-2,3,M
149.875,D4 B-4 F4 B-2,3,M
150,E-4 B-4 F4 B-2,3,M
150.25,F4 B-4 B-2,3,M
150.5,G4 B-4 F4 B-2,3,M
150.75,G#4 B-4 F4 B-2,3,M
151,B-4 F4 G#2,3,M
151.5,B-4 F4 D5 G#2,3,M
151.75,B-4 F4 E-5 G#2,3,M
151.875,B-4 F4 E-5 G#2,3,M
152,B-4 F4 G5 G#2,3,M
152.25,B-4 F4 F5 G#2,3,M
152.5,B-4 F4 E-5 G#2,3,M
152.75,B-4 F4 D5 G#2,3,M
153,E-4 B-4 G4 E-5 G2,3,M
153.25,B-3 B-4 G4 E-5 G2,3,M
153.5,C4 B-4 G4 E-5 G2,3,M
153.75,D4 B-4 G4 E-5 G2,3,M
153.875,D4 B-4 G4 G2,3,M
154,E-4 B-4 G4 G2,3,M
154.25,F4 B-4 G4 G2,3,M
154.5,G4 B-4 G2,3,M
154.75,G#4 B-4 G4 G2,3,M
155,B-4 G4 G2,3,M
155.5,B-4 G4 E-5 G2,3,M
155.75,B-4 G4 F5 G2,3,M
155.875,B-4 G4 F5 G2,3,M
156,B-4 G4 G#5 G2,3,M
156.25,B-4 G4 G5 G2,3,M
156.5,B-4 G4 F5 G2,3,M
156.75,B-4 G4 E-5 G2,3,M
157,F4 B-4 G#4 F5 D2,3,M
157.25,B-3 B-4 G#4 F5 D2,3,M
157.5,C4 B-4 G#4 F5 D2,3,M
157.75,D4 B-4 G#4 F5 D2,3,M
157.875,D4 B-4 G#4 D2,3,M
158,E-4 B-4 G#4 D2,3,M
158.25,F4 B-4 G#4 D2,3,M
158.5,G4 B-4 G#4 D2,3,M
158.75,A4 B-4 G#4 D2,3,M
159,B-4 G#4 D2,3,M
159.5,G#4 B-4 F4 G#5 D2,3,M
160,B-4 G4 G5 D2,3,M
160.5,F4 B-4 G#4 F5 D2,3,M
161,F#4 B-4 G#4 F#5 E-2,3,M
161.5,B-4 G4 G5 E-2,3,M
162,G4 B-4 G5 E-2,3,M
162.5,G4 B-4 G5 E-2,3,M
163,G4 B-4 E-4 G5 E-2,3,M
163.5,G4 B-4 E-4 G5 E-2,3,M
163.875,B-4 E-4 G5 E-2,3,M
164,F4 B-4 D4 F5 F2,3,M
164.5,F4 B-4 D4 F5 F2,3,M
164.875,B-4 D4 F5 F2,3,M
165,F4 B-4 D4 F5 G2,3,M
165.5,B-4 E-4 E-5 G2,3,M
166,E-4 B-4 E-5 G2,3,M
166.5,E-4 B-4 E-5 G2,3,M
167,E-4 B-4 E-5 G2,3,M
167.5,E-4 B-4 E-5 G2,3,M
167.875,B-4 E-4 E-5 G2,3,M
168,D4 G#4 B3 D5 F2,3,M
168.5,D4 G#4 B3 D5 F2,3,M
168.875,G#4 B3 D5 F2,3,M
169,C4 G4 C5 E-2,3,M
169.25,G4 C4 C5 E-2,3,M
169.5,E-4,3,M
170,E-4 G4 C4 C5 E-2,3,M
170.375,G4 C4 C5 E-2,10,M
170.5,G4,10,M
171,G4 C4 C5 E-2,10,M
171.375,G4 C4 C5 E-2,10,M
171.5,C5,10,M
172,C5 G4 C4 B-4 E2,10,M
172.375,G4 C4 B-4 E2,10,M
172.5,B-4,10,M
173,B-4 F4 C4 A4 F2,10,M
173.25,A4 F4 C4 F2,10,M
173.5,G4 F4 C4 A4 F1,10,M
173.75,F4 C4 A4 F1,10,M
173.875,F4 F1,10,M
174,F4 A3 F3 C4 F1,10,M
174.5,F4 A3 F3 C4 F1,10,M
175,F4 A3 F3 C4 F1,10,M
175.5,F4 A3 F3 C4 E-2,10,M
175.875,A3 F3 C4 E-2,10,M
176,B-3 F3 D4 D2,10,M
176.5,C4 F3 E-4 C2,10,M
177,F4 D4 F3 B-1,10,M
177.5,F4 B-3 F3 D4 B-1,10,M
177.875,F4 B-3 D4,10,M
178,F4 D4,10,M
178.5,F4 B-3 D4,10,M
179,F4 D4,10,M
179.5,F4 B-3 D4,10,M
179.875,B-3 D4,10,M
180,B-4 D4 F4,10,M
180.5,B-4 B-3 D4,10,M
180.875,B-3 D4,10,M
181,D4 F3 B-1,10,M
181.5,D4 B-3 F3 B-1,10,M
181.875,D4 B-3,10,M
182,D4 F4,10,M
182.5,D4 B-3,10,M
183,D4 F4,10,M
183.5,D4 B-3,10,M
183.875,B-3 D4,10,M
184,F4 D4,10,M
184.5,F4 B-3 D4,10,M
184.875,B-3 D4,10,M
185,B-3 D4,10,M
185.6666667,B-3 D4,10,M
186,B-3 D3 D4 G2,10,M
186.6666667,B-3 D3 D4 G2,10,M
186.875,B-3,10,M
187,B-3 G3 C4 E-2,10,M
187.875,C4,10,M
188,C4 A3 F3 F2,10,M
188.375,A3 F3 C4 F2,10,M
188.5,D4 A3 F3 C4 F2,10,M
188.75,E-4 A3 F3 C4 F2,10,M
188.875,E-4,10,M
189,B-4 F4 B-3 F3 D4 B-1,10,M
190,D4 B-4 B-3 F4,10,M
191,A4 C5 F4,10,M
192.375,F4,10,M
192.5,B-4 D5 F4,10,M
192.75,C5 E-5 F4,10,M
192.875,C5 E-5,10,M
193,B-4 D5 B-3 F4 F5 B-2,10,M
193.5,B-4 D5 B-3 F4 D4 F5 B-2,10,M
193.875,F4 D4 B-3 F5,10,M
194,F4 D4 F5,10,M
194.5,F4 D4 B-3 F5,10,M
195,F4 D4 F5,10,M
195.5,G4 D4 B-3 G5,10,M
196,A4 F4 D4 A5,10,M
196.5,B-4 D4 B-3 B-5,10,M
197,B-4 B-5 B-1,10,M
197.5,B-4 B-3 F3 B-5 B-1,10,M
197.875,B-3 F3,10,M
198,D4 B-3 D5,10,M
198.5,D4 B-3 F3 D5,10,M
199,D4 B-3 D5,10,M
199.375,D4 B-3,10,M
199.5,E-4 B-3 F3 E-5,10,M
200,E4 D4 B-3 E5,10,M
200.5,F4 B-3 F3 F5,10,M
201,B-3 B-4,10,M
201.5,B-3 B-4,?,?
201.6666667,B-4,?,?
202,B-3 D4 B-4 G2,?,?
202.5,B-3 D4 B-4 G2,?,?
202.6666667,D4 B-4 G2,?,?
202.875,B-4,?,?
203,C4 B-4 G4 C5 E-2,?,?
203.875,C4 C5,?,?
204,C4 A4 F4 C5 F2,?,?
204.375,A4 F4 F2,3,M
204.5,D4 A4 F4 D5 F2,3,M
204.75,E-4 A4 F4 E-5 F2,3,M
204.875,E-4 E-5,3,M
205,B-2 B-3 D4 B-4 F4 D5 B-1,3,M
205.875,B-2 B-3,3,M
206,C5 E-5 B-2 B-3 E-4 C4,3,M
206.875,B-2 B-3,3,M
207,D5 F5 B-2 B-3 F4 D4,3,M
208.375,B-2 B-3,3,M
208.5,E-5 G5 B-2 B-3 G4 E-4,3,M
208.75,F5 G#5 B-2 B-3 G#4 F4,3,M
208.875,F5 G#5 G#4 F4,3,M
209,E-5 E-3 G4 E-4 G5,3,M
209.5,E-5 E-3 G4 C4 G5,3,M
209.875,G4 C4,3,M
210,E-4 G4 E-5 E-2,3,M
210.25,E-4 G4 E-5 E-2,3,M
210.5,E-4 G4 E-5 E-2,3,M
210.75,E-4 G4 E-5 E-2,3,M
210.875,E-4 G4 E-5,3,M
211,E-4 G4 E-5 G2,3,M
211.5,E-4 G4 C4 E-5 G2,3,M
211.875,G4 C4,3,M
212,B3 G4 D4 B4 F2,3,M
212.25,B3 G4 B4 F2,10,M
212.5,B3 G4 D4 B4 F2,10,M
212.75,B3 G4 B4 F2,10,M
212.875,G4,10,M
213,C4 G4 E-4 C5 E-2,10,M
213.5,C4 D4 E-4 D5 E-2,10,M
213.875,D4 D5,10,M
214,E-4 E-5,10,M
214.5,F4 F5,10,M
215,G4 G5,10,M
215.5,B-4 G4 G5,10,M
215.875,B-4,10,M
216,A4,10,M
216.5,G4,10,M
217,D4 F4 F5,10,M
217.5,F4 B-3 F5,10,M
217.875,B-3 F4,10,M
218,D4 F4 D5 D2,10,M
218.25,D4 F4 D5 D2,10,M
218.5,D4 F4 D5 D2,10,M
218.75,D4 F4 D5 D2,10,M
218.875,D4 F4 D5,10,M
219,D4 F4 D5 F2,10,M
219.5,D4 B-3 F4 D5 F2,10,M
219.875,B-3 F4,10,M
220,A3 C4 F4 A4 E-2,10,M
220.25,A3 F4 A4 E-2,10,M
220.5,A3 C4 F4 A4 E-2,10,M
220.75,A3 F4 A4 E-2,10,M
220.875,F4,10,M
221,B-3 D4 F4 B-4 D2,10,M
221.25,D4 F4 B-4 D2,10,M
221.5,C4 D4 F4 B-4 D2,10,M
221.75,D4 F4 B-4 D2,10,M
222,D4,10,M
222.5,E-4,10,M
223,F4,10,M
223.5,F4 B-4 B-5,10,M
223.875,B-4 B-5,10,M
224,D4 D5,10,M
224.5,F4 F5,10,M
225,E-4 A3 E-5 C2,10,M
225.25,F4 E-4 A3 E-5 C2,10,M
225.5,G4 E-4 A3 E-5 C2,10,M
225.75,E-4 A3 E-5 C2,10,M
225.875,E-4,10,M
226,C4,10,M
226.25,D4,10,M
226.5,E-4,10,M
226.75,C4,10,M
227,A3,10,M
227.5,A3 A4 F4 E-5 C3,10,M
227.875,A4 F4 E-5 C3,10,M
228,C5 F4 E-5 A2,10,M
228.5,A4 F4 E-5 F2,10,M
229,D4 B-4 F4 D5 B-2,10,M
229.25,E-4 B-4 F4 D5 B-2,10,M
229.5,F4 B-4 D5 B-2,10,M
229.75,D4 B-4 F4 D5 B-2,10,M
229.875,D4,10,M
230,B-3,10,M
230.25,C4,10,M
230.5,D4,10,M
230.75,B-3,10,M
231,G3,10,M
231.5,G3 E-4 B-3 G4 E-2,10,M
231.875,E-4 B-3 G4 E-2,10,M
232,E-4 B-3 G4 E-2,10,M
232.5,E-4 B-3 G4 D2,10,M
233,B-3 E-4 C4 B-4 C2,10,M
233.5,A3 E-4 C4 A4 C3,10,M
234,A3 E-4 C4 A4 C3,10,M
234.375,A3 E-4 C4 C3,10,M
234.5,A3 E-4 C4 A4 C3,10,M
235,A3 E-4 C4 A4 C3,10,M
235.375,E-4 C4 C3,10,M
235.5,D4 B-3 B-4 B-2,10,M
236,C4 A3 C5 A2,10,M
236.5,D4 B-3 G3 D5 G2,10,M
237,F4 A3 F3 F5 F2,10,M
237.5,E-4 A3 F3 E-5 F2,10,M
237.875,E-4 E-5 F2,10,M
238,E-4 A4 C4 E-5 F2,10,M
238.375,E-4 A4 C4 F2,10,M
238.5,E-4 A4 C4 E-5 F2,10,M
239,E-4 A4 C4 E-5 F2,10,M
239.25,D4 A4 C4 E-5 F2,10,M
239.375,D4 A4 C4 F2,10,M
239.5,C4 A4 E-5 F2,10,M
239.75,D4 A4 C4 E-5 F2,10,M
239.875,D4 E-5 F2,10,M
240,E-4 A4 C4 E-5 E-2,10,M
240.25,F4 A4 C4 E-5 E-2,10,M
240.375,F4 A4 C4 E-2,10,M
240.5,G4 A4 C4 C5 E-2,10,M
240.75,A4 C4 C5 E-2,10,M
240.875,A4 C5 E-2,10,M
241,B-4 D4 F5 D2,10,M
242,G4,10,M
242.25,F4,10,M
242.5,E-4,10,M
242.75,D4,10,M
243,G4 C5 E-4 E-5 E-2,10,M
244,F4,10,M
244.25,E-4,10,M
244.5,D4,10,M
244.75,C4,10,M
245,F4 F2,10,M
245.5,B-4 F4 D5 F2,10,M
246,F4 B-4 D5 F2,10,M
246.375,B-4 F4 D5 F2,10,M
246.5,B-3 B-4 F4 D5 F2,10,M
247,D4 B-4 F4 C5 F2,10,M
247.125,C4 B-4 F4 C5 F2,10,M
247.25,D4 B-4 F4 C5 F2,10,M
247.375,C4 B-4 F4 C5 F2,10,M
247.5,D4 B-4 F4 C5 F2,10,M
247.625,C4 B-4 F4 C5 F2,10,M
247.75,D4 B-4 F4 C5 F2,10,M
247.875,C4 B-4 C5 F2,10,M
248,D4 A4 E-4 C5 F2,10,M
248.125,C4 A4 E-4 C5 F2,10,M
248.25,D4 A4 E-4 C5 F2,10,M
248.375,C4 A4 E-4 C5 F2,10,M
248.5,D4 A4 E-4 C5 F2,10,M
248.625,C4 A4 E-4 C5 F2,10,M
248.75,B-3 A4 E-4 C5 F2,10,M
248.875,C4 A4 C5 F2,10,M
249,B-3 D4 B-4 B-1,10,M
250,B-2,10,M
250.75,C4 E-5 B-2,10,M
250.875,C4 E-5,10,M
251,B-3 D5,10,M
251.5,A3 C5,10,M
252,B-3 D5,10,M
252.5,C4 E-5,10,M
253,D4 B-4 F5 B-1,10,M
253.5,B-3 B-4 F5 B-1,10,M
253.875,B-3 B-4 F5,10,M
254,D4 B-4 F5 B-2,10,M
254.5,B-3 B-4 F5 B-2,10,M
254.875,B-3 B-4,10,M
255,E-4 B-4 G5 B-1,10,M
255.5,F4 B-4 A5 B-1,10,M
255.875,F4 B-4 A5,10,M
256,G4 B-4 B-5 B-2,10,M
256.5,E-4 B-4 G5 B-2,?,?
256.875,E-4 B-4 G5,?,?
257,D4 B-4 F5 B-1,?,?
257.5,B-3 B-4 F5 B-1,?,?
257.875,B-3 B-4 F5,?,?
258,D4 B-4 F5,?,?
258.5,F4 B-4 F5,?,?
258.875,F4,?,?
259,B-4 C#4 E5,?,?
259.5,B-4,?,?
260,B-4 C#4 E5,?,?
260.5,B-4,10,M
261,B-4 D4 F5,10,M
261.5,B-4,10,M
262,B-4 D4 F5,10,M
262.5,B-4,10,M
263,B-4 E4 G5,10,M
263.5,B-4,10,M
264,B-4 E4 G5,10,M
264.5,B-4,10,M
265,A4 F4 C5,10,M
265.875,A4 C5,10,M
266,A4 F3 C5,10,M
266.6666667,F3,10,M
266.75,C4 F3 E-5,10,M
266.875,C4 E-5,10,M
267,D4 B-3 D5,10,M
267.5,C4 A3 C5,10,M
268,D4 B-3 D5,10,M
268.5,E-4 C4 E-5,10,M
269,F4 D4 B-4 F5 B-1,10,M
269.5,F4 B-3 B-4 F5 B-1,10,M
269.875,F4 B-3 B-4 F5,10,M
270,F4 D4 B-4 F5 B-2,10,M
270.5,F4 B-3 B-4 F5 B-2,10,M
270.875,B-3 B-4,10,M
271,G4 E-4 B-4 G5 B-1,10,M
271.5,A4 F4 B-4 A5 B-1,10,M
271.875,A4 F4 B-4 A5,10,M
272,B-4 G4 B-5 B-2,10,M
272.5,G4 E-4 B-4 G5 B-2,10,M
272.875,G4 E-4 B-4 G5,10,M
273,F4 D4 B-4 F5 B-1,10,M
273.5,F4 B-3 B-4 F5 B-1,10,M
273.875,F4 B-3 B-4 F5,10,M
274,F4 D4 B-4 F5,10,M
274.5,F4 B-4 F5,?,?
274.875,F4,?,?
275,E4 B-4 B-3 E5 C#2,?,?
275.5,B-4 B-3,5,M
276,E4 B-4 B-3 E5 C#2,5,M
276.5,B-4 B-3,5,M
277,F4 B-4 B-3 F5 D2,5,M
277.5,B-4 B-3,5,M
278,F4 B-4 B-3 F5 D2,5,M
278.5,B-4 B-3,5,M
279,G4 B-4 B-3 G5 E2,5,M
279.5,B-4 B-3,5,M
280,G4 B-4 B-3 G5 E2,5,M
280.5,B-4 B-3,5,M
281,C4 A4 F4 C5 F2,5,M
283,B-3 E3 G4,5,M
284,B-3 E3 G4,5,M
285,A3 F3 C4,5,M
287,G4 B-4 B-3 G5 E2,5,M
288,G4 B-4 B-3 G5 E2,5,M
289,C4 A4 F4 C5 F2,5,M
290.875,F2,5,M
291,E-4 A3 E-5 F2,5,M
291.5,E-4 A3 F3 E-5 F2,5,M
291.875,A3 F3 F2,5,M
292,E-4 A3 E-5 F2,5,M
292.5,E-4 A3 F3 E-5 F2,10,M
292.875,F3 F2,10,M
293,D4 B-3 D5 F2,10,M
293.5,D4 B-3 F3 D5 F2,10,M
293.875,B-3 F3 F2,10,M
294,D4 B-3 D5 F2,10,M
294.5,D4 B-3 F3 D5 F2,10,M
294.875,F3 F2,10,M
295,E4 C4 E5 F2,10,M
295.5,E4 C4 F3 E5 F2,10,M
295.875,C4 F3 F2,10,M
296,G4 C4 G5 F2,10,M
296.5,F4 C4 F3 F5 F2,10,M
296.875,F4 F3 F5 F2,10,M
297,F4 D4 F5 F2,10,M
297.5,F4 D4 F3 F5 F2,10,M
298,F4 D4 F5 F2,10,M
298.375,D4 F2,10,M
298.5,F#4 D4 F3 F#5 F2,10,M
298.875,F#4 F3 F#5 F2,10,M
299,G4 E-4 G5 F2,10,M
299.5,A4 E-4 F3 A5 F2,10,M
300,B-4 E-4 B-5 F2,10,M
300.5,G4 E-4 F3 G5 F2,10,M
300.875,G4 F3 G5 F2,10,M
301,F4 D4 F5 F2,10,M
301.5,F4 D4 F3 F5 F2,10,M
302,F4 D4 F5 F2,10,M
302.5,F4 D4 F3 F5 F2,10,M
302.875,F3,10,M
303,E-4 C4 E-5,10,M
304,E-4 C4 E-5 A2,10,M
305,D4 B-3 D5 B-2,10,M
306,D4 B-3 D5 G2,10,M
306.6666667,D4 B-3 G2,10,M
306.75,D4 B-3 D5 G2,10,M
306.875,D5,10,M
307,C4 B-3 C5 E-2,10,M
307.5,B-3 C4 B-4 E-2,10,M
307.875,B-3 B-4,10,M
308,C4 A3 C5 F2,10,M
308.5,D4 C4 A3 D5 F2,10,M
308.875,D4 D5,10,M
309,B-3 B-4 B-1,10,M
309.5,B-3 B-4 B-1,10,M
309.875,B-3 B-4 B-1,10,M
310,C5,10,M
310.5,B-4 D5 B-2,3,M
311,G4 E-5 G2,3,M
311.25,G4 D5 G2,3,M
311.5,G4 E-5 G2,3,M
311.75,G4 F5 G2,3,M
311.875,F5,3,M
312,E-4 G5 E-2,3,M
312.25,E-4 F5 E-2,3,M
312.5,E-4 G5 E-2,3,M
312.75,E-4 A5 E-2,3,M
312.875,A5,3,M
313,D4 B-5 D2,3,M
313.5,B-3 D4 B-5 D2,3,M
314,C4,3,M
314.5,F4 D4 B-4 B-2,3,M
315,E-4 B-4 G4 E-5 G2,3,M
315.25,D4 B-4 G4 E-5 G2,3,M
315.5,E-4 B-4 G4 E-5 G2,3,M
315.75,F4 B-4 G4 E-5 G2,3,M
315.875,F4,3,M
316,G4 E-5 B-4 G5 E-2,3,M
316.25,F4 E-5 B-4 G5 E-2,3,M
316.5,G4 E-5 B-4 G5 E-2,3,M
316.75,A4 E-5 B-4 G5 E-2,3,M
316.875,A4,3,M
317,F5 B-4 B-5 D2,3,M
318,G4,3,M
318.25,F4,3,M
318.5,E-4,3,M
318.75,D4,3,M
319,G4 B-4 E-4 G5 E-2,3,M
320,F4,10,M
320.25,E-4,10,M
320.5,D4,10,M
320.75,C4,10,M
321,F4 B-4 D5 F2,10,M
321.5,F4 B-4 D5 F2,10,M
321.875,B-4 F4 D5 F2,10,M
322,F4 B-4 D5 F2,10,M
322.5,F4 B-4 D5 F2,10,M
323,F4 B-4 D5 F2,10,M
323.25,D4 B-4 F4 D5 F2,10,M
323.5,F4 B-4 D5 F2,10,M
323.75,D4 B-4 F4 D5 F2,10,M
324,B-4 F4 D5 F2,10,M
324.25,F4 B-4 D5 F2,10,M
324.5,D4 B-4 F4 D5 F2,10,M
324.75,B-3 B-4 F4 D5 F2,10,M
325,D4 B-4 F4 C5 F2,10,M
325.125,C4 B-4 F4 C5 F2,10,M
325.25,D4 B-4 F4 C5 F2,10,M
325.375,C4 B-4 F4 C5 F2,10,M
325.5,D4 B-4 F4 C5 F2,10,M
325.625,C4 B-4 F4 C5 F2,10,M
325.75,D4 B-4 F4 C5 F2,10,M
325.875,C4 B-4 F4 C5 F2,10,M
326,D4 B-4 F4 C5 F2,10,M
326.125,C4 B-4 F4 C5 F2,10,M
326.25,D4 B-4 F4 C5 F2,10,M
326.375,C4 B-4 F4 C5 F2,10,M
326.5,D4 B-4 F4 C5 F2,10,M
326.625,C4 B-4 F4 C5 F2,10,M
326.75,D4 B-4 F4 C5 F2,10,M
326.875,C4 B-4 F4 C5 F2,10,M
327,D4 A4 E-4 C5 F2,10,M
327.125,C4 A4 E-4 C5 F2,10,M
327.25,D4 A4 E-4 C5 F2,10,M
327.375,C4 A4 E-4 C5 F2,10,M
327.5,D4 A4 E-4 C5,10,M
327.625,C4 A4 E-4 C5,10,M
327.75,D4 A4 E-4 C5,10,M
327.875,C4 A4 E-4 C5,10,M
328,D4 A4 E-4 C5,10,M
328.125,C4 A4 E-4 C5,10,M
328.25,D4 A4 E-4 C5,10,M
328.375,C4 A4 E-4 C5,10,M
328.5,D4 A4 E-4 C5,10,M
328.625,C4 A4 E-4 C5,10,M
328.75,B-3 A4 E-4 C5,10,M
328.875,C4 A4 E-4 C5,10,M
329,D5 F5 F4 B-3 B-5 D4 B-4 B-1,10,M
329.25,D5 F5 F4 B-3 B-5 D4 B-4 B-1,10,M
329.5,D5 F5 F4 B-3 B-5 D4 B-4 B-1,10,M
329.75,D5 F5 B-3 F4 B-5 D4 B-4 B-1,10,M
329.875,D5 F5 B-3 F4 B-4 B-5 B-1,10,M
330,D5 F5 B-3 F4 B-5 B-1,10,M
330.25,D5 F5 B-3 F4 B-4 B-5 B-1,10,M
330.5,D5 F5 B-3 F4 B-5 B-1,10,M
330.75,D5 F5 B-3 F4 B-4 B-5 B-1,10,M
330.875,D5 F5 B-3 F4 B-4 B-1,10,M
331,D5 F5 B-3 F4 B-1,10,M
331.25,D5 F5 B-3 F4 E-5 C5 B-1,10,M
331.5,D5 F5 B-3 F4 B-4 B-1,10,M
331.75,D5 F5 B-3 F4 C5 A4 B-1,10,M
332,D5 F5 B-3 F4 B-4 G4 B-1,10,M
332.25,D5 F5 B-3 F4 A4 B-1,10,M
332.5,D5 F5 B-3 F4 G4 E-4 B-1,10,M
332.75,D5 F5 B-3 F4 D4 B-1,10,M
332.875,F4 D4 B-1,10,M
333,E-5 G4 G5 E-4 B-4 B-1,10,M
333.25,E-5 G4 G5 E-4 B-4 B-1,10,M
333.5,E-5 G4 G5 E-4 B-4 B-1,10,M
333.75,E-5 E-4 G4 G5 B-4 B-1,10,M
333.875,E-5 E-4 G4 B-4 G5 B-1,10,M
334,E-5 E-4 G4 B-4 G5 B-1,10,M
334.25,E-5 E-4 G4 B-4 G5 B-1,10,M
334.5,E-5 E-4 G4 B-4 G5 B-1,10,M
334.75,E-5 G5 E-4 G4 B-4 B-1,10,M
334.875,E-5 G5 E-4 G4 B-4 B-1,10,M
335,E-5 G5 E-4 G4 B-1,10,M
335.25,E-5 G5 E-4 G4 F5 D5 B-1,10,M
335.5,E-5 G5 E-4 G4 C5 B-1,10,M
335.75,E-5 G5 E-4 G4 D5 B-4 B-1,10,M
336,E-5 G5 E-4 G4 C5 A4 B-1,10,M
336.25,E-5 G5 E-4 G4 B-4 B-1,10,M
336.5,E-5 G5 E-4 G4 A4 F4 B-1,10,M
336.75,E-5 G5 E-4 G4 B-1,10,M
336.875,G4 E-4 B-1,10,M
337,D5 F5 B-3 F4 B-5 D4 B-4 B-1,10,M
337.25,D5 F5 B-3 F4 B-5 D4 B-4 B-1,10,M
337.5,D5 F5 B-3 F4 B-5 D4 B-4 B-1,10,M
337.75,D5 F5 B-3 F4 B-5 D4 B-4 B-1,10,M
337.875,D5 F5 B-3 F4 B-4 B-5 B-1,10,M
338,D5 F5 B-3 F4 B-4 B-5 B-1,10,M
338.25,D5 F5 B-3 F4 B-4 B-5 B-1,10,M
338.5,D5 F5 B-3 F4 B-4 B-5 B-1,10,M
338.75,D5 F5 B-3 F4 B-4 B-5 B-1,10,M
338.875,D5 F5 B-3 F4 B-4 B-1,10,M
339,D5 F5 B-3 F4 B-4 B-1,10,M
339.25,D5 F5 B-3 F4 C5 A4 B-1,10,M
339.5,D5 F5 B-3 F4 G4 B-4 B-1,10,M
339.75,D5 F5 B-3 F4 A4 B-4 B-1,10,M
340,D5 F5 B-3 F4 G4 E-4 B-1,10,M
340.25,D5 F5 B-3 F4 D4 B-1,10,M
340.5,D5 F5 B-3 F4 E-4 C4 B-1,10,M
340.75,D5 F5 B-3 F4 D4 B-1,10,M
340.875,D4 B-3 F5 B-1,10,M
341,C5 F4 C4 A3 E-5 F2,10,M
341.25,C5 E-5 F4 C4 A3 F2,10,M
341.5,C5 E-5 F4 C4 A3 F2,10,M
341.75,E-5 F4 C4 A3 C5 F2,10,M
342,E-5 F4 E-4 A3 C5 F2,10,M
342.25,C5 E-5 F4 E-4 A3 F2,10,M
342.375,C5 E-5 F4 E-4 A3 F2,10,M
342.5,C5 E-5 F4 E-4 A3 A4 F2,10,M
342.75,C5 E-5 F4 E-4 A3 A4 F2,10,M
343,C5 E-5 F4 E-4 C4 A4 F2,10,M
343.25,C5 E-5 F4 E-4 C4 A4 F2,10,M
343.375,C5 E-5 F4 E-4 C4 F2,10,M
343.5,C5 E-5 F4 E-4 C4 C6 F2,10,M
343.75,C5 E-5 F4 E-4 C4 C6 F2,10,M
344,C5 E-5 F4 A4 C4 C6 F2,10,M
344.25,C5 E-5 F4 A4 C4 C6 F2,10,M
344.375,C5 E-5 F4 A4 C4 F2,10,M
344.5,C5 E-5 F4 A4 C4 F2,10,M
344.75,C5 E-5 F4 A4 C4 F2,10,M
344.875,A4 C4 E-5 F2,10,M
345,B-4 F4 B-3 D5 B-1,10,M
345.25,D5 B-4 F4 B-3 B-1,10,M
345.5,D5 B-4 F4 B-3 F5 B-1,10,M
345.75,D5 B-4 F4 B-3 F5 B-1,10,M
345.875,B-4 F4 B-3 F5 B-1,10,M
346,F5 B-4 F4 B-3 B-5 D2,10,M
346.25,F5 B-4 F4 B-3 B-5 D2,10,M
346.5,F5 B-4 F4 B-3 D2,10,M
346.75,F5 B-4 F4 B-3 D2,10,M
346.875,B-4 B-3 F5 D2,10,M
347,B-4 G4 B-3 G5 E-2,10,M
347.25,G5 B-4 G4 B-3 E-2,10,M
347.5,G5 B-4 G4 B-3 B-5 E-2,10,M
347.75,G5 B-4 G4 B-3 B-5 E-2,10,M
347.875,B-4 B-3 B-5 E-2,10,M
348,E-5 B-4 E-4 B-3 C5 G2,10,M
348.25,E-5 B-4 E-4 B-3 C5 G2,10,M
348.5,E-5 B-4 E-4 B-3 G2,10,M
348.75,E-5 B-4 E-4 B-3 G2,10,M
348.875,B-4 E-4 E-5 G2,10,M
349,D5 B-4 D4 F4 F2,10,M
349.25,D5 B-4 D4 F4 F2,10,M
349.5,D5 B-4 D4 F4 F2,10,M
349.75,D5 B-4 D4 F4 F2,10,M
350,D5 B-4 D4 F4 F2,10,M
350.25,D5 B-4 D4 F4 F2,10,M
350.5,D5 B-4 D4 F4 F2,10,M
350.75,D5 B-4 F4 D4 F2,10,M
350.875,F4 B-4 D4 F2,10,M
351,C5 F4 A4 E-4 D5 F2,10,M
351.125,A4 C5 F4 E-4 F2,10,M
351.25,A4 C5 F4 E-4 D5 F2,10,M
351.375,A4 C5 F4 E-4 F2,10,M
351.5,A4 C5 F4 E-4 D5 F2,10,M
351.625,A4 C5 F4 E-4 F2,10,M
351.75,A4 C5 F4 E-4 D5 F2,10,M
351.875,A4 C5 F4 E-4 F2,10,M
352,A4 C5 F4 E-4 D5 F2,10,M
352.125,A4 C5 F4 E-4 F2,10,M
352.25,A4 C5 F4 E-4 D5 F2,10,M
352.375,A4 C5 F4 E-4 F2,10,M
352.5,A4 C5 F4 E-4 D5 F2,10,M
352.625,A4 C5 F4 E-4 F2,10,M
352.75,A4 C5 F4 E-4 D5 F2,10,M
352.875,A4 E-4 C5 F2,10,M
353,B-3 F4 D4 B-4 B-1,10,M
354,D5 F5,10,M
355,B-4 D5 F4 F5 F2,10,M
355.375,B-4 D5 F4 F2,10,M
355.5,B-4 D5 F4 C5 E-5 F2,10,M
355.75,B-4 D5 F4 F2,10,M
355.875,F4 B-4 D5,10,M
356,A4 C5 F4 B-4 D5 F1,10,M
356.25,A4 C5 F4 E-4 F1,10,M
356.5,A4 C5 F4 G4 D4 B-4 F1,10,M
356.75,A4 C5 F4 E-4 F1,10,M
356.875,F4 A4 E-4 C5,10,M
357,B-3 F4 D4 B-4 B-1,10,M
358,B-4 B-2 B-3 B-1,10,M
358.75,B-4 B-2 B-3 B-1,10,M
359,B-4 B-2 B-3 B-1,10,M
361,F4 B-1,10,m
361.5,F4 C#4 B-3 B-1,10,m
362.375,F4 B-1,10,m
362.5,F4 C#4 B-3 B-1,10,m
362.875,C#4 B-3 F4 B-1,10,m
363,E-4 C#4 B-3 F4 B-1,10,m
363.375,E-4 B-1,10,m
363.5,C#4 B-3 F4 B-1,10,m
364,C4 C#4 B-3 F4 B-1,10,m
364.375,C4 B-1,10,m
364.5,C#4 B-3 F4 B-1,10,m
364.875,C#4 B-3 F4,10,m
365,B-3 C2,10,m
365.5,A3 E-4 F#4 C2,10,m
366,A3 E-4 F#4 C2,10,m
366.375,A3 C2,10,m
366.5,A3 E-4 F#4 C2,10,m
367.375,A3 C2,10,m
367.5,A3 E-4 F#4 C2,10,m
367.875,E-4 A3 F#4 C2,10,m
368,F#4 E-4 A3 C2,10,m
368.375,F#4 C2,10,m
368.5,F#4 E-4 A3 C2,10,m
368.875,E-4 A3 F#4,10,m
369,F#4 F1,10,m
369.5,F#4 E-4 C4 A4 F1,10,m
370.375,F#4 F1,10,m
370.5,F#4 E-4 C4 A4 F1,10,m
370.875,E-4 C4 A4 F1,10,m
371,F4 E-4 C4 A4 F1,10,m
371.375,F4 F1,10,m
371.5,E-4 C4 A4 F1,10,m
372,C#4 E-4 C4 A4 F1,10,m
372.375,C#4 F1,10,m
372.5,E-4 C4 A4 F1,10,m
372.875,E-4 C4 A4,10,m
373,C#4 B-1,10,m
373.5,E-4 C#4 B-3 B-4 B-1,10,m
374,F4 C#4 B-3 B-4 B-1,10,m
374.375,F4 B-1,10,m
374.5,F4 C#4 B-3 B-4 B-1,10,m
374.875,C#4 B-3 B-4 B-1,10,m
375.375,B-1,10,m
375.5,C#4 B-3 B-4 B-1,10,m
376.375,B-1,10,m
376.5,C#4 B-3 B-4 B-1,10,m
376.875,C#4 B-3 B-4,10,m
377,F4 C#2,10,m
377.5,F4 B-3 F3 C#2,10,m
378.375,F4 C#2,10,m
378.5,F4 B-3 F3 C#2,10,m
378.875,B-3 F3 F4 C#2,10,m
379,E-4 B-3 F3 F4 C#2,10,m
379.375,E-4 C#2,10,m
379.5,C#4 B-3 F3 F4 C#2,10,m
380,C4 B-3 F3 F4 C#2,10,m
380.375,C4 C#2,10,m
380.5,B-3 F3 F4 C#2,10,m
380.875,B-3 F3 F4,10,m
381,A3 E-3 F#4 C2,10,m
382,F#4 B-3 E-4 F#5 B-1,10,m
382.875,F#4 E-4 F#5,10,m
383,F#4 C4 E-4 F#5 A1,10,m
383.875,C4 A1,10,m
384,C4 F4 F5 A1,10,m
384.5,E-4 C4 F#4 E-5 A1,10,m
384.875,E-4 F#4 E-5,10,m
385,C#4 F4 C#5 B-1,10,m
385.875,F4,10,m
386,D4 B-4 F4 D5 G#1,10,m
386.875,B-4,10,m
387,E-4 B-4 B-3 E-5 G1,10,m
387.875,B-3,10,m
388,E4 B-4 B-3 E5 F#1,10,m
389,F4 A4 C4 F5 F1,10,m
390,C4 A3 F4 F2,1,M
390.875,C4,1,M
391,C4 G#3 F#4 E-2,1,M
392,G#3 F#3 C4 G#1,1,M
393,G#3 F3 C#4 C#2,1,M
393.25,F3 C#4 C#2,1,M
393.5,F4 F3 C#4 C#2,1,M
393.75,F3 C#4 C#2,1,M
394,G#3 F3 C#4 C#2,1,M
394.25,F3 C#4 C#2,1,M
394.5,F4 F3 C#4 C#2,1,M
394.75,F3 C#4 C#2,1,M
395,G#3 F3 C#4 C#2,1,M
395.25,F3 C#4 C#2,1,M
395.5,F4 F3 C#4 C#2,1,M
395.75,F3 C#4 C#2,1,M
396,G#3 F3 C#4 C#2,1,M
396.25,F3 C#4 C#2,1,M
396.5,F4 F3 C#4 C#2,1,M
396.75,C#4 F3 C#2,1,M
396.875,C#4,1,M
397,F#4 B-3 F#3 C#4 E-2,1,M
397.25,F#4 E-4 F#3 C#4 E-2,1,M
397.5,F#4 F#3 C#4 E-2,1,M
397.75,F#4 E-4 F#3 C#4 E-2,1,M
398,F#4 B-3 F#3 C#4 E-2,1,M
398.25,F#4 E-4 F#3 C#4 E-2,1,M
398.5,F#4 F#3 C#4 E-2,1,M
398.75,F#4 E-4 F#3 C#4 E-2,1,M
399,F#4 B-3 F#3 C#4 E-2,1,M
399.25,F#4 E-4 F#3 C#4 E-2,1,M
399.5,F#4 F#3 C#4 E-2,1,M
399.75,F#4 E-4 F#3 C#4 E-2,1,M
399.875,E-4 F#3 C#4 E-2,1,M
400,F4 B-3 F#3 C#4 E-2,1,M
400.25,F4 E-4 F#3 C#4 E-2,1,M
400.5,E-4 F#4 F#3 C#4 E-2,1,M
400.75,E-4 F#3 C#4 E-2,1,M
400.875,E-4 F#3,1,M
401,C#4 G#3 F#3 E-4 G#1,1,M
401.25,C#4 F#3 E-4 G#1,1,M
401.5,C#4 F#4 F#3 E-4 G#1,1,M
401.75,C#4 F#3 E-4 G#1,1,M
401.875,E-4 G#1,1,M
402,C4 G#3 E-3 E-4 G#1,1,M
402.25,C4 E-3 E-4 G#1,1,M
402.5,C4 F#4 E-3 E-4 G#1,1,M
402.75,C4 E-3 E-4 G#1,1,M
402.875,C4 E-4 G#1,1,M
403,C4 G#3 C3 E-4 G#1,1,M
403.25,C4 C3 E-4 G#1,1,M
403.5,C4 F#4 C3 E-4 G#1,1,M
403.75,C4 C3 E-4 G#1,1,M
403.875,E-4 G#1,1,M
404,F#4 G#3 C4 G#1,1,M
404.25,F#4 E-4 G#3 C4 G#1,1,M
404.5,F#4 G#3 C4 G#1,1,M
404.75,F#4 E-4 G#3 C4 G#1,1,M
404.875,E-4,1,M
405,F4 G#3 C#4 C#2,1,M
405.5,E-4 F4 G#3 C#4 C#2,1,M
406,C#4 C#2,1,M
406.5,B3 G#3 C#4 C#2,1,M
406.75,G#3 C#4 C#2,1,M
406.875,G#3,1,M
407,B3 G#3 D4 B-1,1,M
407.5,B-3 F#3 D4 B-1,1,M
408,B-3 F#3 D4 B-1,1,M
408.5,G#3 F3 D4 B-1,3,m
408.875,G#3 F3,3,m
409,B-3 F#3 E-4 E-2,3,m
409.25,F#3 E-4 E-2,3,m
409.5,F#4 F#3 E-4 E-2,3,m
409.75,F#3 E-4 E-2,3,m
410,B-3 F#3 E-4 E-2,3,m
410.25,F#3 E-4 E-2,3,m
410.5,F#4 F#3 E-4 E-2,3,m
410.75,F#3 E-4 E-2,3,m
411,B-3 F#3 E-4 E-2,3,m
411.25,F#3 E-4 E-2,3,m
411.5,F#4 F#3 E-4 E-2,3,m
411.75,F#3 E-4 E-2,3,m
412,B-3 F#3 E-4 E-2,3,m
412.25,F#3 E-4 E-2,3,m
412.5,F#4 F#3 E-4 E-2,3,m
412.75,E-4 F#3 E-2,3,m
412.875,E-4,3,m
413,G#4 B3 G#3 E-4 F2,3,m
413.25,G#4 F4 G#3 E-4 F2,3,m
413.5,G#4 G#3 E-4 F2,3,m
413.75,G#4 F4 G#3 E-4 F2,3,m
414,G#4 B3 G#3 E-4 F2,3,m
414.25,G#4 F4 G#3 E-4 F2,3,m
414.5,G#4 G#3 E-4 F2,3,m
414.75,G#4 F4 G#3 E-4 F2,3,m
415,G#4 B3 G#3 E-4 F2,3,m
415.25,G#4 F4 G#3 E-4 F2,3,m
415.5,G#4 G#3 E-4 F2,3,m
415.75,G#4 F4 G#3 E-4 F2,3,m
415.875,F4 G#3 E-4 F2,3,m
416,F#4 B3 G#3 E-4 F2,3,m
416.25,F#4 F4 G#3 E-4 F2,3,m
416.5,F4 G#4 G#3 E-4 F2,3,m
416.75,F4 G#3 E-4 F2,3,m
416.875,F4 G#3,3,m
417,E-4 B-3 G#3 F4 B-1,3,m
417.25,E-4 G#3 F4 B-1,3,m
417.5,E-4 G#4 G#3 F4 B-1,3,m
417.75,E-4 G#3 F4 B-1,3,m
417.875,F4 B-1,3,m
418,D4 B-3 F3 F4 B-1,3,m
418.25,D4 F3 F4 B-1,3,m
418.5,D4 G#4 F3 F4 B-1,3,m
418.75,D4 F3 F4 B-1,3,m
418.875,D4 F4 B-1,3,m
419,D4 B-3 D3 F4 B-1,3,m
419.25,D4 D3 F4 B-1,3,m
419.5,D4 G#4 D3 F4 B-1,3,m
419.75,D4 D3 F4 B-1,3,m
419.875,F4 B-1,3,m
420,G#4 B-3 D4 B-1,3,m
420.25,G#4 F4 B-3 D4 B-1,3,m
420.5,G#4 B-3 D4 B-1,3,m
420.75,G#4 F4 B-3 D4 B-1,3,m
420.875,F4 B-3,3,m
421,F#4 B-3 E-4 E-2,3,m
421.5,F4 F#4 B-3 E-4 E-2,3,m
422,E-4 E-2,3,m
422.5,C#4 B-3 E-4 E-2,3,m
422.875,C#4 B-3,3,m
423,C#4 B-3 E4 C2,3,m
423.5,C4 G#3 E4 C2,5,m
424,C4 G#3 E4 C2,5,m
424.5,B-3 G3 E4 C2,5,m
424.875,B-3 G3,5,m
425,G#3 F3 F4 F2,5,m
425.25,C4 F3 F4 F2,5,m
425.5,F3 F4 F2,5,m
425.75,C4 F3 F4 F2,5,m
426,G#3 F3 F4 F2,5,m
426.25,C4 F3 F4 F2,5,m
426.5,F3 F4 F2,5,m
426.75,C4 F3 F4 F2,5,m
427,G#3 F3 F4 F2,5,m
427.25,C4 F3 F4 F2,5,m
427.5,F3 F4 F2,5,m
427.75,C4 F3 F4 F2,5,m
428,G#3 F3 F4 F2,5,m
428.25,C4 F3 F4 F2,5,m
428.5,F3 F4 F2,5,m
428.75,F4 C4 F3 F2,5,m
428.875,C4 F3 F4,5,m
429,B-4 B-3 F3 F4 C#2,5,m
429.25,B-4 C#4 F3 F4 C#2,5,m
429.5,B-4 F3 F4 C#2,5,m
429.75,B-4 C#4 F3 F4 C#2,5,m
430,B-4 B-3 F3 F4 C#2,5,m
430.25,B-4 C#4 F3 F4 C#2,5,m
430.5,B-4 F3 F4 C#2,5,m
430.75,B-4 C#4 F3 F4 C#2,5,m
430.875,B-4 C#4,5,m
431,B-4 B-3 C#4 B-1,5,m
431.25,B-4 B-3 C#4 B-1,5,m
431.5,B-4 F#4 B-3 C#4 B-1,5,m
431.75,B-4 B-3 C#4 B-1,5,m
431.875,B-3 C#4 B-1,5,m
432,G#4 B-3 C#4 B-1,5,m
432.25,G#4 B-3 C#4 B-1,5,m
432.5,F#4 B-3 C#4 B-1,5,m
432.75,F#4 B-3 C#4 B-1,5,m
432.875,F#4 C#4,5,m
433,F4 B-3 G3 C4 C2,5,m
433.25,F4 G3 C4 C2,5,m
433.5,F4 G4 G3 C4 C2,5,m
433.75,F4 G3 C4 C2,5,m
433.875,G3 C4 C2,5,m
434,E4 B-3 G3 C4 C2,5,m
434.25,E4 G3 C4 C2,5,m
434.5,E4 G4 G3 C4 C2,5,m
434.75,E4 G3 C4 C2,5,m
435,E4 B-3 G3 C4 C2,5,m
435.25,E4 G3 C4 C2,5,m
435.5,E4 G4 G3 C4 C2,5,m
435.75,E4 G3 C4 C2,5,m
435.875,C4 C2,5,m
436,B-4 G3 E4 G4 C2,5,m
436.25,B-4 C4 E4 G4 C2,5,m
436.5,B-4 E4 G4 C2,5,m
436.75,B-4 C4 E4 G4 C2,5,m
436.875,C4,5,m
437,G#4 F4 F2,5,m
437.5,G#4 C4 F4 F2,5,m
438,G#4 C4 F4 F2,5,m
438.5,G#4 C4 F4 F2,5,m
438.875,C4 G#4 F2,5,m
439,F4 C#4 F2,5,m
439.5,F4 G#3 C#4 F2,5,m
440,F4 G#3 C#4 F2,5,m
440.5,F4 G#3 C#4 F2,5,m
440.875,G#3 F4,5,m
441,C#4 F3 F1,5,m
441.5,C#4 G#3 F3 F1,5,m
442,C#4 G#3 F3 F1,5,m
442.5,C#4 G#3 F3 F1,0,m
442.875,G#3 C#4,0,m
443,C4 E-3 F#1,0,m
443.5,C4 A3 E-3 F#1,0,m
444,C4 A3 E-3 F#1,0,m
444.5,C4 A3 E-3 F#1,0,m
444.875,A3 C4,0,m
445,B3 G3 D3 G1,0,m
445.5,B3 D4 G1,0,m
445.875,D4 B3,0,m
446,D4 B3 G4,0,m
446.5,D4 B3 G4,0,m
447,E-4 C4 G4 G2,0,m
447.375,E-4 C4 G2,0,m
447.5,E-4 C4 G#4 G2,0,m
447.875,E-4 C4 G#4,0,m
448,E-4 C4 G4,0,m
448.5,E-4 C4 F#4,0,m
449,D4 B3 G4 G1,0,m
449.5,D5 B4 G1,0,m
449.875,D5 B4,0,m
450,D5 B4 G5,0,m
450.5,D5 B4 G5,0,m
451,E-5 C5 G5 G2,0,m
451.375,E-5 C5 G2,0,m
451.5,E-5 C5 G#5 G2,0,m
451.875,E-5 C5 G#5,0,m
452,E-5 C5 G5,0,m
452.5,E-5 C5 F#5,0,m
453,G4 D5 B4 G5 G1,0,m
453.5,G4 D4 B3 G1,0,m
453.875,D4 B3 G4,0,m
454,G4 D4 B3 G2,0,m
454.375,G4 G2,0,m
454.5,G4 D4 B3 G2,0,m
454.875,D4 B3 G4,0,m
455,G4 D4 B3 G2,0,m
455.375,G4 G2,0,m
455.5,G4 D4 B3 G2,0,m
455.875,D4 B3 G4,0,m
456,G4 D4 B3 G2,0,m
456.375,G4 G2,0,m
456.5,G4 D4 B3 G2,0,m
456.875,D4 B3 G4,0,m
457,G#4 F2,0,m
457.5,G#4 D4 B3 F2,0,m
457.875,D4 B3 G#4,0,m
458,G#4 D4 B3 F2,0,m
458.375,G#4 F2,0,m
458.5,G#4 D4 B3 F2,0,m
458.875,D4 B3 G#4,0,m
459,G#4 D4 B3 F2,0,m
459.375,G#4 F2,?,?
459.5,G#4 D4 B3 F2,?,?
459.875,D4 B3 G#4,?,?
460,G#4 D4 B3 F2,?,?
460.375,G#4 F2,?,?
460.5,G#4 D4 B3 F2,?,?
460.875,D4 B3 G#4,?,?
461,D4 B-1,?,?
461.5,D4 B-3 F3 G#3 B-1,?,?
461.875,B-3 F3 G#3 D4,?,?
462,D4 B-3 F3 G#3 B-1,?,?
462.375,D4 B-1,?,?
462.5,D4 B-3 F3 G#3 B-1,?,?
462.875,B-3 F3 G#3 D4,?,?
463,D4 B-3 F3 G#3 B-1,?,?
463.375,D4 B-1,?,?
463.5,D4 B-3 F3 G#3 B-1,?,?
463.875,B-3 F3 G#3 D4,?,?
464,D4 B-3 F3 G#3 B-1,?,?
464.375,D4 B-1,?,?
464.5,D4 B-3 F3 G#3 B-1,?,?
464.625,D4 B-3 F3 G#3 B-1,?,?
464.75,D4 B-3 F3 G#3 E-4 B-1,?,?
464.875,B-3 F3 G#3 E-4,?,?
465,E-4 G3 E-3 E-5 E-2,?,?
465.25,E-4 B-3 E-3 G3 E-5 E-2,?,?
465.5,E-4 E-5 E-2,?,?
465.75,E-4 B-3 E-5 E-2,?,?
465.875,B-3 E-4 E-5 E-2,?,?
466,E-4 E-5 E-2,?,?
466.25,B-3 E-4 E-5 E-2,?,?
466.5,E-4 E-5 E-2,?,?
466.75,B-3 E-4 E-5 E-2,?,?
467,E-4 E-5 E-2,?,?
467.25,B-3 E-4 E-5 E-2,?,?
467.5,E-4 E-5 E-2,?,?
467.75,B-3 E-4 E-5 E-2,?,?
468,E-4 E-5 E-2,?,?
468.25,B-3 E-4 E-5 E-2,?,?
468.5,E-4 E-5 E-2,?,?
468.75,B-3 E-4 E-5 E-2,?,?
468.875,B-3 E-4 E-2,?,?
469,G3 E-4 B-4 E-2,?,?
469.25,B-3 E-4 B-4 E-2,?,?
469.5,E-4 B-4 E-2,?,?
469.75,B-3 E-4 B-4 E-2,?,?
470,E-4 B-4 E-2,?,?
470.25,B-3 E-4 B-4 E-2,3,M
470.5,E-4 B-4 E-2,3,M
470.75,B-3 E-4 B-4 E-2,3,M
471,E-4 B-4 E-2,3,M
471.25,B-3 E-4 B-4 E-2,3,M
471.5,E-4 B-4 E-2,3,M
471.75,B-3 E-4 B-4 E-2,3,M
471.875,B-3 E-4 E-2,3,M
472,E-4 G#4 E-2,3,M
472.25,B-3 E-4 G4 E-2,3,M
472.5,E-4 F4 E-2,3,M
472.75,B-3 E-4 E-2,3,M
473,G#3 B-3 D4 B-1,3,M
473.25,B-3 D4 B-1,3,M
473.5,F4 B-3 D4 B-1,3,M
473.75,B-3 D4 B-1,3,M
474,F4 B-3 D4 B-1,3,M
474.25,B-3 E-4 B-1,3,M
474.5,B-3 F4 B-1,3,M
474.75,B-3 G4 B-1,3,M
475,B-3 G#4 B-1,3,M
475.25,D4 B-3 G#4 B-1,3,M
475.5,F4 B-3 G#4 B-1,3,M
475.75,D4 B-3 G#4 B-1,3,M
475.875,D4 B-3 B-1,3,M
476,F4 B-3 G#4 B-1,3,M
476.25,D4 B-3 G#4 B-1,3,M
476.5,F4 B-3 G#4 B-1,3,M
476.75,D4 B-3 G#4 B-1,3,M
476.875,D4 B-3 B-1,3,M
477,B-3 E-4 G4 E-2,3,M
477.25,E-4 G4 E-2,3,M
477.5,E-4 G4 E-2,3,M
477.75,E-4 G4 E-2,3,M
477.875,E-4 E-2,3,M
478,G4 E-3 E-4 B-4 E-2,3,M
478.25,G4 E-3 E-4 B-4 E-2,3,M
478.5,G4 E-3 E-4 B-4 E-2,3,M
478.75,G4 B-4 E-3 E-4 E-2,3,M
478.875,G4 B-4 E-3 E-4 E-2,3,M
479,G4 B-4 E-3 E-4 B-3 E-2,3,M
479.25,G4 B-4 E-3 E-4 E-2,3,M
479.5,G4 B-4 E-3 E-4 E-2,3,M
479.75,G4 B-4 E-3 E-4 E-2,3,M
479.875,E-4 E-2,3,M
480,G4 B-4 E-3 E-4 E-2,3,M
480.25,G4 B-4 E-3 E-4 E-2,3,M
480.5,G4 B-4 E-3 E-4 E-2,3,M
480.75,G4 B-4 E-3 E-4 E-2,3,M
480.875,E-4 E-2,3,M
481,G#4 E-3 C4 G#3 G#5 E-4 C5 E-2,3,M
481.25,G#4 E-3 G#3 G#5 E-4 C5 E-2,3,M
481.5,G#4 E-3 C4 G#5 E-4 C5 E-2,3,M
481.75,G#4 C5 E-3 E-4 C4 G#5 E-2,3,M
481.875,G#4 C5 E-3 E-4 C4 G#5 E-2,3,M
482,G#4 C5 E-3 E-4 C4 G#5 E-2,3,M
482.25,G#4 C5 E-3 E-4 C4 G#5 E-2,3,M
482.5,G#4 C5 E-3 E-4 C4 G#5 E-2,3,M
482.75,G#4 C5 E-3 E-4 C4 G#5 E-2,3,M
482.875,G#4 C5 E-3 E-4 C4 E-2,3,M
483,G#4 C5 E-3 E-4 E-2,3,M
483.25,G#4 C5 E-3 E-4 B-4 G4 E-2,3,M
483.5,G#4 C5 E-3 E-4 F4 E-2,3,M
483.75,G#4 C5 E-3 E-4 G4 E-2,3,M
484,G#4 C5 E-3 E-4 F4 D4 E-2,3,M
484.25,G#4 C5 E-3 E-4 C4 E-2,3,M
484.5,G#4 C5 E-3 E-4 D4 B-3 E-2,3,M
484.75,G#4 C5 E-3 E-4 C4 G#3 E-2,3,M
484.875,C4 G#3 E-2,3,M
485,G4 E-3 B-3 G3 G5 E-4 B-4 E-2,3,M
485.25,G4 E-3 G3 G5 E-4 B-4 E-2,3,M
485.5,G4 E-3 B-3 G5 E-4 B-4 E-2,3,M
485.75,G4 B-4 E-3 E-4 B-3 G5 E-2,3,M
485.875,G4 B-4 E-3 E-4 B-3 G5 E-2,3,M
486,G4 B-4 E-3 E-4 B-3 G5 E-2,3,M
486.25,G4 B-4 E-3 E-4 B-3 G5 E-2,3,M
486.5,G4 B-4 E-3 E-4 B-3 G5 E-2,3,M
486.75,G4 B-4 E-3 E-4 B-3 G5 E-2,3,M
487,G4 B-4 E-3 E-4 E-2,3,M
487.25,G4 B-4 E-3 E-4 G#4 F4 E-2,3,M
487.5,G4 B-4 E-3 E-4 E-5 E-2,3,M
487.75,G4 B-4 E-3 E-4 F4 D4 E-5 E-2,3,M
488,G4 B-4 E-3 E-4 C4 G5 E-2,3,M
488.25,G4 B-4 E-3 E-4 D4 B-3 G5 E-2,3,M
488.5,G4 B-4 E-3 E-4 C4 G#3 B-5 E-2,3,M
488.75,G4 B-4 E-3 E-4 B-3 G3 B-5 E-2,3,M
488.875,B-3 G3 B-5 E-2,3,M
489,G#4 D5 B-3 F4 D4 F3 G#5 B-1,3,M
489.25,G#4 D5 B-3 F4 D4 F3 G#5 B-1,3,M
489.5,G#4 D5 B-3 F4 D4 F3 F5 B-1,3,M
489.75,G#4 D5 B-3 F4 D4 F3 F5 B-1,3,M
490,G#4 D5 B-3 F4 G#3 F5 B-1,3,M
490.25,G#4 D5 B-3 F4 G#3 F5 B-1,3,M
490.375,G#4 D5 B-3 F4 G#3 B-1,3,M
490.5,G#4 D5 B-3 F4 G#3 B-1,3,M
490.75,G#4 B-3 F4 G#3 D5 B-1,3,M
491,G#4 B-3 F4 D4 F3 D5 B-1,3,M
491.25,G#4 D5 B-3 F4 D4 F3 B-1,3,M
491.375,G#4 D5 B-3 F4 D4 F3 B-1,3,M
491.5,G#4 D5 B-3 F4 D4 F3 B-4 B-1,3,M
491.75,G#4 D5 B-3 F4 D4 F3 B-4 B-1,3,M
492,G#4 D5 B-3 F4 D4 B-4 B-1,3,M
492.25,G#4 D5 B-3 F4 D4 B-4 B-1,3,M
492.375,G#4 D5 B-3 F4 D4 B-1,3,M
492.5,G#4 D5 B-3 F4 D4 B-1,3,M
492.75,G#4 D5 B-3 F4 D4 B-1,3,M
492.875,F4 D4 G#4 B-1,3,M
493,G4 E-5 B-3 E-4 E-2,3,M
493.25,G4 E-5 B-3 E-4 E-2,3,M
493.5,G4 E-5 B-3 E-4 F4 E-2,3,M
493.75,G4 E-5 B-3 E-4 E-2,3,M
493.875,E-4 G4 E-2,3,M
494,G#4 D5 B-3 F4 D4 F2,3,M
494.25,G#4 D5 B-3 F4 D4 B-4 F2,3,M
494.5,G#4 D5 B-3 F4 C5 F2,3,M
494.75,G#4 D5 B-3 F4 F2,3,M
494.875,G#4 D5 F2,3,M
495,E-5 E-4 G4 B-4 G2,3,M
495.25,B-4 E-5 E-4 G4 F5 G2,3,M
495.5,B-4 E-5 E-4 G4 G5 E-2,3,M
495.75,B-4 E-5 E-4 G4 G#5 E-2,3,M
496,B-4 E-5 E-4 G4 B-5 G2,3,M
496.25,B-4 E-5 E-4 G4 G5 G2,3,M
496.375,E-5 E-4 G5 G2,3,M
496.5,A4 E-5 F4 E-4 F5 C3,3,M
496.75,A4 E-5 F4 E-4 C3,3,M
497,D5 B-3 F4 B-5 D4 B-4 B-2,3,M
498,B-4 B-2 B-3 B-1,3,M
498.75,B-4 B-2 B-3 B-1,3,M
499,B-4 B-2 B-3 B-1,3,M
501,G3 E-4 E-5 E-2,3,M
501.25,E-4 B-3 E-5 E-2,3,M
501.5,E-4 E-5 E-2,3,M
501.75,E-4 B-3 E-5 E-2,3,M
502,E-4 G3 E-5 E-2,3,M
502.25,E-4 B-3 E-5 E-2,3,M
502.5,E-4 E-5 E-2,3,M
502.75,E-4 B-3 E-5 E-2,3,M
503,E-4 G3 E-5 E-2,3,M
503.25,E-4 B-3 E-5 E-2,3,M
503.5,E-4 E-5 E-2,3,M
503.75,E-4 B-3 E-5 E-2,3,M
504,E-4 G3 E-5 E-2,3,M
504.25,E-4 B-3 E-5 E-2,?,?
504.5,E-4 E-5 E-2,?,?
504.75,E-4 B-3 E-5 E-2,?,?
504.875,B-3 E-4 E-2,?,?
505,D4 G#3 E-4 D5 E-2,?,?
505.25,D4 B-3 E-4 D5 E-2,?,?
505.5,D4 F4 E-4 D5 E-2,?,?
505.75,D4 B-3 E-4 D5 E-2,?,?
506,D4 G#3 E-4 D5 E-2,?,?
506.25,D4 B-3 E-4 D5 E-2,?,?
506.5,D4 F4 E-4 D5 E-2,?,?
506.75,D4 B-3 E-4 D5 E-2,?,?
507,D4 G#3 E-4 D5 E-2,?,?
507.25,D4 B-3 E-4 D5 E-2,?,?
507.5,D4 F4 E-4 D5 E-2,?,?
507.75,D4 B-3 E-4 D5 E-2,?,?
507.875,B-3 E-4 E-2,?,?
508,G#3 E-4 E-5 E-2,?,?
508.25,E-4 B-3 E-5 E-2,?,?
508.5,E-4 F4 E-5 E-2,?,?
508.75,E-4 B-3 E-5 E-2,?,?
508.875,B-3 E-4 E-2,?,?
509,C4 F4 D4 C5 D2,?,?
509.5,B-3 F4 D4 B-4 D2,3,M
510,B-3 F4 D4 B-4 D2,3,M
510.5,B-3 F4 D4 B-4 D2,3,M
511,B-3 F4 D4 B-4 D2,3,M
511.25,C4 F4 D4 B-4 D2,3,M
511.5,D4 F4 B-4 D2,3,M
511.75,E-4 F4 D4 B-4 D2,3,M
512,F4 D4 G#4 D2,3,M
512.25,G4 F4 D4 G#4 D2,3,M
512.5,G#4 F4 D4 D2,3,M
512.75,B-4 F4 D4 G#4 D2,3,M
513,G4 E-4 E-2,3,M
513.875,E-4 G4 E-2,3,M
514,B-4,3,M
514.5,B-4 E-4 E-2,3,M
514.75,B-4,3,M
515,B-3 B-1,3,M
515.5,E-4 E-2,3,M
516,G#3 G#1,3,M
516.5,E-4 E-2,8,M
517,E-3 G3 G1,8,M
517.5,E-3 B-3 G3 E-4 G1,8,M
517.875,E-3 B-3 G3 E-4,8,M
518,E-3 B-3 G3 E-4,8,M
518.5,E-3 B-3 G3 E-4,8,M
518.875,B-3 G3 E-4,8,M
519,E-4 G1,8,M
519.5,E-4 B-3 E-3 G1,8,M
519.875,E-4 B-3 E-3,8,M
520,E-4 B-3 E-3,8,M
520.375,B-3 E-3 E-4,8,M
520.5,B-3 E-3 C#4,8,M
521,C#4 G#1,8,M
521.5,G#3 E-3 C4 G#1,8,M
521.875,G#3 E-3 C4,8,M
522,C4 G#3 E-3,8,M
522.5,C4 G#3 E-3,8,M
523,C4 G#1,8,M
523.5,C4 G#3 F3 G#1,3,M
523.875,G#3 F3 C4,3,M
524,G#4 G#3 F3 C4,3,M
524.5,F4 G#3 F3 C4,3,M
525,E-4 B-3 F3 D4 G#1,3,M
525.5,D4 B-3 F3 G#1,3,M
526,D4 B-3 F3 G#1,3,M
526.875,B-3,3,M
527,E-4 B-3 G3 G1,3,M
527.25,F4 B-3 G3 E-4 G1,3,M
527.5,G4 B-3 G3 E-4 G1,3,M
527.75,G#4 B-3 G3 E-4 G1,3,M
527.875,G#4,3,M
528,B-4,3,M
528.25,C5,3,M
528.5,D5,3,M
528.75,E-5,3,M
529,G4 B-4,3,M
529.5,F4 G#4,3,M
530,E-4 G4,3,M
530.75,E-4 C4 G4 G#2,3,M
531,E-4 B-3 G4 B-2,3,M
532,D4 B-3 F4 B-1,3,M
533,G4 B-3 E-4 E-2,3,M
533.25,F4 B-3 E-4 E-2,3,M
533.5,E-4 B-3 E-2,3,M
533.75,F4 B-3 E-4 E-2,3,M
534,E-4,3,M
534.25,E-4 E-5 E-3,3,M
534.5,E-4 D5 D3,3,M
534.75,E-4 C5 C3,3,M
534.875,C5 C3,3,M
535,B-4 B-2,3,M
535.25,C5 C3,3,M
535.5,B-4 B-2,3,M
535.75,G#4 G#2,3,M
536,G4 G2,3,M
536.25,G#4 G#2,3,M
536.5,G4 G2,3,M
536.75,F4 F2,3,M
537,E-3 E-4 E-2,3,M
538,G3,3,M
539,E-3,3,M
539.5,E-3 E-2,3,M
539.75,E-3 F2,3,M
539.875,F2,3,M
540,B-3 G3 E-4 G2,3,M
540.5,B-3 G3 E-4 E-2,3,M
540.875,E-2,3,M
541,B-3 F4 D4 B-4 D2,3,M
542,D4,3,M
543,B-3,3,M
543.5,B-3 D2,3,M
543.75,B-3 E-2,3,M
543.875,E-2,3,M
544,F4 D4 B-4 F2,3,M
544.5,F4 D4 B-4 D2,3,M
544.875,D2,3,M
545,E-3 G4 C4 E-5 C2,3,M
545.5,E-3 G4 C4 E-5 C2,3,M
545.875,G4 C4 E-5 C2,3,M
546,E-4 G4 C4 E-5 C2,3,M
546.5,E-4 G4 C4 E-5 C2,10,M
547,E-4 G4 C4 E-5 C3,10,M
547.5,E-4 G4 C4 E-5 C3,10,M
547.875,G4 C4 E-5 C3,10,M
548,F4 G4 C4 E-5 B-2,10,M
548.5,G4 C4 E-5 B-2,10,M
548.875,G4 C4 E-5 B-2,10,M
549,G4 F4 C4 E-5 A2,10,M
549.5,F4 C4 E-5 A2,10,M
549.875,F4 C4 E-5 A2,10,M
550,F4 A4 C4 E-5 F2,10,M
550.5,F4 A4 C4 E-5 F2,3,M
550.875,F4 E-5 F2,3,M
551,F4 B-4 E-5 G2,3,M
551.5,F4 B-4 E-5 G2,3,M
551.875,F4 E-5 G2,3,M
552,E-4 C5 F4 E-5 A2,3,M
552.5,E-4 C5 F4 E-5 A2,3,M
552.875,A2,3,M
553,D4 B-4 F4 D5 B-2,3,M
553.25,B-3 B-4 F4 D5 B-2,3,M
553.5,C4 B-4 F4 D5 B-2,3,M
553.75,D4 B-4 F4 D5 B-2,3,M
553.875,D4 B-4 F4 B-2,3,M
554,E-4 B-4 F4 B-2,3,M
554.25,F4 B-4 B-2,3,M
554.5,G4 B-4 F4 B-2,3,M
554.75,G#4 B-4 F4 B-2,3,M
555,B-4 F4 G#2,3,M
555.5,B-4 F4 D5 G#2,3,M
555.75,B-4 F4 E-5 G#2,3,M
555.875,B-4 F4 E-5 G#2,3,M
556,B-4 F4 G5 G#2,3,M
556.25,B-4 F4 F5 G#2,3,M
556.5,B-4 F4 E-5 G#2,3,M
556.75,B-4 F4 D5 G#2,3,M
557,E-4 B-4 G4 E-5 G2,3,M
557.25,B-3 B-4 G4 E-5 G2,3,M
557.5,C4 B-4 G4 E-5 G2,3,M
557.75,D4 B-4 G4 E-5 G2,3,M
557.875,D4 B-4 G4 G2,3,M
558,E-4 B-4 G4 G2,3,M
558.25,F4 B-4 G4 G2,3,M
558.5,G4 B-4 G2,3,M
558.75,G#4 B-4 G4 G2,3,M
559,B-4 G4 G2,3,M
559.5,B-4 G4 E-5 G2,3,M
559.75,B-4 G4 F5 G2,3,M
559.875,B-4 G4 F5 G2,3,M
560,B-4 G4 G#5 G2,3,M
560.25,B-4 G4 G5 G2,3,M
560.5,B-4 G4 F5 G2,3,M
560.75,B-4 G4 E-5 G2,3,M
561,F4 B-4 G#4 F5 D2,3,M
561.25,B-3 B-4 G#4 F5 D2,3,M
561.5,C4 B-4 G#4 F5 D2,3,M
561.75,D4 B-4 G#4 F5 D2,3,M
561.875,D4 B-4 G#4 D2,3,M
562,E-4 B-4 G#4 D2,3,M
562.25,F4 B-4 G#4 D2,3,M
562.5,G4 B-4 G#4 D2,3,M
562.75,G#4 B-4 D2,3,M
563,B-4 F4 D2,3,M
563.5,B-4 F4 F5 D2,3,M
563.75,B-4 F4 G5 D2,3,M
563.875,B-4 F4 G5 D2,3,M
564,B-4 D4 B-5 B-1,3,M
564.25,B-4 D4 G#5 B-1,8,M
564.5,B-4 D4 G5 B-1,8,M
564.75,B-4 D4 F5 B-1,8,M
565,B-4 E-4 G5 E-2,8,M
565.25,B-4 E-4 E-2,8,M
565.5,E-4 B-4 B-3 F4 E-2,8,M
565.75,E-4 B-4 B-3 G4 E-2,8,M
565.875,E-4 B-3 G4 E-2,8,M
566,E-3 B-3 G#4 E-2,8,M
566.25,E-3 B-3 B-4 E-2,8,M
566.5,E-3 B-3 C5 E-2,8,M
566.75,E-3 B-3 D5 E-2,8,M
567,E-3 B-3 E-5 C#2,8,M
567.5,E-3 G4 B-3 E-5 C#2,8,M
567.75,E-3 G#4 B-3 E-5 C#2,8,M
567.875,G#4 B-3 C#2,8,M
568,C5 G3 C#2,8,M
568.25,B-4 G3 C#2,8,M
568.5,G#4 B-3 C#2,8,M
568.75,G4 B-3 C#2,8,M
569,G#4 G#3 E-4 C2,8,M
569.5,E-4 G#4 G#3 F4 C2,8,M
569.75,E-4 G#4 G#3 G4 C2,8,M
569.875,E-4 G#3 G4 C2,8,M
570,E-3 G#3 G#4 C2,8,M
570.25,E-3 G#3 B-4 C2,8,M
570.5,E-3 G#3 C5 C2,8,M
570.75,E-3 G#3 D5 C2,8,M
571,E-3 G#3 E-5 C2,8,M
571.5,E-3 G#4 E-4 E-5 C2,8,M
571.75,E-3 B-4 E-4 E-5 C2,8,M
571.875,B-4 E-4 C2,8,M
572,D5 E-4 C2,8,M
572.25,C5 E-4 C2,8,M
572.5,B-4 C4 C2,8,M
572.75,G#4 C4 C2,8,M
573,B-4 C#4 E-4 G1,8,M
573.5,E-3 B-4 B-3 F4 G1,8,M
573.75,E-3 B-4 B-3 G4 G1,8,M
573.875,E-3 B-3 G4 G1,8,M
574,E-4 B-3 G#4 G1,8,M
574.25,E-4 B-3 B-4 G1,8,M
574.5,E-4 B-3 C5 G1,8,M
574.75,E-4 B-3 D5 G1,8,M
575,E-4 B-3 E-5 G2,8,M
575.5,C#4 C#5 B-3 E-5 G2,8,M
576,C4 C5 G#3 E-5 E-2,8,M
576.5,C#4 C#5 G3 E-5 E-2,8,M
577,C4 C5 G#3 E-5 G#2,8,M
577.5,C5,8,M
578,C5 G#4 C4 G#2,8,M
578.375,G#4 C4 C5 G#2,8,M
578.5,G#4,8,M
579,G#4 F4 C4 G#2,8,M
579.375,F4 C4 G#4 G#2,8,M
579.5,F4,8,M
580,F4 C5 E-5 A2,8,M
580.375,C5 F4 E-5 A2,3,M
580.5,E-4,3,M
581,D4 B-4 F4 D5 B-2,3,M
581.5,B-4 F4 D5 B-1,3,M
581.875,B-4 B-1,3,M
582,D4 B-3 F4 B-1,3,M
582.5,D4 B-3 F4 B-1,3,M
583,D4 B-3 F4 B-1,3,M
583.25,B-3 B-1,3,M
583.5,B-3 D4 F4 G#2,3,M
583.875,D4 B-3 F4 G#2,3,M
584,E-4 B-3 G4 G2,3,M
584.5,F4 B-3 G#4 F2,3,M
584.875,F4 G#4 F2,3,M
585,B-4 E-2,3,M
585.5,G4 E-4 B-4 E-2,3,M
585.875,G4 E-4 B-4,3,M
586,G4 B-4,3,M
586.5,G4 E-4 B-4,3,M
587,G4 B-4,3,M
587.5,G4 E-4 B-4,3,M
587.875,G4 E-4,3,M
588,B-4 G4 E-5,3,M
588.5,G4 E-4 E-5,3,M
588.875,G4 E-4,3,M
589,G4 E-2,3,M
589.5,B-3 E-3 G4 E-2,3,M
589.875,B-3 E-3 G4,3,M
590,E-4 G3 G4,3,M
590.5,B-3 E-3 G4,3,M
591,E-4 G3 G4,3,M
591.5,B-3 E-3 G4,3,M
591.875,B-3 E-3,3,M
592,E-4 G3 B-4,3,M
592.5,B-3 E-3 B-4,3,M
592.875,B-3 E-3,3,M
593,B-3 G3 E-4 E-2,3,M
593.375,B-3 G3 E-2,3,M
593.875,G3,3,M
594,G3 E-4 C3,3,M
594.375,E-4 G3 C3,3,M
594.875,E-4,3,M
595,E-4 C4 F4 G#2,3,M
595.875,F4,3,M
596,D4 B-3 F4 B-2,3,M
596.375,D4 B-3 B-2,3,M
596.5,D4 B-3 G4 B-2,3,M
596.75,D4 B-3 G#4 B-2,3,M
596.875,G#4,3,M
597,B-4 E-5 G3 E-4 B-3 G4 E-2,3,M
598,B-4 E-5 G3 E-4,3,M
599,D5 F5 B-3 F4,3,M
600.375,B-3 F4,3,M
600.5,E-5 G5 B-3 F4,3,M
600.75,F5 G#5 B-3 F4,3,M
600.875,F5 G#5,3,M
601,E-5 G5 E-4 G4 B-4 E-2,3,M
601.5,E-5 G5 E-4 G4 B-4 E-2,3,M
601.875,G4 E-4 B-4,3,M
602,G4 B-4,3,M
602.5,G4 E-4 B-4,3,M
603,G4 B-4,3,M
603.5,G4 E-4 C5,3,M
604,B-4 G4 D5,3,M
604.5,G4 E-4 E-5,3,M
605,E-5 E-2,3,M
605.5,B-3 E-3 E-5 E-2,3,M
605.875,B-3 E-3,3,M
606,E-4 G3 G4,3,M
606.5,B-3 E-3 G4,3,M
607,E-4 G3 G4,3,M
607.375,E-4 G3,3,M
607.5,B-3 E-3 G#4,3,M
608,E-4 G3 A4,3,M
608.5,B-3 E-3 B-4,3,M
609,E-4 B-3 G3 E-2,3,M
609.5,E-4 B-3 G3 E-2,3,M
609.6666667,B-3 G3 E-4 E-2,3,M
609.875,G3 E-4,3,M
610,E-4 G3 C3,3,M
610.5,E-4 G3 C3,3,M
610.6666667,G3 E-4 C3,3,M
610.875,E-4,3,M
611,E-4 C4 F4 G#2,3,M
611.875,F4,3,M
612,D4 B-3 F4 B-2,3,M
612.375,D4 B-3 B-2,8,M
612.5,D4 B-3 G4 B-2,8,M
612.75,D4 B-3 G#4 B-2,8,M
612.875,G#4,8,M
613,E-3 E-4 B-3 G4 E-2,8,M
613.875,E-3 E-4,8,M
614,F4 G#4 E-3 E-4 G#3 F3,8,M
614.875,E-3 E-4,8,M
615,G4 B-4 E-3 E-4 B-3 G3,8,M
616.375,E-3 E-4,8,M
616.5,G#4 C5 E-3 E-4 C4 G#3,8,M
616.75,B-4 C#5 E-3 E-4 C#4 B-3,8,M
617,G#4 C5 E-3 E-4 C4 G#3 G#2,8,M
617.5,G#4 C5 E-3 E-4 C4 G#3 G#2,8,M
617.875,C4 G#2,8,M
618,C5 C4 G#2,8,M
618.5,B-4 C4 G#2,8,M
619,G#4 C4 G#2,8,M
619.5,G4 C4 G#2,8,M
619.875,G4,8,M
620,F4 C#4 B-2,8,M
620.5,E4 C#4 B-2,8,M
620.875,E4,8,M
621,F4 C4 G#2,8,M
621.5,F4 E4 C4 E5 G#2,8,M
621.875,E4 E5,8,M
622,F4 F5,8,M
622.5,G4 G5,8,M
623,G#4 G#5,8,M
623.5,G4 G5,3,M
624,G#4 G#5,3,M
624.5,A4 A5,3,M
625,B-4 B-3 B-5 G2,3,M
625.5,B-3 B-4 B-5 G2,3,M
625.875,B-3 G2,3,M
626,B-4 B-3 G2,3,M
626.5,G#4 B-3 G2,3,M
627,G4 B-3 G2,3,M
627.5,F4 B-3 G2,3,M
627.875,F4,3,M
628,E-4 B3 G#2,3,M
628.5,D4 B3 G#2,3,M
628.875,D4,3,M
629,E-4 B-3 G2,3,M
629.5,E-4 D4 B-3 D5 G2,3,M
629.875,D4 D5,3,M
630,E-4 E-5,3,M
630.5,D4 D5,3,M
631,E-4 E-5,3,M
631.5,F4 F5,3,M
632,F#4 F#5,3,M
632.5,G4 G5,3,M
633,G#4 C4 F2,3,M
633.5,G#4 C4 G#5 F2,3,M
633.875,G#4 C4 G#5,3,M
634,G#4 C4 G#5 E-2,3,M
634.375,G#4 C4 E-2,3,M
634.5,G#4 G4 C4 G5 E-2,3,M
634.875,G#4 G4 G5,3,M
635,G#4 G4 D4 G5 D2,3,M
635.375,G#4 D4 D2,3,M
635.5,G#4 F4 D4 F5 D2,3,M
635.875,G#4 F4 F5,3,M
636,G#4 F4 E-4 F5 C2,3,M
636.375,G#4 E-4 C2,3,M
636.5,G#4 E-4 E-5 C2,3,M
636.875,E-4 E-5,3,M
637,B-2 E-4 F4 E-5 B-1,3,M
637.5,B-2 D4 F4 D5 B-1,3,M
637.875,B-2 D4 D5,3,M
638,B-2 D4 B-3 D5 G#1,3,M
638.375,B-2 B-3 G#1,3,M
638.5,B-2 C4 B-3 C5 G#1,3,M
638.875,B-2 C4 C5,3,M
639,B-2 C4 C5 G1,3,M
639.375,B-2 C4 G1,3,M
639.5,B-2 B-3 C4 B-4 G1,3,M
639.875,B-2 B-3 B-4,3,M
640,B-2 B-3 D4 B-4 F1,3,M
640.375,B-2 D4 F1,3,M
640.5,B-2 G#3 D4 G#4 F1,3,M
640.875,G#3 G#4,3,M
641,B-4 G3 E-4 G4 E-1,3,M
641.5,B-4 B-3 G3 E-4 E-1,3,M
641.875,B-4 B-3 G3 E-4,3,M
642,B-4 B-3 G3 E-4,3,M
642.5,B-4 B-3 G3 E-4,3,M
643,B-4 G#1,3,M
643.5,C5 C4 F3 E-4 G#1,3,M
643.875,C5 C4 F3 E-4,3,M
644,G#4 C4 F3 E-4,3,M
644.5,F4 C4 F3 E-4,3,M
645,E-4 B-1,3,M
645.5,E-4 B-3 G3 B-1,3,M
645.875,E-4 B-3 G3,3,M
646,E-4 B-3 G3,3,M
646.5,E-4 B-3 G3,3,M
647,E-4 B-1,3,M
647.5,E-4 B-3 G#3 B-1,3,M
647.875,B-3 G#3 E-4,3,M
648,G4 B-3 G#3 D4,3,M
648.5,F4 B-3 G#3 D4,3,M
649,B-3 G3 E-4 E-1,3,M
650,E-2,3,M
651,E-4 G4,3,M
651.5,D4 F4,3,M
652,E-4 G4,3,M
652.5,F4 G#4,3,M
653,G4 E-4 B-4 E-2,3,M
653.5,E-4 B-4 E-2,3,M
653.875,E-4 B-4,3,M
654,G4 E-4 B-4 E-3,3,M
654.5,E-4 B-4 E-3,3,M
654.875,E-4,3,M
655,G#4 E-4 C5 E-2,3,M
655.5,B-4 E-4 D5 E-2,3,M
655.875,B-4 E-4 D5,3,M
656,C5 E-4 E-5 E-3,3,M
656.5,G#4 E-4 C5 E-3,?,?
656.875,G#4 E-4 C5,?,?
657,G4 E-4 B-4 E-2,?,?
657.5,E-4 B-4 E-2,?,?
657.875,E-4 B-4,?,?
658,G4 E-4 B-4,?,?
658.5,E-4 B-4,?,?
658.875,E-4,?,?
659,E-4 F#3 A4,?,?
659.5,E-4,?,?
660,E-4 F#3 A4,?,?
660.5,E-4,3,M
661,E-4 G3 B-4,3,M
661.5,E-4,3,M
662,E-4 G3 B-4,3,M
662.5,E-4,3,M
663,E-4 A3 C5,3,M
663.5,E-4,3,M
664,E-4 A3 C5,3,M
664.5,E-4,3,M
665,D4 B-3 F4,3,M
665.875,D4 F4,3,M
666,D4 B-4 F4,3,M
666.75,B-4,3,M
666.875,F4 G#4,3,M
667,E-4 G4,3,M
667.5,D4 F4,3,M
668,E-4 G4,3,M
668.5,F4 G#4,3,M
669,G4 E-4 B-4 E-2,3,M
669.5,E-4 B-4 E-2,3,M
669.875,E-4 B-4,3,M
670,G4 E-4 B-4 E-3,3,M
670.375,G4 E-4 E-3,3,M
670.5,G4 E-4 B4 E-3,3,M
670.875,G4 E-4 B4,3,M
671,E-4 G#4 C5 E-2,3,M
671.3333333,G#4 E-4 C5 E-2,3,M
671.5,E-4 B-4 D5 E-2,3,M
671.8333333,B-4 E-4 D5 E-2,3,M
671.875,B-4 E-4 D5,3,M
672,E-4 C5 E-5 E-3,3,M
672.3333333,C5 E-4 E-5 E-3,3,M
672.5,E-4 G#4 C5 E-3,3,M
672.8333333,G#4 E-4 C5 E-3,3,M
672.875,G#4 E-4 C5,3,M
673,E-4 G4 B-4 E-2,3,M
673.5,E-4 B-4 E-2,3,M
673.875,E-4 B-4,3,M
674,G4 E-4 B-4,3,M
674.5,E-4 B-4,?,?
674.875,E-4,?,?
675,E-4 E-3 A4 F#2,?,?
675.5,E-4 E-3,10,M
676,E-4 E-3 A4 F#2,10,M
676.5,E-4 E-3,10,M
677,E-4 E-3 B-4 G2,10,M
677.5,E-4 E-3,10,M
678,E-4 E-3 B-4 G2,10,M
678.5,E-4 E-3,10,M
679,E-4 E-3 C5 A2,10,M
679.5,E-4 E-3,10,M
680,E-4 E-3 C5 A2,10,M
680.5,E-4 E-3,10,M
681,D4 B-3 F4 B-2,10,M
683,E-5 A4 C6,10,M
684,E-5 A4 C6,10,M
685,D5 B-4 F5,10,M
687,E-4 E-3 C5 A1,10,M
688,E-4 E-3 C5 A1,10,M
689,D4 B-3 F4 B-1,10,M
690.875,B-1,10,M
691,B-3 D4 G#4 B-1,10,M
691.5,B-3 D4 G#4 B-1,10,M
691.875,B-3 D4 B-1,10,M
692,B-3 D4 G#4 B-1,10,M
692.5,B-3 D4 G#4 B-1,3,M
692.875,B-3 B-1,3,M
693,B-3 E-4 G4 B-1,3,M
693.5,B-3 E-4 G4 B-1,3,M
693.875,B-3 E-4 B-1,3,M
694,B-3 E-4 G4 B-1,3,M
694.5,B-3 E-4 G4 B-1,3,M
694.875,B-3 B-1,3,M
695,B-3 F4 A4 B-1,3,M
695.5,B-3 F4 A4 B-1,3,M
695.875,B-3 F4 B-1,3,M
696,B-3 F4 C5 B-1,3,M
696.5,B-3 F4 B-4 B-1,3,M
696.875,B-3 B-4 B-1,3,M
697,B-3 G4 B-4 B-1,3,M
697.5,B-2 B-3 G4 B-4 B-1,3,M
698,B-2 G4 B-4 B-1,3,M
698.375,B-2 G4 B-1,3,M
698.5,B-2 B-3 G4 B4 B-1,3,M
698.875,B-2 B-3 B4 B-1,3,M
699,B-2 G#4 C5 B-1,3,M
699.5,B-2 B-3 G#4 D5 B-1,3,M
700,B-2 G#4 E-5 B-1,3,M
700.5,B-2 B-3 G#4 C5 B-1,3,M
700.875,B-2 B-3 C5 B-1,3,M
701,B-2 G4 B-4 B-1,3,M
701.5,B-2 B-3 G4 B-4 B-1,3,M
701.875,B-3 G4 B-4 B-1,3,M
702,G4 B-4 B-1,3,M
702.5,B-3 G4 B-4 B-1,3,M
702.875,B-3,3,M
703,G#4 F4 G#3,3,M
703.6666667,F4 G#3 G#4,3,M
704,G#4 F4 G#3 D2,3,M
704.6666667,F4 G#3 G#4 D2,3,M
705,G4 E-4 G3 E-2,3,M
705.6666667,E-4 G3 G4 E-2,3,M
706,G4 E-4 G3 C2,3,M
706.6666667,E-4 G3 G4 C2,3,M
706.75,E-4 C2,3,M
706.875,G3 G4,3,M
707,E-4 F3 F4 G#1,3,M
707.5,E-3 E-4 G#1,3,M
707.875,E-3 E-4,3,M
708,D4 F3 F4 B-1,3,M
708.5,D4 G3 G4 B-1,3,M
708.875,G3 G4,3,M
709,E-4 E-3 E-2,3,M
709.5,E-4 E-3 E-2,3,M
709.875,E-3 E-4 E-2,3,M
710,E-4,3,M
710.5,E-4 E-2,8,M
711,C4 E-4 C2,8,M
711.5,C4 F4 C2,8,M
711.75,C4 G4 C2,8,M
711.875,G4,8,M
712,G#3 G#4 G#1,8,M
712.25,G#3 B-4 G#1,8,M
712.5,G#3 C5 G#1,8,M
712.75,G#3 D5 G#1,8,M
712.875,D5,8,M
713,G3 E-5 G1,8,M
713.5,E-4 G3 E-5 G1,8,M
714,E-4,8,M
714.5,E-4 G4 E-3,8,M
715,E-4 G#4 C3,8,M
715.5,F4 E-4 G#4 C3,8,M
715.75,G4 E-4 G#4 C3,8,M
715.875,G4,8,M
716,G#4 E-4 C5 G#2,8,M
716.25,B-4 G#4 E-4 C5 G#2,8,M
716.5,C5 G#4 E-4 G#2,8,M
716.75,D5 G#4 E-4 C5 G#2,8,M
716.875,D5,8,M
717,E-5 G4 E-4 B-4 G2,8,M
717.3333333,G4 E-4 B-4 G2,8,M
717.5,B-4 G4 E-4 G2,8,M
717.875,B-4,8,M
718.5,G4,3,M
719,B-4 E-4 B-3 G4 E-2,3,M
719.3333333,E-4 B-3 G4 E-2,3,M
719.5,G4 E-4 B-3 E-2,3,M
719.875,G4,3,M
720.5,E-4,3,M
721,B-3 E-4 G4 B-1,3,M
721.5,B-3 E-4 G4 B-1,3,M
721.875,E-4 B-3 G4 B-1,3,M
722,B-4 E-4 B-3 G4 B-1,3,M
722.5,B-4 E-4 B-3 G4 B-1,3,M
723,B-4 E-4 B-3 G4 B-1,3,M
723.5,B-4 E-4 B-3 G4 B-1,3,M
723.875,E-4 B-3 G4 B-1,3,M
724,G#4 E-4 B-3 G4 B-1,3,M
724.25,G4 E-4 B-3 B-1,3,M
724.5,F4 E-4 B-3 G4 B-1,3,M
724.75,E-4 B-3 G4 B-1,3,M
725,G4 E-4 B-3 F4 B-1,3,M
725.125,F4 E-4 B-3 B-1,3,M
725.25,G4 E-4 B-3 F4 B-1,3,M
725.375,F4 E-4 B-3 B-1,3,M
725.5,G4 E-4 B-3 F4 B-1,3,M
725.625,F4 E-4 B-3 B-1,3,M
725.75,G4 E-4 B-3 F4 B-1,3,M
725.875,F4 E-4 B-3 B-1,3,M
726,G4 E-4 B-3 F4 B-1,3,M
726.125,F4 E-4 B-3 B-1,3,M
726.25,G4 E-4 B-3 F4 B-1,3,M
726.375,F4 E-4 B-3 B-1,3,M
726.5,G4 E-4 B-3 F4 B-1,3,M
726.625,F4 E-4 B-3 B-1,3,M
726.75,G4 E-4 B-3 F4 B-1,3,M
726.875,F4 E-4 B-3 B-1,3,M
727,G4 D4 G#3 F4 B-1,3,M
727.125,F4 D4 G#3 B-1,3,M
727.25,G4 D4 G#3 F4 B-1,3,M
727.375,F4 D4 G#3 B-1,3,M
727.5,G4 D4 G#3 F4 B-1,3,M
727.625,F4 D4 G#3 B-1,3,M
727.75,G4 D4 G#3 F4 B-1,3,M
727.875,F4 D4 G#3 B-1,3,M
728,G4 D4 G#3 F4 B-1,3,M
728.125,F4 D4 G#3 B-1,3,M
728.25,G4 D4 G#3 F4 B-1,3,M
728.375,F4 D4 G#3 B-1,3,M
728.5,G4 D4 G#3 F4 B-1,3,M
728.625,F4 D4 G#3 B-1,3,M
728.75,E-4 D4 G#3 F4 B-1,3,M
728.875,F4 D4 G#3 B-1,3,M
729,G4 B-4 E-3 G3 E-4 E-2,3,M
729.25,G4 B-4 E-3 G3 E-4 E-2,3,M
729.5,G4 B-4 E-3 G3 E-4 E-2,3,M
729.75,B-4 E-3 G4 G3 E-4 E-2,3,M
729.875,G4 B-4 E-3 G3 E-4 E-2,3,M
730,G4 B-4 E-3 G3 E-4 E-2,3,M
730.25,G4 B-4 E-3 G3 E-4 E-2,3,M
730.5,G4 B-4 E-3 G3 E-4 E-2,3,M
730.75,B-4 E-3 E-4 G4 G3 E-2,3,M
730.875,G4 B-4 E-3 E-4 E-2,3,M
731,G4 B-4 E-3 E-4 E-2,3,M
731.25,G4 B-4 E-3 E-4 G#4 F4 E-2,3,M
731.5,G4 B-4 E-3 E-4 E-2,3,M
731.75,G4 B-4 E-3 E-4 F4 D4 E-2,3,M
732,G4 B-4 E-3 E-4 C4 E-2,3,M
732.25,G4 B-4 E-3 E-4 D4 B-3 E-2,3,M
732.5,G4 B-4 E-3 E-4 C4 G#3 E-2,3,M
732.75,G4 B-4 E-3 E-4 B-3 G3 E-2,3,M
732.875,B-3 G3 E-2,3,M
733,G#4 E-3 C4 G#3 G#5 E-4 C5 E-2,3,M
733.25,G#4 E-3 G#3 G#5 E-4 C5 E-2,3,M
733.5,G#4 E-3 C4 G#5 E-4 C5 E-2,3,M
733.75,G#4 C5 E-3 E-4 C4 G#5 E-2,3,M
733.875,G#4 C5 E-3 E-4 C4 G#5 E-2,3,M
734,G#4 C5 E-3 E-4 C4 G#5 E-2,3,M
734.25,G#4 C5 E-3 E-4 C4 G#5 E-2,3,M
734.5,G#4 C5 E-3 E-4 C4 G#5 E-2,3,M
734.75,G#4 C5 E-3 E-4 C4 G#5 E-2,3,M
734.875,G#4 C5 E-3 E-4 C4 E-2,3,M
735,G#4 C5 E-3 E-4 E-2,3,M
735.25,G#4 C5 E-3 E-4 B-4 G4 E-2,3,M
735.5,G#4 C5 E-3 E-4 F4 E-2,3,M
735.75,G#4 C5 E-3 E-4 G4 E-2,3,M
736,G#4 C5 E-3 E-4 F4 D4 E-2,3,M
736.25,G#4 C5 E-3 E-4 C4 E-2,3,M
736.5,G#4 C5 E-3 E-4 D4 B-3 E-2,3,M
736.75,G#4 C5 E-3 E-4 C4 G#3 E-2,3,M
736.875,C4 G#3 E-2,3,M
737,G4 E-3 B-3 G3 G5 E-4 B-4 E-2,3,M
737.25,G4 E-3 G3 G5 E-4 B-4 E-2,3,M
737.5,G4 E-3 B-3 G5 E-4 B-4 E-2,3,M
737.75,G4 B-4 E-3 E-4 B-3 G5 E-2,3,M
737.875,G4 B-4 E-3 E-4 B-3 G5 E-2,3,M
738,G4 B-4 E-3 E-4 B-3 G5 E-2,3,M
738.25,G4 B-4 E-3 E-4 B-3 G5 E-2,3,M
738.5,G4 B-4 E-3 E-4 B-3 G5 E-2,3,M
738.75,G4 B-4 E-3 E-4 B-3 G5 E-2,3,M
739,G4 B-4 E-3 E-4 E-2,3,M
739.25,G4 B-4 E-3 E-4 G#4 F4 E-2,3,M
739.5,G4 B-4 E-3 E-4 E-5 E-2,3,M
739.75,G4 B-4 E-3 E-4 F4 D4 E-5 E-2,3,M
740,G4 B-4 E-3 E-4 C4 G5 E-2,3,M
740.25,G4 B-4 E-3 E-4 D4 B-3 G5 E-2,3,M
740.5,G4 B-4 E-3 E-4 C4 G#3 B-5 E-2,3,M
740.75,G4 B-4 E-3 E-4 B-3 G3 B-5 E-2,3,M
740.875,B-3 G3 B-5 E-2,3,M
741,G#4 D5 B-3 F4 D4 F3 G#5 B-1,3,M
741.25,G#4 D5 B-3 F4 D4 F3 G#5 B-1,3,M
741.5,G#4 D5 B-3 F4 D4 F3 F5 B-1,3,M
741.75,G#4 D5 B-3 F4 D4 F3 F5 B-1,3,M
742,G#4 D5 B-3 F4 G#3 F5 B-1,3,M
742.25,G#4 D5 B-3 F4 G#3 F5 B-1,3,M
742.375,G#4 D5 B-3 F4 G#3 B-1,3,M
742.5,G#4 D5 B-3 F4 G#3 B-1,3,M
742.75,G#4 B-3 F4 G#3 D5 B-1,3,M
743,G#4 B-3 F4 D4 F3 D5 B-1,3,M
743.25,G#4 D5 B-3 F4 D4 F3 B-1,3,M
743.375,G#4 D5 B-3 F4 D4 F3 B-1,3,M
743.5,G#4 D5 B-3 F4 D4 F3 B-4 B-1,3,M
743.75,G#4 D5 B-3 F4 D4 F3 B-4 B-1,3,M
744,G#4 D5 B-3 F4 D4 B-4 B-1,3,M
744.25,G#4 D5 B-3 F4 D4 B-4 B-1,3,M
744.375,G#4 D5 B-3 F4 D4 B-1,3,M
744.5,G#4 D5 B-3 F4 D4 B-1,3,M
744.75,G#4 D5 B-3 F4 D4 B-1,3,M
744.875,F4 D4 G#4 B-1,3,M
745,E-5 E-4 G4 E-2,3,M
745.25,E-5 E-4 G4 E-2,3,M
745.5,E-5 E-4 G4 B-4 E-2,3,M
745.75,E-5 E-4 G4 B-4 E-2,3,M
745.875,E-4 B-4 E-2,3,M
746,G5 B-5 E-4 G4 E-5 E-2,3,M
746.25,G5 B-5 E-4 G4 E-5 E-2,3,M
746.5,G5 B-5 E-4 G4 E-2,3,M
746.75,G5 B-5 E-4 G4 E-2,3,M
746.875,E-4 G4 G5 E-2,3,M
747,G#5 C6 E-4 G#4 C5 G#2,3,M
747.25,G#5 C6 E-4 G#4 C5 G#2,3,M
747.5,G#5 C6 E-4 G#4 E-5 G#2,3,M
747.75,G#5 C6 E-4 G#4 E-5 G#2,3,M
747.875,E-4 G#4 E-5 G#2,3,M
748,C5 E-4 G#4 G#5 G#2,3,M
748.25,C5 G#5 E-4 G#4 G#2,3,M
748.5,C5 G#5 E-4 G#4 C6 G#2,3,M
748.75,C5 G#5 E-4 G#4 C6 G#2,3,M
748.875,E-4 G#4 C6 G#2,3,M
749,E-5 G5 E-4 G4 B-3 B-2,3,M
749.25,E-5 G5 E-4 G4 B-3 B-2,3,M
749.5,E-5 G5 E-4 G4 B-3 B-2,3,M
749.75,E-5 G5 E-4 G4 B-3 B-2,3,M
750,E-5 G5 E-4 G4 B-3 B-2,3,M
750.25,E-5 G5 E-4 G4 B-3 B-2,3,M
750.5,E-5 G5 E-4 G4 B-3 B-2,3,M
750.75,E-5 G5 E-4 G4 B-3 B-2,3,M
750.875,E-5 G4 B-2,3,M
751,F5 B-3 F4 D5 G#4 G5 B-1,3,M
751.125,D5 F5 B-3 F4 G#4 B-1,3,M
751.25,D5 F5 B-3 F4 G#4 G5 B-1,3,M
751.375,D5 F5 B-3 F4 G#4 B-1,3,M
751.5,D5 F5 B-3 F4 G#4 G5 B-1,3,M
751.625,D5 F5 B-3 F4 G#4 B-1,3,M
751.75,D5 F5 B-3 F4 G#4 G5 B-1,3,M
751.875,D5 F5 B-3 F4 G#4 B-1,3,M
752,D5 F5 B-3 F4 G#4 G5 B-1,3,M
752.125,D5 F5 B-3 F4 G#4 B-1,3,M
752.25,D5 F5 B-3 F4 G#4 G5 B-1,3,M
752.375,D5 F5 B-3 F4 G#4 B-1,3,M
752.5,D5 F5 B-3 F4 G#4 G5 B-1,3,M
752.625,D5 F5 B-3 F4 G#4 B-1,3,M
752.75,D5 F5 B-3 F4 G#4 G5 B-1,3,M
752.875,D5 G#4 F5 B-1,3,M
753,G3 E-4 G4 E-5 E-2,3,M
754,B-4 G5 B-5,3,M
755,E-5 G5 E-4 G4 B-4 B-5 B-2,3,M
755.375,E-5 G5 E-4 G4 B-4 B-2,3,M
755.5,E-5 G5 E-4 G4 F5 B-4 G#5 B-2,3,M
755.75,E-5 G5 E-4 G4 B-4 B-2,3,M
755.875,E-4 G4 E-5 G5,3,M
756,D5 F5 B-3 F4 E-5 B-4 G5 B-1,3,M
756.25,D5 F5 B-3 F4 G#4 B-1,3,M
756.5,D5 F5 B-3 F4 C5 G4 E-5 B-1,3,M
756.75,D5 F5 B-3 F4 G#4 B-1,3,M
756.875,B-3 F4 D5 G#4 F5,3,M
757,G3 E-4 G4 E-5 E-2,3,M
758,E-3 B-3 G3 E-4 E-2,3,M
758.75,E-3 B-3 G3 E-4 E-2,3,M
759,E-3 B-3 G3 E-4 E-2,3,M
