0,D3,2,m
0.5,D4 F3,2,m
1,D4 F3,2,m
1.375,D4,2,m
1.5,D4 A3,2,m
1.875,D4,2,m
2,D4 E3,2,m
2.375,D4,9,m
2.5,D4 G3,9,m
2.875,D4,9,m
3,C#4 G3,9,m
3.375,C#4 B-3,9,m
3.5,C#4 B-3,9,m
3.75,C#4,9,m
4,D4 F3,9,m
4.375,D4,9,m
4.5,D4 A4 A3,9,m
4.875,D4,9,m
5,A4 E4 C#3,9,m
5.375,A4 E4,9,m
5.5,A4 E4 A3,9,m
5.875,A4,9,m
6,A4 F4 D3,9,m
6.375,A4 F4,9,m
6.5,A4 F4 A3,9,m
6.875,A4 F4,9,m
7,G#4 F4 D3,9,m
7.375,G#4 F4,9,m
7.5,G#4 F4 B3,9,m
7.75,G#4 F4 B3,9,m
8,A4 E4 C3,9,m
8.5,A4 E4 C4,9,m
9,B4 E4 G#2,9,m
9.5,B4 E4 D4,9,m
9.75,E4 B4 D4,9,m
10,C5 E4 A2,9,m
10.5,C5 E4 C4,9,m
10.75,C5 E4 C4,9,m
11,D5 B-4 F#4 D3,9,m
11.375,D5 F#4 D3,9,m
11.5,A4 D5 F#4 C5 D4,9,m
11.875,D5 C5 F#4 D4,9,m
12,B-4 D5 G4 G2,9,m
12.5,D5 B-4 G4 D4,9,m
12.75,G4 B-4 D4,9,m
12.875,B-4 G4 D4,9,m
13,C#5 A4 F4 A3 A2,9,m
13.375,C#5 A3 A2,9,m
13.5,G4 C#5 A3 E4 C#4,9,m
13.75,G4 E4 C#4 A3,9,m
13.875,A3 E4 C#4,9,m
14,A4 D5 F4 A3 F3,9,m
14.5,A4 D5 F4 A3 D4,9,m
14.75,F4 A4 D4 A3,9,m
14.875,A4 D4 A3,9,m
15,E5 B4 G#3 B3 E3,9,m
15.5,E5 B4 G#3 G#4 E4 B3,9,m
15.75,G#3 G#4 E4 B3,9,m
15.875,E4 G#4 B3,9,m
16,F5 C5 A3 E4 D3,9,m
16.375,F5 A3 E4 D3,?,?
16.5,B4 F5 D4 A3 C5 A4 F4,?,?
16.625,F5 A3 D4 C5 A4 F4,?,?
16.75,A4 F5 C4 A3 C5 F4,?,?
16.875,F5 A3 C4 C5 A4 F4,?,?
17,G4 F5 B3 D4 G3,?,?
17.5,F5 G4 B3 D4 B4 F4,?,?
17.75,B3 D4 B4 G4 F4,?,?
17.875,G4 D4 B4 F4,?,?
18,E5 G4 C4 E4 C3,?,?
18.5,E5 G4 C4 E4 C5,?,?
18.75,C4 E4 C5 G4,?,?
19,C5 A4 C4 E4 A2,?,?
19.5,G4 C5 C4 E4 E5 A4,2,m
19.875,C5 E4 E5 A4,2,m
20,F4 C5 A3 E4 D3,2,m
20.5,C5 F4 A3 E4 D5,2,m
20.75,A3 E4 D5 C5 F4,2,m
20.875,F4 D5 C5,2,m
21,B-4 F4 D3 D4,2,m
21.5,F4 D3 D4 D5 A4,2,m
21.75,D3 D4 D5 A4 F4,2,m
21.875,D4 D5 A4 F4,2,m
22,G#4 E4 D4 E3,2,m
22.375,G#4 E4 E3,2,m
22.5,E4 C4 E3 C5 A4,2,m
22.875,A4 E3 C5 E4,2,m
23,D4 A4 B3 E3,2,m
23.5,D4 E3 B3 B4 G#4,2,m
23.875,E3 B4 G#4 D4,2,m
24,C4 A4 A3,2,m
24.5,C4 A4 A3,2,m
25,B-4 C#4 G3,2,m
25.5,B-4 C#4 G3 B-5 C#5 E5 G4,2,m
25.875,B-5 C#5 E5 G4,2,m
26,A4 D4 F3,2,m
26.5,A4 D4 F3 A5 D5 F5 F4,2,m
26.875,A5 D5 F5 F4,2,m
27,A3 A4 G4 C#4 A2 E3,2,m
27.375,G4 C#4 E3 A2,2,m
27.5,A3 A4 G4 C#4 E3 A2 C#6 G5 E4,2,m
27.875,A2 C#6 A4 G5 E4,2,m
28,A4 F4 D4 D3,2,m
28.25,A4 F4 D4 D3 D6,2,m
28.5,A4 F4 D4 D3 D6,2,m
28.75,A4 F4 D4 D3 D5,2,m
28.875,A4 D4 D3 D5,2,m
29,D4 D3 D2,2,m
29.25,D3 D5 D4 D2,2,m
29.5,D3 D5,2,m
29.75,D3 D4,2,m
30,D3 D4 D2,2,m
30.25,B-4 D4 D3 D2,2,m
30.375,D3 B-4 D4 D2,2,m
30.5,D3 B-4,2,m
30.75,D3 B-3,2,m
30.875,D3 B-3,2,m
31,A3 C#4 C#3 C#2,2,m
31.25,A3 E5 C#4 C#3 C#2,2,m
31.375,C#3 A3 E5 C#4 C#2,2,m
31.5,C#3 A3 E5,2,m
31.75,C#3 A3 E4,2,m
31.875,C#3 A3 E4,2,m
32,A3 D4 D3 D2,2,m
32.25,A3 F5 D4 D3 D2,2,m
32.375,A3 D3 F5 D4 D2,2,m
32.5,A3 D3 F5,2,m
32.75,D3 A3 F4,2,m
32.875,A3 D3 F4,2,m
33,D4 G#3 E4 E3 E2,2,m
33.25,G#3 D4 B4 E4 E3 E2,2,m
33.375,G#3 D4 E3 B4 E4 E2,2,m
33.5,G#3 D4 E3 B4,2,m
33.75,D4 G#3 E3 B3,2,m
33.875,G#3 E3 D4 B3,2,m
34,D4 A3 F4 F3 F2,2,m
34.25,D4 A3 A4 F4 F3 F2,2,m
34.375,D4 A3 F3 A4 F4 F2,2,m
34.5,D4 A3 F3 A4,2,m
34.75,D4 A3 F3,2,m
34.875,D4 F3 A3,2,m
35,A4 C#4 G3 E4 E3 E2,2,m
35.25,A4 C#4 G3 G5 E4 E3 E2,2,m
35.375,C#4 A4 G3 E3 G5 E4 E2,2,m
35.5,A4 C#4 G3 E3 G5,2,m
35.75,C#4 A4 G3 E3 G4,2,m
35.875,C#4 A4 E3 G3 G4,2,m
36,A4 F3 D4 D3 D2,2,m
36.25,A4 F3 F5 D4 D3 D2,2,m
36.375,A4 F3 D3 F5 D4 D2,2,m
36.5,A4 C4 F3 D3 F5,2,m
36.75,A4 C4 F3 D3 F4,2,m
36.875,A4 C4 F3 D3 F4,2,m
37,G#4 B3 D4 E4 E3 E2,2,m
37.25,G#4 B3 D4 D5 E4 E3 E2,5,M
37.375,G#4 B3 D4 E3 D5 E4 E2,5,M
37.5,G#4 E4 D4 E3 D5,5,M
37.75,G#4 E4 D4 E3,5,M
37.875,G#4 E4 E3 D4,5,M
38,A4 A3 C4 F4 F3 F2,5,M
38.25,A4 A3 C4 C5 F4 F3 F2,5,M
38.375,A4 A3 C4 F3 C5,5,M
38.5,A4 A3 C4 C5 E4 E3 E2,5,M
38.75,A4 A3 C4 E4 E3 E2,5,M
38.875,A4 A3 E3 C4,5,M
39,B4 F4 D4 D3 D2,5,M
39.25,B4 F4 D4 F5 D3 D2,5,M
39.375,B4 F4 D4 D3 F5,5,M
39.5,B4 F4 D4 F5 G4 G3 G2,5,M
39.75,B4 F4 D4 G4 G3 G2,5,M
39.875,B4 D4 G3 F4,5,M
40,C5 E4 C4 C3 C2,5,M
40.25,C5 E4 E5 C4 C3 C2,5,M
40.375,C5 E4 E5 C4 C3 C2,5,M
40.5,C5 E4 A3 E5 C4 C3 C2,5,M
40.75,C5 E4 A3 C4 C3 C2,5,M
40.875,C5 A3 C3 E4,5,M
41,B-4 F#4 D4 D3 D2,5,M
41.25,B-4 D4 F#4 F#5 D3 D2,2,m
41.375,B-4 F#4 D4 F#5 D3 D2,2,m
41.5,A4 F#4 C4 F#5 D4 D3 D2,2,m
41.75,A4 F#4 C4 D4 D3 D2,2,m
41.875,A4 C4 D3 F#4,2,m
42,B-4 G4 B-3 G3 G2 G1,2,m
42.25,B-4 G4 B-3 G5 G3 G2 G1,2,m
42.375,B-4 G4 B-3 G5 G3 G2 G1,2,m
42.5,B-4 F4 B-3 G5 G3 G2 G1,2,m
42.75,B-4 F4 B-3 G4 G3 G2 G1,2,m
42.875,B-4 G3 F4 B-3 G4,2,m
43,A4 E4 B-3 C4 C3 C2,2,m
43.25,A4 E4 B-3 B-5 C4 C3 C2,2,m
43.375,A4 B-3 E4 B-5 C4 C3 C2,2,m
43.5,G4 E4 C4 B-5 C3 C2,2,m
43.625,G4 C4 E4 B-5 C3 C2,2,m
43.75,G4 E4 B-3 B-4 C4 C3 C2,2,m
43.875,G4 B-3 C3 E4 B-4,2,m
44,A4 E4 A3 F4 F3 F2,2,m
44.25,E4 A4 A3 A5 F4 F3 F2,2,m
44.375,A4 E4 A3 A5 F4 F3 F2,2,m
44.5,A4 D4 A3 A5 F4 F3 F2,2,m
44.625,D4 A4 A3 A5 F4 F3 F2,2,m
44.75,C#4 A3 A4 F4 F3 F2,2,m
44.875,C#4 A3 F3 A4,2,m
45,D5 D4 F4 B-4 B-3 B-2,2,m
45.25,D4 D5 F4 D6 B-4 B-3 B-2,2,m
45.375,D4 D5 F4 B-3 D6,2,m
45.5,D5 F4 D6 A4 A3 A2,2,m
45.75,A4 D5 F4 A3 A2,2,m
45.875,A4 D5 F4 A3,2,m
46,D5 B-4 E4 G4 G3 G2,2,m
46.25,D5 B-4 E4 E6 G4 G3 G2,2,m
46.375,D5 G3 B-4 E4 E6,2,m
46.5,D5 B-4 E4 E6 F4 F3 F2,2,m
46.625,D5 F3 B-4 E4 E6,2,m
46.75,D5 E4 B-4 E5 E3 E2,2,m
46.875,D5 E4 E3 B-4 E5,2,m
47,C#5 E4 A4 A3 A2,2,m
47.25,C#5 A4 E4 E5 A3 A2,2,m
47.375,C#5 A3 A4 E4 E5,2,m
47.5,C#5 A4 E4 E5 G4 G3 G2,2,m
47.75,C#5 A4 E4 G4 G3 G2,2,m
47.875,C#5 G3 A4 E4,2,m
48,D5 A4 A3 A2 F4 F3 F2,2,m
48.25,D5 A4 A3 A2 A5 F4 F3 F2,2,m
48.375,D5 A4 A3 F3 A2 A5,2,m
48.5,D5 A4 A3 A2 A5 E4 E3 E2,2,m
48.75,D5 A4 A3 A2 E4 E3 E2,2,m
48.875,D5 E3 A4 A3 A2,2,m
49,E5 A4 A3 A2 D4 D3 D2,2,m
49.25,A4 E5 A3 A2 G5 D4 D3 D2,2,m
49.375,A4 E5 A3 D3 A2 G5,2,m
49.5,E5 A3 A4 G4 A2 G5 C#4 C#3 C#2,2,m
49.75,E5 G4 A3 A4 A2 C#4 C#3 C#2,2,m
49.875,E5 A3 C#3 A2 G4,2,m
50,F5 A3 A4 F4 D4 D3 D2,2,m
50.25,F4 F5 A3 A4 D4 D3 D2,2,m
50.375,F4 A3 A4 F5 D4 D3 D2,2,m
50.5,E4 A3 A4 F5 D4 D3 D2,2,m
50.625,F5 E4 A4 A3 D4 D3 D2,2,m
50.75,F5 D4 A3 A4 F4 D3 D2,2,m
50.875,F5 D4 A3 D3 F4,2,m
51,E5 A3 A4 A2 C4 C3 C2,2,m
51.25,E5 A4 A3 A2 A5 C4 C3 C2,2,m
51.375,E5 A4 A3 A2 A5 C4 C3 C2,2,m
51.5,E5 A3 A4 C4 A2 A5 C3 C2,2,m
51.625,E5 C4 A3 A4 A2 A5 C3 C2,2,m
51.75,E5 A4 A3 A2 C4 C3 C2,2,m
51.875,E5 A3 C3 A2 A4,2,m
52,D4 D5 A4 F4 D3 B-3 B-2 B-1,2,m
52.25,A4 F4 D4 D5 D3 D6 B-3 B-2 B-1,2,m
52.375,D5 A4 F4 D4 D3 D6 B-3 B-2 B-1,2,m
52.5,D5 F4 D4 B-4 D3 D6 B-3 B-2 B-1,2,m
52.75,B-4 D5 D4 F4 D3 B-3 B-2 B-1,2,m
52.875,B-4 F4 B-2 D3 D5,2,m
53,D5 G4 D4 D3 B-4 B-3 B-2,2,m
53.25,D5 G4 D4 D3 D6 B-4 B-3 B-2,2,m
53.375,D5 G4 D4 D3 D6 B-4 B-3 B-2,2,m
53.5,G4 D5 D4 D3 D6 B-4 B-3 B-2,2,m
53.625,G4 D5 D4 D3 D6 B-4 B-3 B-2,2,m
53.75,D4 G4 D3 D5 B-4 B-3 B-2,2,m
53.83333333,G4 D4 D3 D5 B-4 B-3 B-2,2,m
53.875,G4 D4 B-3 D3 D5,2,m
54,C#5 E4 A4 A3 A2,2,m
54.25,C#5 E4 A4 A2 A5 A3,2,m
54.5,C#5 A4 E4 A3 A2 A5,2,m
54.75,C#5 A4 E4 A3 A2,2,m
55,E5 B-4 E4 B-3 G4 G3 G2,2,m
55.25,E5 B-4 E4 B-3 B-5 G4 G3 G2,2,m
55.5,B-5,2,m
55.75,E5,2,m
56,A3 C5 A4 F5 F4 F3 F2,2,m
56.5,C5 A4 A3 F3 F5 F4 F2,5,M
56.875,A3 C5 A4 F5 F4 F3 F2,5,M
57,C5 A4 A3 F3,5,M
57.375,C5 A4 A3 F3,5,M
57.5,C5 A4 A3 F3,5,M
57.875,C5 A4 A3 F3 G4,5,M
58,C5 A4 A3 F3 F4,5,M
58.125,C5 A4 A3 F3 E4,5,M
58.25,C5 A4 A3 F3 F4 F2,5,M
58.5,C5 A4 C4 F3 A3 A2,5,M
58.625,C5 A3 C4 F3 A4 A2,5,M
58.75,B-4 G4 A4 C5 A3 C4 B-3 F3 F4 F2,5,M
58.875,B-4 G4 B-3 F3,5,M
59,A4 C5 A3 F4 C4 F3 C3 C2,5,M
59.125,A4 C5 A3 F4 C4 F3,5,M
59.25,A4 C5 A3 C4 F4 F3 F2,5,M
59.375,A4 F4 C4 F3,5,M
59.5,A4 C5 A3 C4 F4 F3 A2 A1,5,M
59.625,A4 C5 A3 F4 C4 F3,5,M
59.75,A4 F4 C5 A3 C4 F3 C3 C2,5,M
59.875,A4 F4 C4 F3,5,M
60,A4 C5 A3 C4 F4 F3 F2 F1,5,M
60.5,E-5 A4 C5 A3 C4 F3 F4 F2 F1,5,M
60.875,E-5 A4 C5 A3 C4 F4 F3 F2 F1,5,M
61,E-5 A4 C4 F3,5,M
61.375,E-5 A4 C4 F3,10,M
61.5,E-5 A4 C4 F3,10,M
61.875,E-5 A4 C4 F3 G4,10,M
62,E-5 A4 C4 F3 F4,10,M
62.125,E-5 A4 C4 F3 E4,10,M
62.25,E-5 A4 C4 F3 F4 F2,10,M
62.5,E-5 A4 C5 C4 E-4 F3 A3 A2,10,M
62.625,E-5 C5 C4 E-4 F3 A4 A3 A2,10,M
62.75,D5 B-4 C5 E-5 C4 E-4 D4 F3 F4 F2,10,M
62.875,D5 B-4 D4 F3,10,M
63,C5 E-5 C4 A4 E-4 F3 C3 C2,10,M
63.125,C5 E-5 C4 A4 E-4 F3,10,M
63.25,C5 E-5 C4 E-4 A4 F3 F4 F2,10,M
63.375,C5 A4 E-4 F3,10,M
63.5,C5 E-5 C4 E-4 A4 F3 A3 A2 A1,10,M
63.625,C5 E-5 C4 A4 E-4 F3,10,M
63.75,C5 A4 E-5 C4 F3 E-4 C3 C2,10,M
63.875,C5 A4 E-4 F3,10,M
64,G5 A3 G4 A4 C4 E-3 E-4 E-2,10,M
64.5,G5 A4 C4 E-3,10,M
64.625,G5 A4 C4 E-3,10,M
64.75,G5 A4 C4 E-3,10,M
64.875,C4 E-3 A4 G5,10,M
65,F5 B-3 F4 B-4 D4 D3 D2,10,M
65.5,F5 B-4 D4 D3,10,M
66,A4 E-5 F#4,10,M
66.5,A4 E-5 F#4 A5 C5,10,M
67,B-4 D5 G4,10,M
67.5,B-4 D5 G4 B-5,10,M
67.875,B-5 D5 B-4,10,M
68,C5 C4 G4 B-3 E-3 E-2,10,M
68.5,C5 G4 C4 B-3 E-3 G3,10,M
68.875,C5 G4 B-3 E-3 C4 G3,10,M
69,C#5 G4 C#4 B-3 G3 E3 E2,10,M
69.375,C#5 G4 C#4 B-3 G3 E3 E2,10,M
69.5,B-4 G4 C#4 B-3 E3 G3,10,M
69.875,B-4 G4 B-3 E3 C#4 G3,10,M
70,B-4 B-3 F4 C4 F3 F2,10,M
70.25,B-4 B-3 F4 C4 F3 C5 F2,10,M
70.5,B-4 B-3 F4 C4 F3 F5,10,M
70.625,B-4 F4 F3 C4 B-3,10,M
70.75,B-4 F4 F3 F5 C4 B-3,10,M
70.875,B-4 F4 C4 F3 B-3,10,M
71,A4 A3 F4 C4 F3 F2 F1,10,M
71.25,A4 A3 F4 C4 F3 C5 F2 F1,10,M
71.5,A4 A3 F4 C4 F3 F5,10,M
71.625,A4 F4 F3 C4 A3,10,M
71.75,A4 F4 F3 F5 C4 A3,10,M
71.875,A4 F4 F3 C4,10,M
72,B-4 B-3 F4 D4 D5 B-2 B-1,10,M
72.375,B-4 B-3 F4 D4 B-2 D5 B-1,10,M
72.5,B-4 B-3 F4 D4 B-2,10,M
73,B-4 D4 D3,10,M
73.375,B-4 D4 D3,10,M
73.5,B-4 F4 B-3,10,M
73.875,B-4 F4 B-3,10,M
74,B-4 C4 C3,10,M
74.5,B-4 E-4 C4,10,M
74.75,B-4 E-4 C4,10,M
75,E-5 A4 F3 F2,10,M
75.5,E-5 A4 E-4 C4,10,M
75.75,E-5 A4 E-4 C4,10,M
75.875,E-5 A4 E-4,10,M
76,B-4 E-5 F4 F5 B-3 B-2,10,M
76.5,E-5 B-4 F4 F5 B-3,10,M
76.875,E-5 B-4 F4 F5,10,M
77,E-5 C4 F4 F5 C5 A3 A2,10,M
77.25,E-5 G4 C4 G5 C5 A3 A2,10,M
77.5,D5 F4 C4 F5 C5 A3,10,M
77.75,D5 E-4 C4 E-5 C5 A3,10,M
77.875,D5 E-4 C4 E-5 C5,10,M
78,D4 C4 D5 C5 B-3 B-2,10,M
78.25,F4 C4 F5 C5 B-3 B-2,10,M
78.5,E-4 B-3 E-5 B-4 G3 G2,10,M
78.75,D4 B-3 D5 B-4 G3 G2,10,M
79,C4 B-3 C5 B-4 E-3 E-2,10,M
79.25,E-4 B-3 E-5 B-4 E-3 E-2,10,M
79.5,D4 A3 D5 A4 F3 F2,10,M
79.75,C4 A3 C5 A4 F3 F2,10,M
79.875,C4 A3 A4,10,M
80,D5 B-4 B-3 B-2 B-1,10,M
80.5,D5 B-4 B-3 B-2 B-1,10,M
81,F5 B-3,10,M
81.25,F5 A3,10,M
81.5,F5 B-3,10,M
81.75,F5 C4,10,M
82,D5 D4,10,M
82.25,D5 C4,10,M
82.5,D5 D4 B-3,10,M
82.75,D5 E4 D4 B-3,10,M
83,D5 F4 D4 B-3,10,M
83.25,D5 F4 E-4 C4,10,M
83.5,D5 F#4 D4 B-3,10,M
83.75,D5 F#4 C4 A3,10,M
83.875,D5,10,M
84,D5 G4 B-3 G3,10,M
84.25,D5 G4 A3 F3,10,M
84.5,D5 G4 G3 E-3,10,M
84.75,D5 G4 F3 D3,10,M
84.875,D5 G4,10,M
85,E-5 G4 E-3 C3,10,M
85.25,E-5 F4 E-3 C3,10,M
85.5,E-5 G4 E-3 C3,10,M
85.75,E-5 A4 E-3 C3,10,M
85.875,E-5,10,M
86,D5 B-4 F3 D3,10,M
86.25,D5 F4 F3 D3,10,M
86.5,D5 B-4 F4 F3 D3,10,M
86.75,D5 B-4 F4 F3 E-3,10,M
86.875,D5 B-4 F4 F3,10,M
87,C5 B-4 F4 F3,10,M
87.25,C5 B-4 G4 F3,10,M
87.5,C5 A4 F4 F3,10,M
87.75,C5 A4 E-4 F4 F3,10,M
87.875,C5 F4,10,M
88,B-4 D4 F4 B-2,10,M
88.25,B-4 E-4 G4 B-2,10,M
88.5,B-4 B-5 D4 F4 B-2,10,M
88.75,B-4 B-5 C4 E-4 B-2,10,M
88.875,B-4 B-5 B-2,10,M
89,B-5 B-3 D4,10,M
89.25,C6 B-3 E-4,10,M
89.375,C6 E-4,10,M
89.5,B-5 D5 D4,10,M
89.75,A5 D5 C4,10,M
89.875,A5 D5,10,M
90,G5 D5 B-3,10,M
90.25,A5 E-5 C5,10,M
90.5,G5 D5 B-4,10,M
90.75,F5 C5 A4,10,M
91,E5 B-4 G4,10,M
91.25,F5 C5 A4,5,M
91.5,E5 B-4 G4 C4,5,M
91.75,D5 A4 F4 C4,5,M
91.875,C4,5,M
92,C5 G4 E4 C4,5,M
92.25,C5 G4 E4 D4,5,M
92.5,C5 E4 C4,5,M
92.75,C5 E4 B-3,5,M
93,C5 F4 A3,5,M
93.25,C5 D5 F4 B-3,5,M
93.5,C5 C6 F4 A3,5,M
93.75,C5 C6 B-4 F4 G3,5,M
93.875,C5 C6 F4,5,M
94,C5 C6 A4 F3,5,M
94.25,C5 D6 B-4 F3,5,M
94.5,C5 C6 A4 F3,5,M
94.75,C5 B-5 G4 F3,5,M
95,C5 A5 F4 F3,5,M
95.25,C5 B-5 E4 F3,5,M
95.5,C5 A5 F4 E-3,5,M
95.75,C5 G5 G4 E-3,5,M
95.875,C5,5,M
96,D5 F#5 A4 D3,5,M
96.25,D5 F#5 A4 E-3,5,M
96.5,D5 F#5 A4 D4 D3,5,M
96.75,D5 F#5 A4 D4 C3,5,M
97,G5 G4 D4 B-2,5,M
97.25,G4 G5 E-4 A2,5,M
97.5,G4 G5 D4 B-2,5,M
97.75,G5 G4 C4 C3,5,M
97.875,G5 G4 C4,5,M
98,B-4 G5 B-3 D3,5,M
98.25,B-4 G5 A3 D3,7,m
98.5,B-4 G5 D5 B-3 D3,7,m
98.75,B-4 G5 D5 C4 D3,7,m
98.875,B-4 G5 D5 D3,7,m
99,A4 F#5 D5 D4 D3,7,m
99.25,A4 F#5 E-5 D4 D3,7,m
99.5,A4 F#5 D5 D4 D3,7,m
99.75,A4 F#5 C5 D4 D3,7,m
99.875,A4 F#5 C5 D4,7,m
100,G4 G5 B-4 D4 G3,7,m
100.375,G4 B-3 D4 G3,7,m
100.5,G4 B-4 D5 D4 G3,7,m
100.875,G4 B-4 D4 G3,7,m
101,E-5 B-4,7,m
101.375,E-5 B-4 B-3 G3 G2,7,m
101.5,E-4 G3 E-5 B-4 G4 B-3 B-2,7,m
101.875,E-5 E-4 B-4 G3 G2,7,m
102,E-5 C4 F4 A3 A2,7,m
102.375,C4 F4 A3 A2,7,m
102.5,C5 F4 A4 A3 A2,7,m
102.875,C5 A4 F4 A3 A2,7,m
103,A4 F5 C5,7,m
103.375,A4 F5 C5 F3 F2,7,m
103.5,F5 F4 C5 A3 A2,7,m
103.875,A3 F4 F5 C5 A4 F3 F2,7,m
104,D5 D4 F4 B-3 B-2,7,m
104.375,D5 D4 B-4 F4 B-3 B-2,10,M
104.5,F4 D5 B-2 F5 B-3,10,M
104.75,D5 F5 F4 B-3 B-2,10,M
104.875,D5 B-4 F4 B-3 B-2,10,M
105,D4 F5 B-5 D5,10,M
105.25,D4 F5 B-5 D5,10,M
105.375,D4 F5 B-5 D5 B-3 B-2,10,M
105.5,F5 B-3 B-4 B-5 D5 F4 D4 D3,10,M
105.875,F5 D4 B-4 B-5 D5 B-3 B-2,10,M
106,D5 A3 A4 F#3 F#2,10,M
106.375,D5 A3 A4 D4 F#3 F#2,10,M
106.5,D5 A4 A3 F#3 F#2,10,M
106.875,D5 A3 F#4 A4 F#3 F#2,10,M
107,F#4 D5 A3 F#3 A5 F#5,10,M
107.375,F#4 D5 A3 F#3 A5 F#5 D3 D2,10,M
107.5,D4 D5 F3 A3 A5 F#5 A4 F#3 F#2,10,M
107.625,D4 D5 F3 A3 A5 F#5 A4 F#3 F#2,10,M
107.75,D5 D4 F3 A3 F#3 A5 F#5 A4 F#2,10,M
107.875,D5 D4 A3 F#3 A5 F#5 F#4 D3 D2,10,M
108,D5 B-3 B-4 G3 G2,10,M
108.375,D5 B-3 D4 B-4 G3 G2,10,M
108.5,D4 D5 B-4 G3 G2,10,M
108.625,D4 D5 B-4 G3 G2,10,M
108.75,D5 D4 B-4 G3 G2,10,M
108.875,D5 D4 B-4 G4 G3 G2,10,M
109,D5 B-4 G4 G3 B-5 G5,10,M
109.375,D5 B-4 G4 B-5 G5 B-3 G3 G2,10,M
109.5,D5 B-4 F4 G3 B-5 G5 D4 B-3 B-2,10,M
109.875,D5 B-4 F4 B-5 G5 B-3 G3 G2,10,M
110,E-5 A4 E-4 C3 C2,10,M
110.375,E-5 A4 E-4 A5 C3 C2,10,M
110.5,D5 B-4 B-5 F4 D3 D2,10,M
110.875,D5 B-4 F4 E-3 E-2,10,M
111,C5 B-4 F4 F3 F2,10,M
111.375,C5 F3 B-4 F4 B-5,7,m
111.5,C5 A4 F2 E-4 F3 F1,7,m
111.875,C5 A4 F2 E-4 F3 A5,7,m
112,B-4 B-5 D5 D4 B-2 B-1,7,m
112.375,B-4 D4 B-2 B-1,7,m
112.5,B-4 D5 F4 D4 B-2 B-1,7,m
112.875,B-4 D4 B-2 B-1,7,m
113,B-5 D5,7,m
113.375,B-5 D5 D4 B-3 B-2,7,m
113.5,B-3 B-5 D5 F4 D4 D3,7,m
113.875,D4 B-5 D5 B-3 B-2,7,m
114,B-3 G3 G2,7,m
114.375,D5 B-4 B-3 G3 G2,7,m
114.5,D4 G5 D5 B-3 G3 G2,7,m
114.875,D4 D5 B-4 B-3 G3 G2,7,m
115,G4 D6 B-5,7,m
115.375,G4 D6 B-5 B-3 G3 G2,7,m
115.5,G3 G4 D6 B-5 D4 B-3 B-2,7,m
115.875,B-3 G4 D6 B-5 G3 G2,7,m
116,C5 G3 E3 E2,7,m
116.375,C5 G4 G3 E3 E2,7,m
116.5,C5 G4 G5 G3 E3 E2,7,m
116.875,C5 G4 G3 E3 E2,7,m
117,C5 E3 B-4 G3 C6 B-5,7,m
117.375,C5 B-4 G3 C6 B-5 G4 E3 E2,7,m
117.5,C5 E3 B-4 C6 B-5 G3 G2,7,m
117.875,C5 E3 B-4 G3 C6 B-5 G4 C4 C3,7,m
118,B-4 C5 G3 E-3 E-2,7,m
118.375,B-4 C5 G4 G3 E-3 E-2,7,m
118.5,C5 B-4 G5 G3 E-3 E-2,7,m
118.875,C5 B-4 G4 G3 E-3 E-2,7,m
119,A4 C5 E-3 F#3 C6 A5,7,m
119.375,C5 A4 F#3 C6 A5 E-4 E-3 E-2,7,m
119.5,C5 G4 E-3 C6 A5 G3 G2,7,m
119.875,C5 G4 G3 E-3 C6 A5 C4 C3,7,m
120,D5 A3 F#4 D3 D2,7,m
120.375,D5 A3 F#4 C5 A4 D3 D2,7,m
120.5,D5 F#4 A3 D3 C6 A5,7,m
120.875,D5 F#4 A3 D3 C6 A5 D4,7,m
121,G4 B-3 E4 C#4 C#3,7,m
121.375,G4 B-3 E4 C#3 B-4 C#4,7,m
121.5,G4 E4 G3 C#3 B-5 G5,7,m
121.875,G4 E4 G3 B-5 G5 C#3 C#2,7,m
122,G4 B-4 D4 D3 D2,7,m
122.375,G4 B-4 D4 D3,7,m
122.5,B-4 G4 D4 D5 D3 D2,7,m
122.875,B-4 G4 D4 D3 G5,7,m
123,A4 D4 F#4 D3 D2,7,m
123.375,A4 D4 D3 F#4,7,m
123.5,F#4 A4 C4 C5 D4 D3 D2,7,m
123.625,A4 F#4 C4 C5 D4 D3 D2,7,m
123.75,A4 F#4 C4 C5 D4 D3 D2,7,m
123.875,A4 F#4 C4 D3 F#5,7,m
124,G4 B-3 G5 G3 G2 G1,7,m
124.375,G4 B-3 G2 G5 G1,7,m
124.5,G4 B-3 G2 G3,7,m
124.75,G2 G4 B-3 G3,7,m
125,G4 B-3 B-2,7,m
125.5,G4 D4 B-3,7,m
126,C5 G4 E-4 A3 A2,7,m
126.5,G4 C5 E-4 C4 A3,7,m
126.75,C5 E-4 G4 C4 A3,7,m
127,F#4 C5 D4 D3 D2,7,m
127.5,F#4 C5 D4 C4 A3,7,m
128,G4 C5 D4 D5 G3 G2,7,m
128.375,G4 D4 D5 G3 G2,7,m
128.5,B-4 G4 D4 D5 G3,7,m
129,A3 D4 D5 A4 F#3 F#2,7,m
129.125,A3 D5 A4 F#3 F#2,7,m
129.25,E-4 A3 E-5 A4 F#3 F#2,7,m
129.375,A3 E-5 A4 F#3 F#2,7,m
129.5,D4 A3 D5 A4 F#3,7,m
129.625,A3 D5 A4 F#3,7,m
129.75,C4 A3 C5 A4 F#3,7,m
129.875,A3 C5 A4,7,m
130,B-3 A3 B-4 A4 G3 G2,7,m
130.125,A3 B-4 A4 G3 G2,7,m
130.25,D4 A3 D5 A4 G3 G2,7,m
130.375,A3 D5 A4 G3 G2,7,m
130.5,C4 G3 C5 G4 E-3 E-2,7,m
130.625,G3 C5 G4 E-3 E-2,7,m
130.75,B-3 G3 B-4 G4 E-3 E-2,7,m
130.875,G3 B-4 G4 E-3 E-2,7,m
131,A3 G3 A4 G4 C3 C2,7,m
131.125,G3 A4 G4 C3 C2,7,m
131.25,C4 G3 C5 G4 C3 C2,7,m
131.375,G3 C5 G4 C3 C2,7,m
131.5,B-3 F#3 B-4 F#4 D3 D2,7,m
131.625,F#3 B-4 F#4 D3 D2,7,m
131.75,A3 F#3 A4 F#4 D3 D2,7,m
131.875,F#3,7,m
132,G4 G3 G2 G1,7,m
132.25,B-4 G3 G2 G1,7,m
132.5,B-4,7,m
132.75,B-5,7,m
133,D3 B-3 B-2,7,m
133.25,D3 G4 B-3 B-2,7,m
133.5,D3 G4,7,m
133.75,D3 G5,7,m
134,D3 A3 A2,7,m
134.25,D3 E4 A3 A2,2,m
134.375,D3 E4 A3 A2,2,m
134.5,D3 A4 E4,2,m
134.75,A4 D3 E5,2,m
134.875,D3 A4 E5,2,m
135,A4 C#3 A3 A2 A1,2,m
135.1666667,A4 C#3 A3 A2 A1,2,m
135.25,B-4 C#3 A4 A3 A2 A1,2,m
135.375,B-4 C#3 A4 A3 A2 A1,2,m
135.5,C#3 A4,2,m
135.625,C#3 A4,2,m
135.75,G4 C#3 A5,2,m
135.875,G4 C#3 A5,2,m
136,F4 D4 D3 D2,2,m
136.125,F4 D4 D3 D2,2,m
136.25,A4 D4 D3 D2,2,m
136.375,A4 D3 D4 D2,2,m
136.5,G4 D3 A4,2,m
136.625,G4 D3 A4,2,m
136.75,F4 D3 A5,2,m
136.875,F4 D3 A5,2,m
137,E4 E3 E2,2,m
137.125,E4 E3 E2,2,m
137.25,G4 C#5 E4 E3 E2,2,m
137.375,G4 E3 C#5 E4 E2,2,m
137.5,F4 E3 C#5,2,m
137.625,F4 E3 C#5,2,m
137.75,E4 E3 C#6,2,m
137.875,E4 E3 C#6,2,m
138,D4 F4 F3 F2,2,m
138.125,D4 F4 F3 F2,2,m
138.25,C#4 D5 F4 F3 F2,2,m
138.375,C#4 F3 D5 F4 F2,2,m
138.5,D4 F3 D5,2,m
138.625,D4 F3 D5,2,m
138.75,F3 E4 D6,2,m
138.875,E4 F3 D6,2,m
139,F4 A3 D4 D3 D2,2,m
139.125,F4 A3 D4 D3 D2,2,m
139.25,E4 A3 F4 D4 D3 D2,2,m
139.375,E4 A3 D3 F4 D4 D2,2,m
139.5,D4 A3 D3 F4,2,m
139.625,D4 A3 D3 F4,2,m
139.75,C4 A3 D3 F5,2,m
139.875,C4 D3 A3 F5,2,m
140,B3 A3 E3 E2,2,m
140.25,A3 B3 E4 E3 E2,9,m
140.375,A3 B3 E3 E4 E2,9,m
140.5,E5 B3 A3 E3 E4,9,m
140.625,B3 E5 A3 E3 E4,9,m
140.75,B3 E5 A3 E3,9,m
140.875,B3 E5 A3 E3,9,m
141,E5 B3 G#3 E3 E2,9,m
141.1666667,E5 B3 G#3 E3 E2,9,m
141.25,F5 G#3 B3 B4 E3 E2,9,m
141.375,F5 G#3 B3 B4 E3 E2,9,m
141.5,E5 G#3 B3 B4,9,m
141.625,E5 B3 G#3 B4,9,m
141.75,D5 B3 G#3 B5,9,m
141.875,D5 B3 G#3 B5,9,m
142,C5 C4 A3,9,m
142.125,C5 C4 A3,9,m
142.25,E5 C4 C5 A3,9,m
142.375,E5 C4 C5 A3,9,m
142.5,D5 C4 C5 A3,9,m
142.625,D5 C4 C5 A3,9,m
142.75,C5 C4 C6 A3,9,m
142.875,C5 C4 A3 C6,9,m
143,B4 D4 B3,9,m
143.125,B4 D4 B3,9,m
143.25,D5 D4 G#4 B3,9,m
143.375,D5 D4 G#4 B3,9,m
143.5,C5 D4 G#4 B3,9,m
143.625,C5 D4 G#4 B3,9,m
143.75,B4 D4 G#5 B3,9,m
143.875,B4 D4 B3 G#5,9,m
144,A4 E4 A5 C4,9,m
144.125,A4 E4 A5 C4,9,m
144.25,B4 E4 A5 C4,9,m
144.375,B4 E4 C4,9,m
144.5,C4 C5 E4 A3 A2,9,m
144.875,C4 A3 C5 E4,9,m
145,C5 A4 D4 F#3 F#2,9,m
145.1666667,C5 A4 D4 F#3 F#2,7,m
145.25,B-4 A4 D4 F#3 F#2,7,m
145.375,F#3 B-4 A4 D4,7,m
145.5,C5 A4 D4 D3 D2,7,m
145.625,C5 A4 D4 D3 D2,7,m
145.75,D5 A4 D4 D3 D2,7,m
145.875,D5 D3 A4 D4,7,m
146,B-4 A4 D4 G3 G2,7,m
146.125,B-4 A4 D4 G3 G2,7,m
146.25,B-4 D4 G3 G2,7,m
146.375,B-4 D4 G3 G2,7,m
146.5,B-4 E4 D4 G3 G2,7,m
146.625,G3 B-4 E4 D4,7,m
146.75,F#4 B-4 D4 A3 A2,7,m
146.875,F#4 A3 B-4 D4,7,m
147,B-4 G4 D4 B-3 B-2,7,m
147.125,B-4 G4 D4 B-3 B-2,7,m
147.25,A4 G4 D4 B-3 B-2,7,m
147.375,B-3 A4 G4,7,m
147.5,B-4 G4 D4 G3 G2,7,m
147.625,B-4 G4 D4 G3 G2,7,m
147.75,C5 G4 D4 G3 G2,7,m
147.875,C5 G3 G4 D4,7,m
148,D3 D4 A4 G4 D2,7,m
148.375,D3 D4 A4 G4 D2,7,m
148.5,A4 D3 G4 D4,7,m
148.625,A4 D3 G4 D4,7,m
148.75,A4 G4 D3 D4,7,m
148.875,A4 G4 D3 D4,7,m
149,D4 A4 F#4,7,m
149.1666667,A4 F#4 D4,7,m
149.25,F#4 A4 E-4,7,m
149.375,F#4 A4 E-4,7,m
149.5,A4 D4 F#4,7,m
149.625,A4 F#4 D4,7,m
149.75,A4 F#4 C4,7,m
149.875,A4 F#4 C4,7,m
150,B-3 D5 G4,7,m
150.125,D5 G4 B-3,7,m
150.25,D5 D4 G4 B-3,7,m
150.375,D5 G4 D4,7,m
150.5,D5 C4 G4 G3 G2,7,m
150.625,D5 G4 C4 G3 G2,7,m
150.75,G4 D5 B-3 G3 G2,7,m
150.875,B-3 G4 D5 G3 G2,7,m
151,A3 D5 A4 G3 G2,7,m
151.125,D5 A4 A3 G3 G2,7,m
151.25,D5 C4 A4 G3 G2,7,m
151.375,D5 G3 A4 C4,7,m
151.5,B-3 D5 A4 F#3 F#2,7,m
151.625,D5 A4 B-3 F#3 F#2,7,m
151.75,D5 A3 A4 F#3 F#2,7,m
151.875,D5 A3 F#3 A4,7,m
152,D5 B-4 G3 G2,7,m
152.125,D5 B-4 G3 G2,7,m
152.25,C5 A4 G3 G2,7,m
152.375,C5 A4 G3 G2,7,m
152.5,G3 B-4 G4 G2,7,m
152.625,B-4 G4 G3 G2,7,m
152.75,C5 G2 G4 A3 G3,7,m
152.875,C5 G2 A3 G4,7,m
153,B-3 D5 G4 G2 G1,7,m
153.125,D5 G4 B-3 G2 G1,7,m
153.1666667,D5 G4 B-3 G2 G1,7,m
153.25,C5 A4 A3 G2 G1,7,m
153.375,C5 A4 A3 G2,7,m
153.5,G2 D5 B-4 G3,7,m
153.625,D5 B-4 G3 G2,7,m
153.75,E5 G4 G2 B-3 G3,7,m
153.875,E5 G4 B-3 G2,7,m
154,A3 F5 C5 A2,7,m
154.125,F5 C5 A3 A2,5,M
154.25,F5 B-4 G3 G2,5,M
154.375,F5 B-4 G3 G2,5,M
154.5,F3 C5 A4 F2,5,M
154.625,C5 A4 F3 F2,5,M
154.75,C5 B-4 G3 G2,5,M
154.875,C5 B-4 G3 G2,5,M
155,A3 F5 C5 A2,5,M
155.125,F5 C5 A3 A2,5,M
155.25,B-4 F5 G3 G2,5,M
155.375,B-4 F5 G3 G2,5,M
155.5,A3 F5 A4 A2,5,M
155.625,F5 A4 A3 A2,5,M
155.75,B-4 F5 F3 F2,5,M
155.875,B-4 F3 F5,5,M
156,F5 C4 G4 C3 C2,5,M
156.375,F5 C4 G4,5,M
156.5,C4 F5 G4 C3,5,M
156.625,G4 F5 C4 C3,5,M
156.6666667,G4 F5 C4 C3,5,M
156.75,F5 G4 C4 C3,5,M
156.875,F5 G4 C3 C4,5,M
157,C4 E5 G4 C3,5,M
157.25,E5 G4 D4 C4 D3,5,M
157.375,E5 G4 C4 D4 D3,5,M
157.5,C4 G4 E5 C3,5,M
157.6666667,E5 G4 C4 C3,5,M
157.75,E5 G4 C4 B-3 B-2,5,M
157.875,E5 B-3 G4 C4,5,M
158,C5 A3 F5 C4 A2,5,M
158.125,C5 C4 F5 A3 A2,5,M
158.25,C5 F5 C4 C3,5,M
158.375,C5 F5 C4 C3,5,M
158.5,B-3 F5 C5 C4 B-2,5,M
158.625,F5 C5 C4 B-3 B-2,5,M
158.75,F5 C4 C5 A3 A2,5,M
158.875,F5 A3 C4 C5,5,M
159,G3 G5 C5 E4 G2,5,M
159.125,G5 C5 E4 G3 G2,5,M
159.25,B-3 G5 C5 E4 B-2,5,M
159.375,G5 C5 E4 B-3 B-2,5,M
159.5,A3 G5 B-4 E4 A2,5,M
159.625,G5 B-4 E4 A3 A2,5,M
159.75,G5 B-4 E4 G3 G2,5,M
159.875,G5 B-4 G3 E4,5,M
160,F3 A5 A4 F4 F2,5,M
160.125,A5 A4 F4 F3 F2,5,M
160.25,G3 A4 A5 F4 G2,5,M
160.375,A4 A5 F4 G3 G2,5,M
160.5,A4 G4 A5 F4 A3 A2,5,M
160.625,A4 G4 A5 F4 A3 A2,5,M
160.75,A5 F4 A4 A3 A2,5,M
160.875,A5 F4 A3 A2,5,M
161,A3 C#5 E4 A2,5,M
161.1666667,C#5 E4 A3 A2,5,M
161.25,C#5 B-3 E4 A3 B-2,5,M
161.375,C#5 E4 B-3 B-2,5,M
161.5,A3 C#5 E4 A2,5,M
161.625,C#5 E4 A3 A2,5,M
161.75,C#5 E4 A3 G3 G2,5,M
161.875,C#5 G3 E4,5,M
162,A4 F3 D5 A3 F2,5,M
162.125,A4 A3 D5 F3 F2,5,M
162.25,A4 D5 A3 A2,5,M
162.5,G3 D5 A4 A3 G2,5,M
162.625,D5 A4 A3 G3 G2,5,M
162.75,D5 A3 A4 F3 F2,5,M
162.875,D5 F3 A3 A4,5,M
163,E3 E5 A4 C#4 E2,5,M
163.125,E5 A4 C#4 E3 E2,10,M
163.25,G3 E5 A4 C#4 G2,10,M
163.375,E5 A4 C#4 G3 G2,10,M
163.5,F3 E5 G4 C#4 F2,10,M
163.625,C#4 E5 G4 F3 F2,10,M
163.75,E5 G4 C#4 E3 E2,10,M
163.875,E5 G4 C#4 E3,10,M
164,D3 F5 F4 D4 D2,10,M
164.125,F5 F4 D4 D3 D2,10,M
164.25,E-3 F4 F5 D4 E-2,10,M
164.375,F4 F5 D4 E-3 E-2,10,M
164.5,F4 E-4 F5 D4 F3 F2,10,M
164.625,F4 E-4 F5 D4 F3 F2,10,M
164.75,F5 D4 F4 F3 F2,10,M
164.875,F5 D4 F3 F2,10,M
165,F3 A4 C4 F2,10,M
165.1666667,A4 C4 F3 F2,10,M
165.25,A4 G3 C4 F3 G2,10,M
165.375,A4 C4 G3 G2,10,M
165.5,F3 A4 C4 F2,10,M
165.625,A4 C4 F3 F2,10,M
165.75,A4 C4 F3 E-3 E-2,10,M
165.875,A4 E-3 C4,10,M
166,F4 D3 B-4 F3 D2,10,M
166.125,F4 F3 B-4 D3 D2,10,M
166.25,F4 B-4 F3 F2,10,M
166.5,E-3 B-4 F4 F3 E-2,10,M
166.625,B-4 F4 F3 E-3 E-2,10,M
166.75,B-4 F3 F4 D3 D2,10,M
166.875,B-4 D3 F3 F4,10,M
167,C3 C5 F4 A3 C2,10,M
167.125,C5 F4 A3 C3 C2,10,M
167.25,E-3 C5 F4 A3 E-2,10,M
167.375,C5 F4 A3 E-3 E-2,10,M
167.5,D3 E-4 C5 E4 A3 D2,10,M
167.625,A3 E-4 C5 E4 D3 D2,10,M
167.75,C5 E-4 A3 E4 C3 C2,10,M
167.875,C5 E-4 A3 C3 E4,10,M
168,B-3 D5 D4 B-2 B-1,10,M
168.375,D5 B-2 D4 B-3 B-1,10,M
168.5,D5 B-4 F5 B-3 F4 D3 D4 B-2 B-1,10,M
168.875,D3 D5 D4 B-3 B-2 B-1,10,M
169,D5 B-4 F5 B-3 F4 D4 D3,10,M
169.375,D5 D3,10,M
169.5,D5 B-4 F5 B-3 F4 D4 D3,10,M
169.875,D5 D3 C5,10,M
170,B-4 F5 F4 B-3 D4 D5 D3,10,M
170.125,B-4 F5 F4 B-3 D4 D5 D3 A4,10,M
170.25,B-4 F5 F4 B-3 D4 D5 D3 B-2,10,M
170.5,F5 B-4 B-3 D5 F4 D4 D3,10,M
170.75,E5 B-4 F5 F4 B-3 D4 D5 D3 B-2,10,M
170.875,E5 B-4 F5 F4 B-3 D4 D5 D3,10,M
171,D5 F4 D4 B-3 F3 F2,10,M
171.125,D5 F4 D4 B-3,10,M
171.25,D5 F4 D4 B-3 D3 D2,10,M
171.375,D5 F4 D4 B-3,10,M
171.5,D5 F4 D4 B-3 B-2 B-1,10,M
171.625,D5 F4 D4 B-3,10,M
171.75,D5 F4 D4 B-3 F3 F2,10,M
171.875,D5 F4 D4 B-3,10,M
172,A4 F4 A3 A2 A1,10,M
172.5,A4 D5 F5 D4 F4 D3 A3 A2 A1,10,M
172.625,A4 D5 F5 D4 F4 A3 D3 A2 A1,10,M
172.75,D5 G4 F5 D4 F4 E4 A3 A4 D3 A2 A1,10,M
172.875,D5 G4 E4 D3 A3 A2 A1,10,M
173,D5 F5 D4 A4 F4 A3 D3,10,M
173.375,D5 F4 D4 A3 D3,10,M
173.5,D5 F5 D4 A4 F4 A3 D3,10,M
173.875,D5 F4 D4 A3 D3 E5,10,M
174,D5 F5 D4 F4 A3 A4 D3,10,M
174.125,D5 F5 D4 F4 A3 A4 D3 C#5,2,m
174.25,D5 F5 D4 F4 A3 A4 D3,2,m
174.5,F5 D5 D4 A4 F4 A3 D3 F3,2,m
174.75,E5 D5 F5 F4 D4 A3 A4 D3,2,m
174.875,E5 D5 F5 F4 D4 A3 A4 D3,2,m
175,D5 F4 D4 A3 A4 A2,2,m
175.125,D5 F4 D4 A3,2,m
175.25,D5 F4 D4 A3 F3 F2,2,m
175.375,D5 F4 D4 A3,2,m
175.5,D5 F4 D4 A3 D3 D2,2,m
175.625,D5 F4 D4 A3,2,m
175.75,D5 F4 D4 A3 F3 F2,2,m
175.875,D5 F4 D4 A3,2,m
176,F5 B4 D5 F4 D4 G#3 D3 G#2 G#1,2,m
176.375,F5 B4 D5 F4 D4 G#3 D3,2,m
176.5,F4 F5 B4 G#3 D4 D5 D3 G#2,2,m
176.625,F4 D5 D3 F5 D4 B4 G#3 G#2,2,m
176.75,E4 F5 B4 D4 G#3 C4 D5 D3 G#2,2,m
176.875,E4 F5 B4 D4 G#3 C4 D3,2,m
177,F5 B4 G#3 D5 D4 B3 D3 G#2,2,m
177.375,F5 B4 D5 D4 B3 G#3 D3,2,m
177.5,F5 B4 D5 D4 B3 G#3 D3 G#2,2,m
177.625,B3 D3 F5 D4 B4 G#3 G#2,2,m
177.75,F5 B4 D4 B3 G#3 D5 D3 G#2,2,m
177.875,D4 F5 B4 G#3 B3 D3,2,m
178,F5 D4 G#3 D5 B4 D3 G#2,2,m
178.375,F5 D5 B4 D4 G#3 D3,2,m
178.5,F5 B4 G#3 D5 D4 D3 G#2,2,m
178.875,F5 B4 G#3 D4 D5 D3,2,m
179,E5 B4 G#3 E4 G#2,2,m
179.375,E5 B4 G#3 E4,2,m
179.5,D5 B4 G#3 D4 D3 F4 G#2,2,m
179.875,D5 B4 F4 G#3 D3,2,m
180,D5 A4 A3 A2 F4,2,m
180.375,D5 A4 A3 F4 A2,2,m
180.5,A3 A4 A2 C#5 E4 A1,2,m
180.875,A4 A2 C#5 E4 A3 A1,2,m
181.5,A4 E4 C#4 A3 A2 A1,2,m
181.875,A4 E4 C#4 A3 A1,2,m
182,A4 F4 D4 D3 D2,2,m
182.875,A4 F4 D4 D3 D2,2,m
183,A4 G4 E4 C#3 C#2,2,m
183.875,A4 G4 E4 C#3 C#2,2,m
184,A4 F4 D4 D3 D2,2,m
184.625,A4 F4 D4 D3 D2,2,m
184.75,A4 F4 D4 D3 D2,2,m
184.875,A4 F4 D4 D3 D2,2,m
185,A4 E4 A3 C3 C2,2,m
185.875,A4 E4 A3 C3 C2,2,m
186,D4 A4 F3 B2 B1,2,m
186.875,D4 A4 F3 B2 B1,2,m
187,G#4 D4 E3 B-2 B-1,2,m
187.375,D4 B-2 G#4 E3 B-1,2,m
187.5,A4 D4 D3 B-2 B-1,2,m
187.875,A4 D4 D3 B-2,2,m
188,A4 F4 D4 A3 A2 A1,2,m
188.5,A4 F4 D4 A3 A2 A1,2,m
188.75,A4 F4 D4 A3 A2 A1,2,m
189,A4 E4 C#4 A3 A2 A1,2,m
189.5,D4 B3 A3 A2 A4 A1,2,m
189.875,D4 B3 A3 A2,2,m
190,A4 A2 E4 C#4 A3 A1,2,m
191.875,A4 A2 E4 C#4 A3,2,m
192,A3 A2,2,m
193.375,A3,2,m
193.5,A3 A2,2,m
193.875,A3,2,m
194,F3 F2,2,m
194.875,F3,2,m
195,B-3 B-2,2,m
195.875,B-3,2,m
196,C#3 C#2,2,m
196.5,E4 C#3 C#2,2,m
196.875,E4 C#3 C#2,2,m
197,E4 C#3 C#2,2,m
197.375,E4 C#3,2,m
197.5,E4 C#3 C#2,2,m
197.875,E4 C#3,2,m
198,F4 D3 D2,2,m
198.125,F4 D3 D2,2,m
198.25,G4 D3 D2,2,m
198.375,G4 D3 D2,2,m
198.5,F4 D3 D2,2,m
198.625,F4 D3 D2,2,m
198.75,E4 D3 D2,2,m
198.875,E4 D3 D2,2,m
199,F4,2,m
199.125,F4,2,m
199.25,G4,2,m
199.375,G4,2,m
199.5,E4 D3 D2,2,m
199.625,E4 D3 D2,2,m
199.75,F4 D3 D2,2,m
199.875,F4 D3,2,m
200,G4 E3 E2,2,m
200.125,G4 E3 E2,2,m
200.25,A4 E3 E2,2,m
200.375,A4 E3 E2,2,m
200.5,G4 E3 E2,2,m
200.625,G4 E3 E2,2,m
200.75,F4 E3 E2,2,m
200.875,F4 E3 E2,2,m
201,G4 E3 E2,2,m
201.125,G4 E3 E2,2,m
201.25,A4 E3 E2,2,m
201.375,A4 E3,2,m
201.5,F4 D3 D2,2,m
201.625,F4 D3,2,m
201.75,G4 E3 E2,2,m
201.875,G4 E3,2,m
202,A4 F3 F2,2,m
202.375,A4 F3,2,m
202.5,B-4 E3 E2,2,m
202.625,B-4 E3,2,m
202.75,A4 F3 F2,2,m
202.875,A4 F3,2,m
203,G4 G3 G2,2,m
203.125,G4 G3 G2,9,m
203.25,F4 G3 G2,9,m
203.375,F4 G3,9,m
203.5,E4 F3 F2,9,m
203.625,E4 F3,9,m
203.75,D4 G3 G2,9,m
203.875,D4 G3,9,m
204,C#4 A3 A2,9,m
204.375,C#4 A3,9,m
204.5,E4 G3 G2,9,m
204.875,E4 G3,9,m
205,A4 F3 F2,9,m
205.375,A4 F3,9,m
205.5,G4 E3 E2,9,m
205.875,G4 E3,9,m
206,F4 D5 D3 D2,9,m
206.375,F4 D3 D5,9,m
206.5,E4 D5 C3 C2,9,m
206.625,E4 D5 C3 C2,9,m
206.75,F4 D5 C3 C2,9,m
206.875,F4 C3 D5,9,m
207,D4 D5 B2 B1,9,m
207.125,D4 D5 B2 B1,9,m
207.25,D5 E4 B2 B1,9,m
207.375,D5 E4 B2,9,m
207.5,F#4 D5 E3 E2,9,m
207.625,F#4 D5 E3 E2,9,m
207.75,D5 G#4 E3 E2,9,m
207.875,D5 G#4 E3,9,m
208,C5 A4 A2 A1,9,m
208.375,A2 C5 A4,9,m
208.5,C5 A4 F3 F2,9,m
208.625,F3 C5 A4,9,m
208.75,C5 A4 E3 E2,9,m
208.875,C5 E3 A4,9,m
209,F5 D3 D2,9,m
209.125,D3 F5,9,m
209.25,F5 B2 B1,9,m
209.375,B2 F5,9,m
209.5,F5 C3 C2,9,m
209.625,C3 F5,9,m
209.75,F5 D3 D2,9,m
209.875,F5 D3,9,m
210,G#4 E3 E2,9,m
210.5,G#4 B3 E3 E2,9,m
210.875,B3 G#4 E3 E2,9,m
211,G#4 B3,9,m
211.375,G#4 B3,9,m
211.5,G#4 B3 E3 E2,9,m
211.875,G#4 B3,9,m
212,A4 C4 A3 A2,9,m
212.125,C4 A4 A3 A2,9,m
212.25,A4 D4 A3 A2,9,m
212.375,D4 A4,9,m
212.5,A4 C4 A2 A1,9,m
212.625,C4 A4 A2 A1,9,m
212.75,A4 B3 A2 A1,9,m
212.875,B3 A4,9,m
213,C4 A3 A2,9,m
213.125,C4 A3 A2,9,m
213.25,D4 A3 A2,9,m
213.375,D4 A3 A2,9,m
213.5,A4 B3 A3 A2,9,m
213.625,B3 A4 A3 A2,9,m
213.75,A4 C4 A3 A2,9,m
213.875,A4 C4 A3 A2,9,m
214,B4 D4 A3 A2,9,m
214.125,D4 B4 A3 A2,9,m
214.25,B4 E4 A3 A2,9,m
214.375,E4 B4 A3 A2,9,m
214.5,B4 D4 A3 A2,9,m
214.625,D4 B4 A3 A2,9,m
214.75,B4 C4 A3 A2,9,m
214.875,C4 A3 B4,9,m
215,G3 B4 D4 G2,9,m
215.125,D4 B4 G3 G2,9,m
215.25,B4 F3 E4 F2,9,m
215.375,B4 E4 F3 F2,9,m
215.5,A4 E3 C4 E2,9,m
215.625,A4 C4 E3 E2,9,m
215.75,B4 D4 D3 D2,9,m
215.875,B4 D4 D3,9,m
216,C5 E4 C3 C2,9,m
216.375,C5 E4 C3 C2,9,m
216.5,B4 F4 C3 C2,9,m
216.625,B4 F4 C3 C2,9,m
216.75,C5 E4 C3 C2,9,m
216.875,C5 E4 C3,9,m
217,D5 D4 B2 B1,9,m
217.125,D4 D5 B2 B1,2,m
217.25,D5 B2 C4 B1,2,m
217.375,D5 C4 B2 B1,2,m
217.5,C5 B3 F3 F2,2,m
217.625,C5 B3 F3 F2,2,m
217.75,D5 A3 F3 F2,2,m
217.875,D5 A3 F3,2,m
218,E5 G#3 E3 E2,2,m
218.375,E5 G#3 E3 E2,2,m
218.5,D5 B3 E3 E2,2,m
218.625,E3 D5 B3,2,m
218.75,D5 B3 F#3 F#2,2,m
218.875,D5 B3 F#3,2,m
219,C5 E4 G#3 G#2,2,m
219.125,G#3 C5 E4,2,m
219.25,C5 E4 A3 A2,2,m
219.375,C5 E4 A3,2,m
219.5,B4 D4 F#3 F#2,2,m
219.625,F#3 B4 D4,2,m
219.75,B4 D4 G#3 G#2,2,m
219.875,B4 D4 G#3,2,m
220,A2 A4 C4 A3,2,m
220.375,A4 C4 A3 A2,2,m
220.5,A3 G5 A4 C#4 A2 A1,2,m
220.75,G5 A3 A4 C#4 A2 A1,2,m
220.875,G5 C#4 A2 A4,2,m
221,F5 A4 A3 A2 D4 B2 B1,2,m
221.375,F5 A4 D4 B2 A2,2,m
221.5,E5 A4 A3 A2 E4 C#3 C#2,2,m
221.875,E5 A4 E4 C#3 A2,2,m
222,D4 A4 D3 D5 F4 A3 D2,2,m
222.375,D3 A3 D4 A4 D5 F4,2,m
222.5,F4 D4 A4 D5 D3 D2,2,m
222.875,F4 D4 A4 D3 D5,2,m
223,B-4 G3 G2,2,m
223.375,G3 B-4,2,m
223.5,D4 B-4 F3 F2,2,m
223.875,D4 B-4 F3,2,m
224,G4 C#4 E3 E2,2,m
224.375,E3 G4 C#4,2,m
224.5,F3 G4 C#4 G3 E3 E2,2,m
224.875,F3 E3 G4 C#4,2,m
225,G4 C#4 B-3 E3 E2,2,m
225.375,G4 C#4 E3 B-3,2,m
225.5,F4 C#4 B-3 E3 E2,2,m
225.625,F4 C#4 B-3 E3 E2,2,m
225.75,E4 C#4 B-3 E3 E2,2,m
225.875,E4 C#4 B-3 E3,2,m
226,A4 D4 A3 F3 F2,2,m
226.125,F3 A4 D4 A3,2,m
226.25,A4 D4 A3 G3 G2,2,m
226.375,A4 G3 D4 A3,2,m
226.5,D4 A3 F3 F2,2,m
226.625,F3 D4 A3,2,m
226.75,D4 A3 E3 E2,2,m
226.875,E3 D4 A3,2,m
227,D5 F3 F2,2,m
227.125,F3 D5,2,m
227.25,D5 G3 G2,2,m
227.375,G3 D5,2,m
227.5,D5 D4 E3 E2,2,m
227.625,E3 D5 D4,2,m
227.75,D4 D5 F3 F2,2,m
227.875,D4 F3 D5,2,m
228,D5 E4 G3 G2,2,m
228.125,G3 D5 E4,2,m
228.25,D5 E4 A3 A2,2,m
228.375,A3 D5 E4,2,m
228.5,D5 E4 G3 G2,2,m
228.625,G3 D5 E4,2,m
228.75,D5 E4 F3 F2,2,m
228.875,D5 F3 E4,2,m
229,D5 E4 G3 G2,2,m
229.125,G3 D5 E4,2,m
229.25,E4 D5 A3 A2,2,m
229.375,E4 A3 D5,2,m
229.5,D4 D5 F3 F2,2,m
229.625,D4 F3 D5,2,m
229.75,D5 E4 G3 G2,2,m
229.875,D5 E4 G3,2,m
230,D5 F4 A3 A2,2,m
230.375,D5 F4 A3,2,m
230.5,C#5 E4 B-3 B-2,2,m
230.625,C#5 E4 B-3,2,m
230.75,D5 F4 A3 A2,2,m
230.875,D5 F4 A3,2,m
231,E5 G4 G3 G2,2,m
231.125,G3 E5 G4,9,m
231.25,G4 E5 F3 F2,9,m
231.375,G4 F3 E5,9,m
231.5,F4 E5 E3 E2,9,m
231.625,F4 E3 E5,9,m
231.75,G4 E5 D3 D2,9,m
231.875,G4 D3 E5,9,m
232,A4 E5 C#3 C#2,9,m
232.375,A4 C#3 E5,9,m
232.5,E5 G4 A3 A4 A2 E3 E2,9,m
232.875,E5 G4 E3 A2,9,m
233,D5 F4 A4 A2 A3,9,m
233.375,D5 F4 A3 A2,9,m
233.5,C#5 E4 A3 A4 A2 G3 G2,9,m
233.875,C#5 E4 G3 A2,9,m
234,A4 D3 D5 D4 F3 F2,9,m
234.125,F3 A4 D3 D5 D4,9,m
234.25,A4 D3 D5 D4 E3 E2,9,m
234.375,E3 A4 D3 D5 D4,9,m
234.5,A4 D5 D4 D3 D2,9,m
234.625,D4 D3 A4 D5,9,m
234.75,E4 A4 D3 D5 D4 C3 C2,9,m
234.875,E4 C3 A4 D3 D5 D4,9,m
235,F#4 D4 B2 B1,9,m
235.375,F#4 D4 B2 B1,9,m
235.5,G#4 D4 B2 B1,9,m
235.875,G#4 D4 B2,9,m
236,A4 C4 C3 C2,9,m
236.375,A4 C4 C3 C2,9,m
236.5,E4 C4 C3 C2,9,m
236.875,C4 C3 E4,9,m
237,E4 F4 D3 D2,9,m
237.375,E4 F4 D3 D2,9,m
237.5,D4 F4 D3 D2,9,m
237.75,C4 F4 D3 D2,9,m
237.875,C4 F4 D3,9,m
238,B3 G#3 E3 E2,9,m
238.5,B4 B3 G#3 E3 E2,9,m
238.875,B4 G#3 B3 E3 E2,9,m
239,B4 G#3,9,m
239.375,B4 G#3,9,m
239.5,B4 G#3 E3 E2,9,m
239.875,B4 G#3 E3,9,m
240,C5 A3 A2,9,m
240.125,C5 A3 A2,9,m
240.25,D5 A3 A2,9,m
240.375,D5 A3 A2,9,m
240.5,C5 E4 A3 A2,9,m
240.625,C5 E4 A3 A2,9,m
240.75,B4 E4 A3 A2,9,m
240.875,B4 E4 A3 A2,9,m
241,C5 A4 A3 A2,9,m
241.125,C5 A3 A4,9,m
241.25,D5 A4 G3 G2,9,m
241.375,D5 G3 A4,9,m
241.5,B4 A4 A3 F3 F2,9,m
241.625,B4 F3 A4 A3,9,m
241.75,C5 A4 A3 E3 E2,9,m
241.875,C5 A3 E3 A4,9,m
242,D5 A4 B3 F3 F2,9,m
242.125,D5 A4 B3 F3 F2,9,m
242.25,E5 G4 B3 F3 F2,9,m
242.375,E5 G4 F3 B3,9,m
242.5,D5 F4 B3 D3 D2,9,m
242.625,D5 F4 B3 D3 D2,9,m
242.75,C5 E4 B3 D3 D2,9,m
242.875,C5 E4 D3 B3,9,m
243,D5 F4 B3 G3 G2,9,m
243.125,D5 F4 B3 G3 G2,9,m
243.25,E5 F4 B3 G3 G2,9,m
243.375,E5 F4 B3 G3 G2,9,m
243.5,C5 G4 A3 G3 G2,9,m
243.625,C5 G4 A3 G3 G2,9,m
243.75,D5 F4 G3 B3,9,m
243.875,D5 F4 B3 G3,9,m
244,E5 E4 C4 C3 C2,9,m
244.375,E5 C4 C3 E4,9,m
244.5,F5 E4 B3 A2 A1,9,m
244.625,F5 B3 E4 A2 A1,9,m
244.75,E5 E4 C4 A2 A1,9,m
244.875,E5 C4 A2 E4,9,m
245,D5 D4 F3 F2,9,m
245.125,D5 D4 F3 F2,9,m
245.25,C5 D4 F3 F2,9,m
245.375,C5 D4 F3 F2,9,m
245.5,B4 C4 F3 F2,9,m
245.625,B4 F3 C4 F2,9,m
245.75,A4 F3 D4,9,m
245.875,A4 D4 F3,9,m
246,G#4 E3 E4 E2,9,m
246.375,G#4 E4 E3 E2,9,m
246.5,B4 E4 E3 D4,9,m
246.875,B4 E4 D4 E3,9,m
247,E5 F#4 C4,9,m
247.375,E5 F#4 C4,9,m
247.5,D5 G#4 B3,9,m
247.875,D5 G#4 B3,9,m
248,C5 A4 A3,9,m
248.25,B4 A4 B3 A3,7,M
248.375,B4 A4 B3,7,M
248.5,A3 A4 C4 A2,7,M
248.625,A3 A4 C4,7,M
248.75,A4 C4 G3 G2,7,M
248.875,G3 A4 C4,7,M
249,A4 C4 F3 F2,7,M
249.1666667,A4 C4 F3 F2,7,M
249.25,B-4 C4 F3 F2,7,M
249.375,B-4 C4 F3,7,M
249.5,G4 C#4 E-3 E-2,7,M
249.625,G4 C#4 E-3 E-2,7,M
249.75,A4 C#4 E-3 E-2,7,M
249.875,A4 C#4 E-3,7,M
250,D3 F#4 D4 D2,7,M
250.375,D3 D4 F#4 D2,7,M
250.5,F#4 A4 D3,7,M
250.875,D3 F#4 A4,7,M
251,G4 D5 E3,7,M
251.375,E3 G4 D5,5,M
251.5,A4 C5 F#3,5,M
251.875,A4 C5 F#3,5,M
252,G3 D4 B-4,5,M
252.125,D4 B-4 G3,5,M
252.25,A3 D4 A4 G3,5,M
252.375,D4 A4 A3,5,M
252.5,D4 G4 B-3 G3 G2,5,M
252.625,G3 D4 G4 B-3,5,M
252.75,D4 G4 B-3 F3 F2,5,M
252.875,F3 D4 G4 B-3,5,M
253,G4 B-3 E3 E2,5,M
253.1666667,G4 B-3 E3 E2,5,M
253.25,A4 B-3 E3 E2,5,M
253.375,A4 B-3 E3,5,M
253.5,F4 B3 D3 D2,5,M
253.625,F4 B3 D3 D2,5,M
253.75,G4 B3 D3 D2,5,M
253.875,G4 B3 D3,5,M
254,C5 E4 C4 C3 C2,5,M
254.375,C4 C5 E4 C3 C2,5,M
254.5,C5 E4 B-3 C3 C2,5,M
254.875,B-3 C3 C5 E4,5,M
255,C5 F4 A3 D3 D2,5,M
255.375,C5 A3 D3 F4,5,M
255.5,C5 G4 G3 E3 E2,5,M
255.875,C5 G4 G3 E3,5,M
256,A4 C4 A3 F3 F2,5,M
256.125,F3 A3 A4 C4 F2,5,M
256.25,A4 C4 F3 F2,5,M
256.375,F3 A4 C4 F2,5,M
256.5,F3 A4 C4 G3,5,M
256.625,G3 F3 A4 C4,5,M
256.75,A4 F3 C4 A3,5,M
256.875,A4 A3 F3 C4,5,M
257,D5 B-3,5,M
257.125,B-3 D5,5,M
257.25,D5 G3,5,M
257.375,G3 D5,5,M
257.5,D5 A3,5,M
257.625,A3 D5,5,M
257.75,D5 B-3,5,M
257.875,D5 B-3,5,M
258,E4 C4,5,M
258.375,C4 E4,5,M
258.5,C3 E4 C4 G3 C2,5,M
258.75,C3 E4 C4 G3,5,M
258.875,G3 C3 E4 C4,5,M
259,C3 E4 C4 C2,5,M
259.25,E4 C3 C4,5,M
259.375,E4 C3 C4,5,M
259.5,C3 E4 B-3 C4 C2,5,M
259.75,E4 B-3 C3 C4,5,M
259.875,E4 B-3 C3 C4,5,M
260,F4 A3 C4 D3 D2,5,M
260.125,D3 F4 A3 C4,5,M
260.25,F4 A3 C4 E3 E2,5,M
260.375,C4 E3 F4 A3,5,M
260.5,F4 B-3 D3 D2,5,M
260.625,B-3 D3 F4,5,M
260.75,F4 A3 C3 C2,5,M
260.875,A3 C3 F4,5,M
261,D4 B-3 D3 D2,5,M
261.125,B-3 D3 D4,5,M
261.25,D4 C4 E3 E2,5,M
261.375,D4 C4 E3,5,M
261.5,F4 B-3 A3 C3 C2,5,M
261.625,A3 C3 F4 B-3,5,M
261.75,F4 B-3 D3 D2,5,M
261.875,F4 D3 B-3,5,M
262,G4 G3 E3 E2,5,M
262.125,E3 G4 G3,5,M
262.25,G4 G3 F3 F2,5,M
262.375,G3 F3 G4,5,M
262.5,G4 A3 E3 E2,5,M
262.625,A3 E3 G4,5,M
262.75,G4 B-3 D3 D2,5,M
262.875,B-3 D3 G4,5,M
263,G4 E4 C4 E3 E2,5,M
263.125,E3 G4 E4 C4,5,M
263.25,G4 E4 C4 F3 F2,5,M
263.375,G4 E4 F3 C4,5,M
263.5,F4 C4 D3 D2,5,M
263.625,F4 D3 C4,5,M
263.75,G4 C4 E3 E2,5,M
263.875,G4 E3 C4,5,M
264,A4 F3 F2,5,M
264.375,A4 F3,5,M
264.5,G4 E4 G3 G2,5,M
264.625,G4 E4 G3,5,M
264.75,A4 F4 F3 F2,5,M
264.875,A4 F4 F3,5,M
265,B-4 G4 E3 E2,5,M
265.125,E3 B-4 G4,5,M
265.25,B-4 G4 D3 D2,5,M
265.375,B-4 G4 D3,5,M
265.5,A4 F4 C3 C2,5,M
265.625,A4 F4 C3,5,M
265.75,B-4 G4 B-2 B-1,5,M
265.875,B-4 G4 B-2,5,M
266,C5 A4 A2 A1,5,M
266.375,C5 A4 A2,5,M
266.5,B-4 E4 C3 C2,5,M
266.875,B-4 E4 C3,5,M
267,A4 F4 F3 F2,5,M
267.375,A4 F4 F3,5,M
267.5,G4 C#4 E-3 E-2,5,M
267.875,G4 C#4 E-3,5,M
268,F#4 D4 D3 D2,5,M
268.375,D3 F#4 D4,7,m
268.5,D3 F#4 D4 C4 C3,7,m
268.875,D3 F#4 D4 C4 C3,7,m
269,G4 E4 D4 C4 C3,7,m
269.375,D4 C4 G4 E4,7,m
269.5,A4 F#4 D4 B-3 B-2,7,m
269.625,B-3 A4 F#4 D4,7,m
269.75,A4 F#4 D4 A3 A2,7,m
269.875,A4 F#4 D4 A3,7,m
270,D4 B-4 G4 B-3 G3 G2,7,m
270.125,G3 D4 B-4 G4 B-3,7,m
270.25,D4 B-4 G4 B-3 F3 F2,7,m
270.375,F3 D4 B-4 G4 B-3,7,m
270.5,D4 B-4 G4 B-3 E-3 E-2,7,m
270.625,E-3 D4 B-4 G4 B-3,7,m
270.75,D4 B-4 G4 B-3 D3 D2,7,m
270.875,B-3 D3 D4 B-4 G4,7,m
271,E-4 C3 C2,7,m
271.125,C3 E-4,7,m
271.25,E-4 D3 D2,7,m
271.375,D3 E-4,7,m
271.5,E-4 B-2 B-1,7,m
271.625,B-2 E-4,7,m
271.75,E-4 C3 C2,7,m
271.875,E-4 C3,7,m
272,F#3 D3 D2,7,m
272.5,A4 E-4 F#3 D3 D2,7,m
272.875,A4 E-4 F#3 D3 D2,7,m
273,A4 D4 F#3 D3 D2,7,m
273.375,A4 D4 F#3 D3,7,m
273.5,A4 C4 F#3 D3 D2,7,m
273.875,A4 C4 F#3 D3,7,m
274,B-4 B-3 G3 G2 G1,7,m
274.125,B-4 B-3 G3 G2 G1,7,m
274.25,C5 B-3 G3 G2 G1,7,m
274.375,C5 B-3 G3 G2 G1,7,m
274.5,B-4 G3 G2 G1,7,m
274.625,B-4 G3 G2 G1,7,m
274.75,A4 G3 G2 G1,7,m
274.875,A4 G3 G2 G1,7,m
275,B-4 E-4,7,m
275.125,B-4 E-4,7,m
275.25,C5 E-4,7,m
275.375,C5 E-4,7,m
275.5,A4 E-4 G3,7,m
275.625,A4 E-4 G3,7,m
275.75,B-4 E-4 G3,7,m
275.875,B-4 G3 E-4,7,m
276,C5 E-4 A3,7,m
276.125,C5 E-4 A3,7,m
276.25,D5 E-4 A3,7,m
276.375,D5 E-4 A3,7,m
276.5,C5 C4 A3,7,m
276.625,C5 C4 A3,7,m
276.75,B-4 C4 A3,7,m
276.875,B-4 C4 A3,7,m
277,C5 F4 A3,7,m
277.125,C5 F4 A3,7,m
277.25,D5 F4 A3,7,m
277.375,D5 A3 F4,7,m
277.5,B-4 F4 G3,7,m
277.625,B-4 G3 F4,7,m
277.75,C5 F4 A3,7,m
277.875,C5 A3 F4,7,m
278,D5 F4 B-3,7,m
278.375,D5 B-3 F4,0,m
278.5,E-5 F4 A3,0,m
278.625,E-5 A3 F4,0,m
278.75,D5 F4 B-3,0,m
278.875,D5 F4 B-3,0,m
279,C5 E-4 C4,0,m
279.125,C5 E-4 C4,0,m
279.25,B-4 E-4 C4,0,m
279.375,B-4 C4 E-4,0,m
279.5,A4 E-4 B-3,0,m
279.625,A4 B-3 E-4,0,m
279.75,G4 E-4 C4,0,m
279.875,G4 E-4 C4,0,m
280,F#4 D4,0,m
280.375,F#4 D4,0,m
280.5,A4 F#4 C4,0,m
280.875,A4 F#4 C4,0,m
281,D5 G4 B-3,0,m
281.375,D5 G4 B-3,0,m
281.5,C5 A4 A3,0,m
281.875,C5 A4 A3,0,m
282,B-4 D4 G3 G2,0,m
282.375,B-4 D4 G3 G2,0,m
282.5,B4 G#4 F4 G3 G2,0,m
282.875,B4 G#4 G3 F4 G2,0,m
283,C5 G3 G4 E-4 G2,0,m
283.375,C5 E-4 G3 G4,0,m
283.5,D5 G4 B3 G3 G2,0,m
283.875,D5 B3 G3 G4,0,m
284,E-5 C4 E-3 E-2,0,m
284.125,E-5 C4 E-3 E-2,0,m
284.25,D5 C4 E-3 E-2,0,m
284.375,D5 G4 C4 E-3 E-2,0,m
284.5,G4 C5 E-3 E-2,0,m
284.75,G4 C5 E-3 E-2,0,m
284.875,G4 E-3 C5,0,m
285,F4 G#3 G#2,0,m
285.125,F4 G#3 G#2,0,m
285.25,E-4 G#3 G#2,0,m
285.375,E-4 G#3 G#2,0,m
285.5,D4 G#3 G#2,0,m
285.625,D4 G#3 G#2,0,m
285.75,C4 G#3 G#2,0,m
285.875,C4 G#3,0,m
286,D4 B2 B1,0,m
286.125,D4 B2 B1,0,m
286.25,C4 B2 B1,0,m
286.375,C4 B2 B1,0,m
286.5,D4 B3 B2 B1,0,m
286.625,B3 D4 B2 B1,0,m
286.75,D4 A3 B2 B1,0,m
286.875,D4 A3 B2 B1,0,m
287,D4 G3 B2 B1,0,m
287.125,G3 D4 B2 B1,0,m
287.25,D4 G#3 B2 B1,0,m
287.375,D4 G#3 B2,0,m
287.5,D4 F3 B2 B1,0,m
287.625,F3 D4 B2 B1,0,m
287.75,D4 G3 B2 B1,0,m
287.875,D4 G3 B2,0,m
288,E-4 E-3 C3 C2,0,m
288.125,E-4 E-3 C3 C2,0,m
288.25,F4 E-3 C3 C2,0,m
288.375,F4 C3 E-3 C2,0,m
288.5,E-4 C3 C2,0,m
288.625,E-4 C3 C2,0,m
288.75,D4 C3 C2,0,m
288.875,D4 C3 C2,0,m
289,E-4 G#3,0,m
289.125,E-4 G#3,0,m
289.25,F4 G#3,0,m
289.375,F4 G#3,0,m
289.5,D4 G#3 C3 C2,0,m
289.625,D4 G#3 C3 C2,0,m
289.75,E-4 G#3 C3 C2,0,m
289.875,E-4 C3 G#3,0,m
290,F4 G#3 D3 D2,0,m
290.125,F4 G#3 D3 D2,0,m
290.25,G4 G#3 D3 D2,0,m
290.375,G4 G#3 D3 D2,0,m
290.5,F4 F3 D3 D2,0,m
290.625,F4 F3 D3 D2,0,m
290.75,E-4 F3 D3 D2,0,m
290.875,E-4 F3 D3 D2,0,m
291,F4 B-3 D3 D2,0,m
291.125,F4 B-3 D3 D2,10,M
291.25,G4 B-3 D3 D2,10,M
291.375,G4 D3 B-3,10,M
291.5,E-4 B-3 C3 C2,10,M
291.625,E-4 C3 B-3,10,M
291.75,F4 B-3 D3 D2,10,M
291.875,F4 D3 B-3,10,M
292,G4 B-3 E-3 E-2,10,M
292.375,G4 E-3 B-3,10,M
292.5,G#4 B-3 D3 D2,10,M
292.625,G#4 D3 B-3,10,M
292.75,G4 B-3 E-3 E-2,10,M
292.875,G4 B-3 E-3,10,M
293,F4 G#3 F3 F2,10,M
293.125,F4 G#3 F3 F2,10,M
293.25,E-4 G#3 F3 F2,10,M
293.375,E-4 F3 G#3,10,M
293.5,D4 G#3 E-3 E-2,10,M
293.625,D4 E-3 G#3,10,M
293.75,C4 G#3 F3 F2,10,M
293.875,C4 G#3 F3,10,M
294,B3 G3 G2,10,M
294.375,B3 G3,10,M
294.5,D4 A3 F3 F2,10,M
294.625,A3 D4 F3 F2,10,M
294.75,D4 B3 F3 F2,10,M
294.875,D4 B3 F3,10,M
295,G4 C4 E-3 E-2,10,M
295.375,G4 C4 E-3,10,M
295.5,F4 D4 D3 D2,10,M
295.875,F4 D4 D3,10,M
296,E-4 C3 C2,10,M
296.125,E-4 C3 C2,10,M
296.25,D4 E-4 C3 C2,10,M
296.375,C3 E-4 D4,10,M
296.5,C4 E-4 D3 D2,10,M
296.625,D3 E-4 C4,10,M
296.75,E-4 B-3 E-3 E-2,10,M
296.875,B-3 E-3 E-4,10,M
297,A3 E-4 F3 F2,10,M
297.375,E-4 A3 F3 F2,10,M
297.5,D4 B-3 F3 F2,10,M
297.875,D4 B-3 F3 F2,10,M
298,B-3 F5 C4 F3 F2,10,M
298.375,F3 F5 C4 B-3,10,M
298.5,A3 F5 F4 E-3 E-2,10,M
298.875,E-3 F5 F4 A3,10,M
299,F5 B-3 G4 D3 D2,10,M
299.375,F5 D3 G4 B-3,10,M
299.5,F5 A4 C4 C3 C2,10,M
299.875,F5 A4 C4 C3,10,M
300,B-4 D5 D4 B-2 B-1,10,M
300.375,B-4 B-2 D5 D4,10,M
300.5,B-4 D5 B-3 D4 G3 G2,10,M
300.625,G3 D5 B-3 D4,10,M
300.75,D5 B-3 D4 F3 F2,10,M
300.875,D5 B-3 F3 D4,10,M
301,B-3 G5 E-4 E-3 E-2,10,M
301.125,E-3 G5 E-4,10,M
301.25,G5 E-4 C3 C2,10,M
301.375,C3 G5 E-4,10,M
301.5,G5 E-4 D3 D2,10,M
301.625,D3 G5 E-4,10,M
301.75,G5 D4 E-4 E-3 E-2,10,M
301.875,G5 D4 E-3,10,M
302,C4 F3 A4 F2,10,M
302.375,F3 C4 A4 F2,10,M
302.5,A4 C4 F3,10,M
302.625,C4 A4 F3,10,M
302.875,C4 F3 A4,10,M
303,A4 F4 F3,10,M
303.375,A4 F3 F4,10,M
303.5,A4 F4 F3,10,M
303.875,A4 F3 F4,10,M
304,B-4 F4 G3,10,M
304.125,G3 B-4 F4,10,M
304.25,F4 B-4 A3,10,M
304.375,F4 A3 B-4,10,M
304.5,E-4 F4 B-4 G3,10,M
304.625,E-4 G3 B-4,10,M
304.75,D4 B-4 F3,10,M
304.875,D4 F3 B-4,10,M
305,E-4 G3,10,M
305.125,E-4 G3,10,M
305.25,F4 A3,10,M
305.375,F4 A3,10,M
305.5,D4 B-4 F3,10,M
305.625,D4 F3 B-4,10,M
305.75,B-4 E-4 G3,10,M
305.875,B-4 E-4 G3,10,M
306,C5 C4 A3 F3 F2,10,M
306.125,A3 C5 C4 F3 F2,10,M
306.25,C4 C5 B-3 F3 F2,10,M
306.375,C4 B-3 C5 F3 F2,10,M
306.5,D4 C5 A3 F3 F2,10,M
306.625,D4 A3 C5 F3 F2,10,M
306.75,E-4 C5 G3 F3 F2,10,M
306.875,E-4 G3 C5 F3 F2,10,M
307,C5 F4 A3 F3 F2,10,M
307.125,A3 C5 F4 F3 F2,10,M
307.25,C5 F4 B-3 F3 F2,10,M
307.375,C5 B-3 F3 F4,10,M
307.5,B-4 F4 G3 F3 F2,10,M
307.625,B-4 G3 F4 F3 F2,10,M
307.75,C5 F4 A3 F3 F2,10,M
307.875,C5 A3 F3 F4,10,M
308,D5 F4 B-3 D3 D2,10,M
308.375,D5 F4 B-3 D3 D2,10,M
308.5,C5 B-3 D3 D2,10,M
308.625,C5 B-3 D3 D2,10,M
308.75,D5 B-3 D3 D2,10,M
308.875,D5 D3 B-3,10,M
309,E-5 B-3 G3 G2,10,M
309.375,E-5 B-3 G3 G2,10,M
309.5,D5 G4 G3 G2,10,M
309.625,D5 G4 G3 G2,10,M
309.75,E-5 G4 G3 G2,10,M
309.875,E-5 G4 G3,10,M
310,F5 F4 A2 A1,10,M
310.375,F5 F4 A2 A1,10,M
310.5,C5 F4 C4 A2 A1,10,M
310.875,C5 C4 F4 A2 A1,10,M
311,F5 C4 A2 A1,10,M
311.375,F5 C4 A2,10,M
311.5,E-5 E5 C4 A2 A1,10,M
311.875,E-5 C4 A2,10,M
312,D5 D4 B-2 B-1,10,M
312.125,D4 D5 B-2 B-1,10,M
312.25,D5 E-4 B-2 B-1,10,M
312.375,D5 E-4 B-2 B-1,10,M
312.5,F4 D4 B-2 B-1,10,M
312.625,D4 F4 B-2 B-1,10,M
312.75,F4 C4 B-2 B-1,10,M
312.875,F4 C4 B-2 B-1,10,M
313,B-4 D4,10,M
313.125,D4 B-4,10,M
313.25,B-4 E-4,10,M
313.375,E-4 B-4,10,M
313.5,B-4 C4 B-2 B-1,10,M
313.625,C4 B-4 B-2 B-1,10,M
313.75,B-4 D4 B-2 B-1,10,M
313.875,D4 B-2 B-4,10,M
314,B-4 E-4 C3 C2,10,M
314.125,E-4 B-4 C3 C2,10,M
314.25,B-4 F4 C3 C2,10,M
314.375,F4 B-4 C3 C2,10,M
314.5,B-4 E-4 C3 C2,10,M
314.625,E-4 B-4 C3 C2,10,M
314.75,B-4 D4 C3 C2,10,M
314.875,B-4 D4 C3 C2,10,M
315,A4 E-4 C3 C2,10,M
315.125,E-4 A4 C3 C2,10,M
315.25,A4 F4 C3 C2,10,M
315.375,F4 C3 A4,10,M
315.5,A4 D4 B-2 B-1,10,M
315.625,D4 B-2 A4,10,M
315.75,A4 E-4 C3 C2,10,M
315.875,A4 E-4 C3,10,M
316,B-4 F4 D3 D2,10,M
316.375,B-4 F4 D3,5,m
316.5,B-4 D4 B-3 B-2,5,m
316.625,B-3 B-4 D4,5,m
316.75,B-4 D4 A3 A2,5,m
316.875,B-4 D4 A3,5,m
317,B-4 E4 G3 G2,5,m
317.375,E4 G3 B-4,5,m
317.5,B-4 F4 F3 F2,5,m
317.875,F4 F3 B-4,5,m
318,B-4 C5 G4 E3 E2,5,m
318.375,E3 B-4 C5 G4,5,m
318.5,B-4 C5 G4 G3 G2,5,m
318.875,B-4 G4 G3 C5,5,m
319,C5 G#4 F4 C3 C2,5,m
319.375,C5 F4 G#4 C3 C2,5,m
319.5,G4 C5 E4 C3 C2,5,m
319.875,G4 C5 E4 C3 C2,5,m
320,G#4 F4,5,m
320.375,F4 G#4,5,m
320.5,G#4 F3,5,m
320.875,F3 G#4,5,m
321,C#5 B-3,5,m
321.375,B-3 C#5,5,m
321.5,C#5 G3,5,m
321.875,C#5 G3,5,m
322,E4 C4,5,m
322.375,E4 C4,5,m
322.5,E4 C4 C3 C2,5,m
322.875,C3 E4 C4,5,m
323,E4 C3 C2,5,m
323.375,E4 C3,5,m
323.5,E4 C3 C2,5,m
323.875,E4 C3,5,m
324,F4 C#3 C#2,5,m
324.125,C#3 F4,5,m
324.25,F4 E-3 E-2,5,m
324.375,E-3 F4,5,m
324.5,F4 C#3 C#2,5,m
324.625,C#3 F4,5,m
324.75,F4 C3 C2,5,m
324.875,C3 F4,5,m
325,B-4 D3 D2,5,m
325.125,D3 B-4,5,m
325.25,B-4 E-3 E-2,5,m
325.375,B-4 E-3,5,m
325.5,G#4 C3 C2,5,m
325.625,C3 G#4,5,m
325.75,G#4 D3 D2,5,m
325.875,G#4 D3,5,m
326,G4 E-3 E-2,5,m
326.125,E-3 G4,5,m
326.25,G4 F3 F2,5,m
326.375,G4 F3,5,m
326.5,C4 G3 E-3 E-2,5,m
326.625,E-3 C4 G3,5,m
326.75,C4 G3 D3 D2,5,m
326.875,C4 G3 D3,5,m
327,C5 G3 E3 E2,5,m
327.125,E3 C5 G3,5,m
327.25,C5 G3 F3 F2,5,m
327.375,C5 G3 F3,5,m
327.5,B-4 G3 D3 D2,5,m
327.625,D3 B-4 G3,5,m
327.75,B-4 G3 E3 E2,5,m
327.875,B-4 G3 E3,5,m
328,G#4 G#3 F3 F2,5,m
328.125,G#3 G#4 F3 F2,5,m
328.25,G#4 B-3 F3 F2,5,m
328.375,B-3 F3 G#4,5,m
328.5,G#4 G#3 C3 C2,5,m
328.625,G#3 G#4 C3 C2,5,m
328.75,G#4 G3 C3 C2,5,m
328.875,G3 C3 G#4,5,m
329,A3 F3 F2,5,m
329.125,A3 F3 F2,7,m
329.25,B-3 F3 F2,7,m
329.375,B-3 F3,7,m
329.5,G3 E-3 E-2,7,m
329.625,G3 E-3 E-2,7,m
329.75,A3 E-3 E-2,7,m
329.875,A3 E-3,7,m
330,B-3 D3 D2,7,m
330.125,B-3 D3 D2,7,m
330.25,C4 D3 D2,7,m
330.375,C4 D3,7,m
330.5,D4 B-3 G2 G1,7,m
330.625,B-3 D4 G2 G1,7,m
330.75,D4 A3 G2 G1,7,m
330.875,D4 A3 G2,7,m
331,D4 B3 G3 G2,7,m
331.125,B3 D4 G3 G2,7,m
331.25,D4 C4 G3 G2,7,m
331.375,D4 C4 G3,7,m
331.5,D4 A3 F3 F2,7,m
331.625,A3 D4 F3 F2,7,m
331.75,D4 B3 F3 F2,7,m
331.875,D4 B3 F3,7,m
332,E-4 C4 E-3 E-2,7,m
332.125,E-4 C4 E-3 E-2,2,m
332.25,F4 E-3 C4 E-2,2,m
332.375,F4 C4 E-3 E-2,2,m
332.5,E-4 E-3 G3,2,m
332.625,E-4 E-3 G3,2,m
332.75,D4 E-3 G3,2,m
332.875,D4 G3 E-3,2,m
333,E4 C4,2,m
333.125,E4 C4,2,m
333.25,F4 C4,2,m
333.375,F4 C4,2,m
333.5,D4 B-3,2,m
333.625,D4 B-3,2,m
333.75,E4 B-3,2,m
333.875,E4 B-3,2,m
334,F4 A3,2,m
334.125,F4 A3,2,m
334.25,G4 A3,2,m
334.375,G4 A3,2,m
334.5,F4 A4 D3,2,m
334.625,F4 A4 D3,2,m
334.75,A4 E4 D3,2,m
334.875,A4 E4 D3,2,m
335,F#4 A4 D4,2,m
335.125,F#4 A4 D4,2,m
335.25,A4 G4 D4,2,m
335.375,A4 G4 D4,2,m
335.5,E4 A4 C4,2,m
335.625,E4 A4 C4,2,m
335.75,A4 F#4 C4,2,m
335.875,A4 F#4 C4,2,m
336,B-4 G4 B-3,2,m
336.125,B-4 G4 B-3,2,m
336.25,C5 G4 B-3,2,m
336.375,C5 G4 B-3,2,m
336.5,B-4 B-3 D4,2,m
336.625,B-4 B-3 D4,2,m
336.75,A4 D4 B-3,2,m
336.875,A4 D4 B-3,2,m
337,B4 G4,2,m
337.125,B4 G4,2,m
337.25,C5 G4,2,m
337.375,C5 G4,2,m
337.5,A4 F4,2,m
337.625,A4 F4,2,m
337.75,B4 F4,2,m
337.875,B4 F4,2,m
338,C5 E4,2,m
338.125,C5 E4,2,m
338.25,D5 E4,2,m
338.375,D5 E4,2,m
338.5,C5 A3 G3 E3 E2,2,m
338.625,C5 A3 G3 E3 E2,2,m
338.75,B4 A3 G3 E3 E2,2,m
338.875,B4 A3 G3 E3,2,m
339,C#5 A4 G3 E3 E2,2,m
339.125,C#5 A4 G3 E3 E2,2,m
339.25,D5 A4 G3 E3 E2,2,m
339.375,D5 A4 G3 E3,2,m
339.5,B4 G4 A3 E3 E2,2,m
339.625,B4 G4 A3 E3 E2,2,m
339.75,C#5 G4 A3 E3 E2,2,m
339.875,C#5 G4 A3 E3,2,m
340,D4 D3 D5 F4 A3 F3 F2,2,m
340.125,F3 D4 D3 D5 F4 A3,2,m
340.25,D4 D5 D3 F4 A3 G3 G2,2,m
340.375,D5 G3 D4 D3 F4 A3,2,m
340.5,D4 D5 D3 A4 F4 A3 F3 F2,2,m
340.625,F3 D4 D5 D3 A4 F4 A3,2,m
340.75,A4 F4 D4 D5 D3 A3 E3 E2,2,m
340.875,A4 F4 A3 E3 D3,2,m
341,D4 D3 D5 A4 A3 F#3 F#2,2,m
341.125,F#3 D4 D3 D5 A4 A3,?,?
341.25,D4 D5 D3 A4 A3 G3 G2,?,?
341.375,D5 G3 D4 D3 A4 A3,?,?
341.5,A4 D4 D5 D3 C5 A3 E3 E2,?,?
341.625,A4 A3 E3 D4 D5 D3 C5,?,?
341.75,C5 A4 D4 D5 D3 A3 F#3 F#2,?,?
341.875,C5 A4 A3 F#3 D3,?,?
342,D5 D3 B4 D4 B3 G3 G2,?,?
342.125,G3 D5 D3 B4 D4 B3,2,m
342.25,B4 D4 D5 D3 B3 A3 A2,2,m
342.375,B4 D4 A3 D5 D3 B3,2,m
342.5,D4 D5 D3 E4 B4 B3 G3 G2,2,m
342.625,G3 D4 D5 D3 E4 B4 B3,2,m
342.75,E4 B4 D4 D5 D3 B3 F#3 F#2,2,m
342.875,E4 B4 B3 F#3 D4 D5 D3,2,m
343,E5 B4 B3 G#3 G#2,2,m
343.125,G#3 E5 B4 B3,2,m
343.25,E5 B3 B4 A3 A2,2,m
343.375,E5 A3 B4 B3,2,m
343.5,B3 D5 B4 F#3 F#2,2,m
343.625,B3 F#3 D5 B4,2,m
343.75,D5 B4 B3 G#3 G#2,2,m
343.875,D5 B4 B3 G#3,2,m
344,E4 A3 C#5 C#4 A2,2,m
344.375,E4 C#4 A3 C#5 A2,2,m
344.5,A4 A3 A2 C#5 C#4,2,m
344.875,A2 C#5 C#4 A3,2,m
345,A3 A4 A2 D4 B3,2,m
345.375,B3 A3 A2 D4,2,m
345.5,E4 A4 A2 C#4 A3,2,m
345.875,E4 C#4 A3 A2,2,m
346,F4 A4 D3 D4 F3 F2,2,m
346.375,F4 A4 D3 D4 F3 F2,2,m
346.5,E4 A4 D3 D4 F3 F2,2,m
346.625,E4 A4 D3 D4 F3 F2,2,m
346.75,F4 A4 D3 D4 F3 F2,2,m
346.875,F4 F3 D3 D4,2,m
347,G4 D5 D3 D4 B-3 B-2,2,m
347.375,G4 D4 D5 D3 B-3 B-2,2,m
347.5,F4 D5 D3 D4 B-3 B-2,2,m
347.625,F4 D5 D3 D4 B-3 B-2,2,m
347.75,G4 D5 D3 D4 B-3 B-2,2,m
347.875,G4 D4 B-3 D3,2,m
348,A3 A4 A2 E4 C#3 C#2,2,m
348.375,A4 A3 A2 E4 C#3 C#2,2,m
348.5,E5 B-4 A3 A4 A2 E4 C#3 C#2,2,m
348.875,E5 B-4 E4 A3 A4 A2 C#3 C#2,2,m
349,E5 A4 A3 C#3 C#2,2,m
349.375,E5 A4 C#3 A3,2,m
349.5,E5 G4 A3 C#3 C#2,2,m
349.875,E5 G4 C#3 A3,2,m
350,F5 F4 A3 D3 D2,2,m
350.125,F5 F4 A3 D3 D2,2,m
350.25,G5 F4 A3 D3 D2,2,m
350.375,G5 F4 A3 D3 D2,2,m
350.5,F5 A4 F3 D3 D2,2,m
350.625,F5 A4 F3 D3 D2,2,m
350.75,E5 A4 D3 F3 D2,2,m
350.875,E5 A4 F3 D3 D2,2,m
351,F5 D5 B-3,2,m
351.125,F5 D5 B-3,2,m
351.25,G5 D5 B-3,2,m
351.375,G5 D5 B-3,2,m
351.5,E5 D5 B-3 D3 D2,2,m
351.625,E5 D5 B-3 D3 D2,2,m
351.75,F5 D5 B-3 D3 D2,2,m
351.875,F5 D5 D3 B-3,2,m
352,G5 D5 B-3 E3 E2,2,m
352.125,G5 D5 B-3 E3 E2,2,m
352.25,A5 G5 D5 B-3 E3 E2,2,m
352.375,A5 G5 B-3 D5 E3 E2,2,m
352.5,G5 D5 G3 E3 E2,2,m
352.625,G5 D5 G3 E3 E2,2,m
352.75,F5 D5 G5 G3 E3 E2,2,m
352.875,F5 D5 G5 G3 E3 E2,2,m
353,G5 C#5 E4 E3 E2,2,m
353.125,G5 C#5 E4 E3 E2,2,m
353.25,A5 G5 E3 C#5 E4 E2,2,m
353.375,A5 E4 E3 C#5,2,m
353.5,F5 C#5 E4 D3 D2,2,m
353.625,F5 D3 C#5 E4,2,m
353.75,G5 E5 C#5 E4 E3 E2,2,m
353.875,G5 E4 E3 C#5,2,m
354,A5 D5 D4 F3 F2,2,m
354.375,A5 D5 D4 F3,2,m
354.5,B-5 D5 C#4 E3 E2,2,m
354.625,B-5 D5 C#4 E3,2,m
354.75,A5 D5 D4 F3 F2,2,m
354.875,A5 D4 F3,2,m
355,G5 E4 G3 G2,2,m
355.125,G5 E4 G3 G2,2,m
355.25,F5 F4 G3 G2,2,m
355.375,F5 F4 G3,2,m
355.5,E5 G4 F3 F2,2,m
355.625,E5 G4 F3,2,m
355.75,D5 F4 G3 G2,2,m
355.875,D5 F4 G3,2,m
356,C#5 E4 A3 A2,2,m
356.375,C#5 E4 A3,2,m
356.5,D5 D4 B-3 B-2,2,m
356.625,B-3 D5 D4,2,m
356.75,D5 D4 A3 A2,2,m
356.875,D5 D4 A3,2,m
357,E5 B-4 C#4 G3 G2,2,m
357.125,G3 E5 B-4 C#4,2,m
357.25,E5 B-4 C#4 F3 F2,2,m
357.375,F3 E5 B-4 C#4,2,m
357.5,E5 B-4 C#4 E3 E2,2,m
357.625,C#4 E3 E5 B-4,2,m
357.75,E5 B-4 D4 D3 D2,2,m
357.875,D4 D3 E5 B-4,2,m
358,B-4 E5 E4 C#3 C#2,2,m
358.375,B-4 E5 E4 C#3 C#2,2,m
358.5,G5 B-4 A3 A4 A2 E4 C#3 C#2,2,m
358.875,G5 B-4 E4 C#3 A2,2,m
359,F5 A4 A3 D3 D2,2,m
359.375,F5 A4 A3 D3,2,m
359.5,E5 A4 C4 A2 C#4 A3,2,m
359.875,E5 A4 C4 A3 A2,2,m
360,D4 D3 D5 A4 B-3 B-2,2,m
360.375,D3 D5 A4 D4 B-3 B-2,2,m
360.5,D4 D3 D5 A4 F4 B-3 B-2,2,m
360.75,F4 D4 B-3 D3 D5 A4 B-2,2,m
360.875,D4 B-3 D3 D5 A4 F4,2,m
361,D4 D5 E4 B-3 D3 G#4 B-2 B-1,2,m
361.375,D5 B-3 D4 D3 G#4 E4 B-2 B-1,2,m
361.5,D5 G#4 B-3 D3 D4 B-2 B-1,2,m
361.875,D5 G#4 D4 B-3 D3,2,m
362,C#5 A4 A3 A2 E4 A1,2,m
362.375,C#5 A4 A3 E4 A2 A1,2,m
362.5,A2 C#5 A4 A3,2,m
362.875,A2 C#5 A4 A3,2,m
363,A4 D5 B3,2,m
363.375,A4 D5 B3,2,m
363.5,E5 A4 C#4,2,m
363.875,E5 A4 C#4,2,m
364,A4 F4 D4,2,m
364.375,D4 A4 F4,2,m
364.5,F4 A4 D3,2,m
364.875,F4 A4 D3,2,m
365,B-4 G3,2,m
365.375,B-4 G3,2,m
365.5,B-4 E3,2,m
365.875,B-4 E3,2,m
366,C#4 A3,2,m
366.375,C#4 A3,2,m
366.5,B-3 C#4 A2 A1,2,m
366.875,A2 C#4 B-3,2,m
367,C#4 A3 A2 A1,2,m
367.375,C#4 A2 A3,2,m
367.5,C#4 G3 A2 A1,2,m
367.875,C#4 G3 A2,2,m
368,D4 F3 B-2 B-1,2,m
368.125,B-2 D4 F3,2,m
368.25,F3 D4 C3 C2,2,m
368.375,F3 C3 D4,2,m
368.5,D4 D3 B-2 B-1,2,m
368.625,B-2 D4 D3,2,m
368.75,D4 D3 A2 A1,2,m
368.875,D3 A2 D4,2,m
369,G3 B2 B1,2,m
369.125,B2 G3,2,m
369.25,G3 C3 C2,2,m
369.375,G3 C3,2,m
369.5,D4 F3 A2 A1,2,m
369.625,A2 D4 F3,2,m
369.75,D4 F3 B2 B1,2,m
369.875,D4 F3 B2,2,m
370,E4 E3 C3 C2,2,m
370.125,C3 E4 E3,2,m
370.25,E4 E3 D3 D2,2,m
370.375,E3 D3 E4,2,m
370.5,A4 E4 C3 C2,2,m
370.625,A4 E4 C3,2,m
370.75,A4 C3 E4 B2 B1,2,m
370.875,A4 C3 B2 E4,2,m
371,A4 E4 A3 C#3 C#2,2,m
371.125,C#3 A4 E4 A3,2,m
371.25,A4 E4 A3 D3 D2,2,m
371.375,A4 E4 A3 D3,2,m
371.5,D4 A4 A3 B2 B1,2,m
371.625,D4 B2 A4 A3,2,m
371.75,A4 E4 A3 C#3 C#2,2,m
371.875,A4 E4 A3 C#3,2,m
372,B-4 F4 F3 D3 D2,2,m
372.125,B-4 F4 F3 D3 D2,2,m
372.25,C5 F4 F3 D3 D2,2,m
372.375,C5 D3 F4 F3,2,m
372.5,B-4 F4 F3 D3 D2,2,m
372.625,B-4 F4 F3 D3 D2,2,m
372.75,A4 F4 F3 D3 D2,2,m
372.875,A4 F3 D3 F4,2,m
373,B4 D4 G3 G2,2,m
373.125,B4 D4 G3 G2,2,m
373.25,C5 D4 G3 G2,2,m
373.375,C5 G3 D4,2,m
373.5,A4 D4 F3 F2,2,m
373.625,A4 D4 F3 F2,2,m
373.75,B4 D4 F3 F2,2,m
373.875,B4 D4 F3,2,m
374,C5 G3 E3 E2,2,m
374.125,C5 G3 E3 E2,2,m
374.25,D5 G3 E3 E2,2,m
374.375,D5 E3 G3,2,m
374.5,C5 E4 G3 E3 E2,2,m
374.625,C5 E4 G3 E3 E2,2,m
374.75,B4 E4 G3 E3 E2,2,m
374.875,B4 E4 E3 G3,2,m
375,C#5 E4 A3 A2,2,m
375.125,C#5 E4 A3 A2,0,M
375.25,D5 E4 A3 A2,0,M
375.375,D5 E4 A3,0,M
375.5,B4 E4 G3 G2,0,M
375.625,B4 E4 G3 G2,0,M
375.75,C#5 E4 G3 G2,0,M
375.875,C#5 E4 G3,0,M
376,F4 D5 F3 F2,0,M
376.125,F4 D5 F3 F2,0,M
376.25,G4 F3 D5 F2,0,M
376.375,G4 F3 D5 F2,0,M
376.5,F4 F3 D5 A3,0,M
376.625,F4 F3 D5 A3,0,M
376.75,E4 F3 D5 A3,0,M
376.875,E4 A3 F3 D5,0,M
377,F#4 D4,0,M
377.125,F#4 D4,0,M
377.25,G4 D4,0,M
377.375,G4 D4,0,M
377.5,E4 C4,0,M
377.625,E4 C4,0,M
377.75,F#4 C4,0,M
377.875,F#4 C4,0,M
378,G4 B3,0,M
378.125,G4 B3,0,M
378.25,A4 B3,0,M
378.375,A4 B3,0,M
378.5,G4 E5 B3,0,M
378.625,G4 E5 B3,0,M
378.75,E5 F#4 B3,0,M
378.875,E5 F#4 B3,0,M
379,G#4 E5 E4,0,M
379.125,G#4 E5 E4,0,M
379.25,E5 A4 E4,0,M
379.375,E5 A4 E4,0,M
379.5,F#4 E5 D4 E3 E2,0,M
379.625,F#4 E5 D4 E3 E2,0,M
379.75,E5 G#4 D4 E3 E2,0,M
379.875,E5 G#4 D4 E3,0,M
380,F5 A4 C4 A3 A2,0,M
380.125,F5 A4 C4 A3 A2,0,M
380.25,G5 A4 C4 A3 A2,0,M
380.375,G5 A3 A4 C4,0,M
380.5,F5 A4 C4 A2 A1,0,M
380.625,F5 A4 C4 A2 A1,0,M
380.75,E5 A4 C4 A2 A1,0,M
380.875,E5 A4 C4 A2,0,M
381,F#5 A4 D4 D3 D2,0,M
381.125,F#5 A4 D4 D3 D2,?,?
381.25,G5 A4 D4 D3 D2,?,?
381.375,G5 D3 A4 D4,?,?
381.5,E5 A4 D4 C3 C2,?,?
381.625,E5 A4 D4 C3 C2,?,?
381.75,F#5 A4 D4 C3 C2,?,?
381.875,F#5 A4 D4 C3,?,?
382,G5 G4 D4 B2 B1,?,?
382.125,G5 G4 D4 B2 B1,?,?
382.25,A5 G5 G4 D4 B2 B1,?,?
382.375,A5 B2 G4 D4,?,?
382.5,G5 D5 G4 D4 B2 B1,?,?
382.625,G5 D5 G4 D4 B2 B1,?,?
382.75,F#5 G4 D5 D4 B2 B1,?,?
382.875,F#5 G4 D4 B2,?,?
383,G#5 E5 B4 E4 E3 E2,?,?
383.125,G#5 E5 B4 E4 E3 E2,?,?
383.25,A5 E5 B4 E4 E3 E2,?,?
383.375,A5 E5 E3 B4 E4,?,?
383.5,F#5 B4 E5 E4 D3 D2,?,?
383.625,F#5 B4 E4 D3 D2,?,?
383.75,G#5 B4 E5 E4 D3 D2,?,?
383.875,G#5 B4 E4 D3,?,?
384,E5 A3 A2 A5 A4 E4 C#3 C#2,?,?
384.375,E5 C#3 A3 A2 A5 A4 E4,?,?
384.5,C#5 E5 A4 A2 G4 E4 A3,?,?
384.875,C#5 E4 A3 A2 G4,?,?
385,D5 D3 F4 D4 B-3 B-2,?,?
385.375,D5 B-3 D4 D3 F4,?,?
385.5,D5 B-4 D4 D3 F4 G3 G2,?,?
385.875,D5 B-4 F4 G3 D3,?,?
386,D5 A4 E4 A3 A2,?,?
386.375,A2 D5 A4 E4 A3,?,?
386.5,A2 D5 A4 E4 A3,?,?
386.625,A2 D5 A4 E4 A3,?,?
386.75,A3 A2 D5 A4 E4,?,?
386.875,A3 A2 D5 A4 E4,?,?
387,A4 E4 A3 C#5 A2 A1,?,?
387.375,A4 E4 A3 A2 C#5 A1,2,m
387.5,C#5 A4 E4 A3 A2 A1,2,m
387.875,C#5 A4 E4 A3 A2,2,m
388,D4 D5 G#3 D3 B4 F4 G#2 G#1,2,m
389.875,D4 D5 G#3 D3 B4 F4 G#2 G#1,2,m
391,D5 B4 G#3 F4 G#2,2,m
391.625,D5 B4 F4 G#3 G#2,2,m
391.75,D5 B4 G#3 F4 G#2,2,m
391.875,D5 B4 F4 G#3,2,m
392,C#5 A4 A2 E4 A3,2,m
392.875,C#5 A4 E4 A3 A2,2,m
393,D4 D3 D5 A4 F4 F3 F2,2,m
393.375,F3 D3 D5 A4 F4,2,m
393.5,A4 D4 D5 F4 D3 D2,2,m
393.875,A4 D3 D5 F4,2,m
394,A3 A2 D5 A4 F4 A1,2,m
394.5,A3 A2 D5 A4 F4 A1,2,m
394.75,D5 A3 A2 A4 F4 A1,2,m
394.875,D5 F4 A3 A2 A4,2,m
395,A3 C#5 A4 E4 A2 A1,2,m
395.25,A4 A3 C#5 E4 A2 A1,2,m
395.375,A4 A3 C#5 E4 A2 A1,2,m
395.5,A3 C#5 A4 E4 A2 A1,2,m
395.75,C#5 A4 A3 E4 A2 A1,2,m
395.875,C#5 A4 E4 A3 A2,2,m
396,D5 A4 D4 D3 D2,2,m
