4.0,A5 F3 A3 D2 A4 D5 F5 D4 F4 D3,?,?
4.125,A5 F3 A3 D2 A4 D5 F5 D4 F4 D3,?,?
5.0,A5 F3 A3 D2 A4 D5 F5 D4 F4 D3,?,?
5.125,A5 F3 A3 D2 A4 D5 F5 D4 F4 D3,?,?
5.25,A5 F3 A3 D2 A4 D5 F5 D4 F4 D3,?,?
5.333333333333333,A5 F3 A3 D2 A4 D5 F5 D4 F4 D3,?,?
5.458333333333333,A5 F3 A3 D2 A4 D5 F5 D4 F4 D3,?,?
5.5,A5 F3 A3 D2 A4 D5 F5 D4 F4 D3,?,?
5.625,A5 F3 A3 D2 A4 D5 F5 D4 F4 D3,?,?
5.666666666666667,F3 A5 A3 D2 A4 D5 F5 D4 F4 D3,?,?
5.791666666666667,A5 F3 A3 D2 A4 D5 F5 D4 F4 D3,?,?
5.875,A5 F3 A3 D2 A4 D5 F5 D4 F4 D3,?,?
6.0,A5 F3 A3 D2 A4 D5 F5 D4 F4 D3,?,?
6.125,A5 F3 A3 D2 A4 D5 F5 D4 F4 D3,?,?
6.25,A5 F3 A3 D2 A4 D5 F5 D4 F4 D3,?,?
6.333333333333333,A5 F3 A3 D2 A4 D5 F5 D4 F4 D3,?,?
6.458333333333333,A5 F3 A3 D2 A4 D5 F5 D4 F4 D3,?,?
6.5,A5 F3 A3 D2 A4 D5 F5 D4 F4 D3,?,?
6.625,A5 F3 A3 D2 A4 D5 F5 D4 F4 D3,?,?
6.666666666666667,F3 A5 A3 D2 A4 D5 F5 D4 F4 D3,?,?
6.791666666666667,A5 F3 A3 D2 A4 D5 F5 D4 F4 D3,?,?
6.875,A5 F3 A3 D2 A4 D5 F5 D4 F4 D3,?,?
7.0,A5 F3 A3 D2 A4 D5 F5 D4 F4 D3,?,?
7.75,C6 C4 C5 E3 A3 C2 E5 A5 E4 A4 C3,?,?
8.0,C6 C4 C5 E3 A3 C2 E5 A5 E4 G4 A4 C3,?,?
8.125,C6 C4 C5 E3 A3 C2 E5 A5 E4 G4 A4 C3,5,M
9.0,C6 C4 C5 E3 A3 C2 E5 A5 E4 G4 A4 C3,5,M
9.125,C6 C4 C5 E3 A3 C2 E5 A5 E4 G4 A4 C3,5,M
9.25,C6 C4 C5 E3 A3 C2 E5 A5 E4 G4 A4 C3,5,M
9.333333333333334,C3 C6 C4 C5 E3 A3 C2 E5 A5 E4 G4 A4,5,M
9.458333333333334,C6 C4 C5 E3 A3 C2 E5 A5 E4 G4 A4 C3,5,M
9.5,C6 C4 C5 E3 A3 C2 E5 A5 E4 G4 A4 C3,5,M
9.625,C6 C4 C5 E3 A3 C2 E5 A5 E4 G4 A4 C3,5,M
9.666666666666666,C6 C4 C5 E3 A3 C2 E5 A5 E4 G4 A4 C3,5,M
9.791666666666666,C6 C4 C5 E3 A3 C2 E5 A5 E4 G4 A4 C3,5,M
9.875,C6 C4 C5 E3 A3 C2 E5 A5 E4 G4 A4 C3,5,M
10.0,C6 C4 C5 E3 A3 C2 E5 A5 E4 G4 A4 C3,5,M
10.125,C6 C4 C5 E3 A3 C2 E5 A5 E4 G4 A4 C3,5,M
10.25,C6 C4 C5 E3 A3 C2 E5 A5 E4 G4 A4 C3,5,M
10.333333333333334,C3 C6 C4 C5 E3 A3 C2 E5 A5 E4 G4 A4,5,M
10.458333333333334,C6 C4 C5 E3 A3 C2 E5 A5 E4 G4 A4 C3,5,M
10.5,C6 C4 C5 E3 A3 C2 E5 A5 E4 G4 A4 C3,5,M
10.625,C6 C4 C5 E3 A3 C2 E5 A5 E4 G4 A4 C3,5,M
10.666666666666666,C6 C4 C5 E3 A3 C2 E5 A5 E4 G4 A4 C3,5,M
10.791666666666666,C6 C4 C5 E3 A3 C2 E5 A5 E4 G4 A4 C3,5,M
10.875,C6 C4 C5 E3 A3 C2 E5 A5 E4 G4 A4 C3,5,M
11.0,C6 C4 C5 E3 A3 C2 E5 A5 E4 G4 A4 C3,5,M
11.75,E6 G5 B-3 E4 C4 C3 B-1 C5 E5 C6 G3 G4 B-2,5,M
12.0,E6 G5 B-3 E4 C4 C3 B-1 C5 E5 C6 G3 G4 B-2,5,M
12.125,E6 G5 B-3 E4 C4 B-1 C5 E5 C6 G3 G4 B-2,5,M
13.0,E6 G5 B-3 E4 C4 C3 B-1 C5 E5 C6 G3 G4 B-2,5,M
13.125,E6 G5 B-3 E4 C4 C3 B-1 C5 E5 C6 G3 G4 B-2,5,M
13.25,E6 G5 B-3 E4 C4 B-1 C5 E5 C6 G3 G4 B-2,5,M
13.333333333333334,C3 E6 G5 B-3 E4 C4 B-1 C5 E5 C6 G3 G4 B-2,5,M
13.458333333333334,E6 G5 B-3 E4 C4 B-1 C5 E5 C6 G3 G4 B-2,5,M
13.5,E6 G5 B-3 E4 C4 C3 B-1 C5 E5 C6 G3 G4 B-2,5,M
13.625,E6 G5 B-3 E4 C4 B-1 C5 E5 C6 G3 G4 B-2,5,M
13.666666666666666,E6 G5 B-3 E4 C4 C3 B-1 C5 E5 C6 G3 G4 B-2,5,M
13.791666666666666,E6 G5 B-3 E4 C4 B-1 C5 E5 C6 G3 G4 B-2,5,M
13.875,E6 G5 B-3 E4 C4 C3 B-1 C5 E5 C6 G3 G4 B-2,5,M
14.0,E6 G5 B-3 E4 C4 C3 B-1 C5 E5 C6 G3 G4 B-2,5,M
14.125,E6 G5 B-3 E4 C4 C3 B-1 C5 E5 C6 G3 G4 B-2,5,M
14.25,E6 G5 B-3 E4 C4 B-1 C5 E5 C6 G3 G4 B-2,5,M
14.333333333333334,C3 E6 G5 B-3 E4 C4 B-1 C5 E5 C6 G3 G4 B-2,5,M
14.458333333333334,E6 G5 B-3 E4 C4 B-1 C5 E5 C6 G3 G4 B-2,5,M
14.5,E6 G5 B-3 E4 C4 C3 B-1 C5 E5 C6 G3 G4 B-2,5,M
14.625,E6 G5 B-3 E4 C4 B-1 C5 E5 C6 G3 G4 B-2,5,M
15.0,E6 G5 B-3 E4 C4 B-1 C5 E5 C6 G3 G4 B-2,5,M
15.75,C6 C4 A3 F3 A1 F6 A4 C5 F5 F4 A2,5,M
16.0,C6 C4 A3 F3 A1 F6 A4 C5 F5 F4 A2,5,M
16.125,C6 C4 A3 A1 F6 A4 C5 F5 F4 A2,5,M
17.0,C6 C4 A3 F3 A1 F6 A4 C5 F5 F4 A2,5,M
17.125,C6 C4 A3 F3 A1 F6 A4 C5 F5 F4 A2,5,M
17.25,C6 C4 A3 F3 A1 F6 A4 C5 F5 F4 A2,5,M
17.375,C6 C4 A3 F3 A1 F6 A4 C5 F5 F4 A2,5,M
17.5,C6 C4 A3 F3 A1 F6 A4 C5 F5 F4 A2,5,M
17.625,C6 C4 A3 F3 A1 F6 A4 C5 F5 F4 A2,5,M
17.75,C6 C4 A3 F3 A1 F6 A4 C5 F5 F4 A2,5,M
17.875,F6 C6 C4 F4 A3 F3 A1 A4 C5 F5 A2,5,M
18.0,F6 F4 F5 F3,5,M
18.125,F6 F4 F5 F3,5,M
18.25,F6 F4 F5 F3,5,M
18.375,F6 F4 F5 F3,5,M
18.5,F6 F4 F5 F3 C5,5,M
18.625,F6 F4 F5 F3 C5,5,M
18.75,F6 F4 F5 F3 C5,5,M
18.875,F6 F4 F5 F3 C5,5,M
19.0,F6 F4 F5 D5,5,M
19.5,F6 F4 F5 E5,5,M
20.0,F6 F4 F5,5,M
20.5,F6 F4 F5 C5,5,M
21.0,F6 F4 F5 B-4,5,M
21.5,F6 F4 F5 A4,5,M
22.0,A4,5,M
22.5,G4,5,M
23.0,G4,5,M
23.5,D5,?,?
24.0,D5,?,?
24.5,B-4,?,?
25.0,A4,?,?
25.5,G4,?,?
26.0,F#4,?,?
26.5,F4,5,m
27.0,F4,5,m
27.5,G4,5,m
28.0,F#4,5,m
28.5,F4,5,m
29.0,F4,5,m
29.5,G4,1,M
30.0,F#4,1,M
30.5,F4,1,M
31.0,G4,1,M
31.5,F#4,1,M
32.0,F4,1,M
32.5,G4,1,M
33.0,F#4,1,M
33.5,F4,1,M
34.0,G#4,1,M
34.5,F4,1,M
35.0,C5,1,M
35.5,G#4,1,M
36.0,G#5 F4 F3 G#3 C#3 C#5 F5 G#4 C#4,1,M
36.125,G#5 F4 F3 G#3 C#3 C#5 F5 G#4 C#4,1,M
37.0,G#5 F4 F3 G#3 C#3 C#5 F5 G#4 C#4,1,M
37.125,G#5 F4 F3 G#3 C#3 C#5 F5 G#4 C#4,8,M
37.25,G#5 F4 F3 G#3 C#3 C#5 F5 G#4 C#4,8,M
37.375,G#5 F4 F3 G#3 C#3 C#5 F5 G#4 C#4,8,M
37.5,G#5 F4 F3 G#3 C#3 C#5 F5 G#4 C#4,8,M
37.625,G#5 F4 F3 G#3 C#3 C#5 F5 G#4 C#4,8,M
37.75,G#5 F4 F3 G#3 C#3 C#5 F5 G#4 C#4,8,M
37.875,G#5 F4 F3 G#3 C#3 C#5 F5 G#4 C#4,8,M
38.0,G#5 F4 F3 G#3 C#3 C#5 F5 G#4 C#4,8,M
38.125,G#5 F4 F3 G#3 C#3 C#5 F5 G#4 C#4,8,M
38.25,G#5 F4 F3 G#3 C#3 C#5 F5 G#4 C#4,8,M
38.375,G#5 F4 F3 G#3 C#3 C#5 F5 G#4 C#4,8,M
38.5,G#5 F4 F3 G#3 C#3 C#5 F5 G#4 C#4,8,M
38.625,G#5 F4 F3 G#3 C#3 C#5 F5 G#4 C#4,8,M
38.75,G#5 F4 F3 G#3 C#3 C#5 F5 G#4 C#4,8,M
38.875,G#5 F4 F3 G#3 C#3 C#5 F5 G#4 C#4,8,M
39.0,G#5 F4 F3 G#3 C#3 C#5 F5 G#4 C#4,8,M
39.75,C6 C3 A4 C5 E-3 G#3 G#4 E-5 G#5 E-4 C4,8,M
39.875,C3 E-4 A4 C5,8,M
40.0,C6 C5 E-3 G#3 C3 G#4 E-5 G#5 E-4 C4,8,M
40.125,C6 C5 E-3 G#3 C3 G#4 E-5 G#5 E-4 C4,8,M
41.0,C6 C5 E-3 G#3 C3 G#4 E-5 G#5 E-4 C4,8,M
41.125,C6 C5 E-3 G#3 C3 G#4 E-5 G#5 E-4 C4,8,M
41.25,C6 C5 E-3 G#3 C3 G#4 E-5 G#5 E-4 C4,8,M
41.375,C6 C5 E-3 G#3 C3 G#4 E-5 G#5 E-4 C4,8,M
41.5,C6 C5 E-3 G#3 C3 G#4 E-5 G#5 E-4 C4,8,M
41.625,C6 C5 E-3 G#3 C3 G#4 E-5 G#5 E-4 C4,8,M
41.75,C6 C5 E-3 G#3 C3 G#4 E-5 G#5 E-4 C4,8,M
41.875,C6 C5 E-3 G#3 C3 G#4 E-5 G#5 E-4 C4,8,M
42.0,C6 C5 E-3 G#3 C3 G#4 E-5 G#5 E-4 C4,8,M
42.125,C6 C5 E-3 G#3 C3 G#4 E-5 G#5 E-4 C4,8,M
42.25,C6 C5 E-3 G#3 C3 G#4 E-5 G#5 E-4 C4,8,M
42.375,C6 C5 E-3 G#3 C3 G#4 E-5 G#5 E-4 C4,8,M
42.5,C6 C5 E-3 G#3 C3 G#4 E-5 G#5 E-4 C4,8,M
42.625,C6 C5 E-3 G#3 C3 G#4 E-5 G#5 E-4 C4,8,M
42.75,C6 C5 E-3 G#3 C3 G#4 E-5 G#5 E-4 C4,8,M
42.875,C6 C5 E-3 G#3 C3 G#4 E-5 G#5 E-4 C4,8,M
43.0,C6 C5 E-3 G#3 C3 G#4 E-5 G#5 E-4 C4,8,M
43.75,E6 B-5 G5 C#4 E4 E3 B-2 C#6 G4 E5 G3 B-3,8,M
44.0,E6 B-5 G5 C#4 E4 E3 B-2 C#6 G4 E5 G3 B-3,8,M
44.125,E6 B-5 G5 C#4 E4 B-2 C#6 G4 E5 G3 B-3,5,m
45.0,E6 B-5 G5 C#4 E4 E3 B-2 C#6 G4 E5 G3 B-3,5,m
45.125,E6 B-5 G5 C#4 E4 E3 B-2 C#6 G4 E5 G3 B-3,5,m
45.25,E6 B-5 G5 C#4 E4 E3 B-2 C#6 G4 E5 G3 B-3,5,m
45.333333333333336,E3 E6 B-5 G5 C#4 E4 B-2 C#6 G4 E5 G3 B-3,5,m
45.375,E6 B-5 G5 C#4 E4 E3 B-2 C#6 G4 E5 G3 B-3,5,m
45.458333333333336,E6 B-5 G5 C#4 E4 E3 B-2 C#6 G4 E5 G3 B-3,5,m
45.5,E6 B-5 G5 C#4 E4 E3 B-2 C#6 G4 E5 G3 B-3,5,m
45.625,E6 B-5 G5 C#4 E4 E3 B-2 C#6 G4 E5 G3 B-3,5,m
45.666666666666664,E6 B-5 G5 C#4 E4 E3 B-2 C#6 G4 E5 G3 B-3,5,m
45.75,E6 B-5 G5 C#4 E4 E3 B-2 C#6 G4 E5 G3 B-3,5,m
45.791666666666664,E6 B-5 G5 C#4 E4 E3 B-2 C#6 G4 E5 G3 B-3,5,m
45.875,E6 B-5 G5 C#4 E4 E3 B-2 C#6 G4 E5 G3 B-3,5,m
46.0,E6 B-5 G5 C#4 E4 E3 B-2 C#6 G4 E5 G3 B-3,5,m
46.125,E6 B-5 G5 C#4 E4 E3 B-2 C#6 G4 E5 G3 B-3,5,m
46.25,E6 B-5 G5 C#4 E4 E3 B-2 C#6 G4 E5 G3 B-3,5,m
46.333333333333336,E3 E6 B-5 G5 C#4 E4 B-2 C#6 G4 E5 G3 B-3,5,m
46.375,E6 B-5 G5 C#4 E4 E3 B-2 C#6 G4 E5 G3 B-3,5,m
46.458333333333336,E6 B-5 G5 C#4 E4 E3 B-2 C#6 G4 E5 G3 B-3,5,m
46.5,E6 B-5 G5 C#4 E4 E3 B-2 C#6 G4 E5 G3 B-3,5,m
46.625,E6 B-5 G5 C#4 E4 E3 B-2 C#6 G4 E5 G3 B-3,5,m
46.666666666666664,E6 B-5 G5 C#4 E4 E3 B-2 C#6 G4 E5 G3 B-3,5,m
46.75,E6 B-5 G5 C#4 E4 E3 B-2 C#6 G4 E5 G3 B-3,5,m
46.791666666666664,E6 B-5 G5 C#4 E4 E3 B-2 C#6 G4 E5 G3 B-3,5,m
46.875,E6 B-5 G5 C#4 E4 E3 B-2 C#6 G4 E5 G3 B-3,5,m
47.0,E6 B-5 G5 C#4 E4 B-2 C#6 G4 E5 G3 B-3,5,m
47.75,F2 F#4 G#4 C4 F3 G#2 C6 F6 C5 F5 F4 G#3,5,m
48.0,F2 F3 G#4 C4 G#2 C6 F6 C5 F5 F4 G#3,5,m
48.125,F2 F3 G#4 C4 G#2 C6 F6 C5 F5 F4 G#3,5,m
49.0,F2 F3 G#4 C4 G#2 C6 F6 C5 F5 F4 G#3,5,m
49.125,F2 F3 G#4 C4 G#2 C6 F6 C5 F5 F4 G#3,5,m
49.25,F2 F3 G#4 C4 G#2 C6 F6 C5 F5 F4 G#3,5,m
49.333333333333336,F3 F2 G#4 C4 G#2 C6 F6 C5 F5 F4 G#3,5,m
49.375,F2 F3 G#4 C4 G#2 C6 F6 C5 F5 F4 G#3,5,m
49.458333333333336,F2 F3 G#4 C4 G#2 C6 F6 C5 F5 F4 G#3,5,m
49.5,F2 F3 G#4 C4 G#2 C6 F6 C5 F5 F4 G#3,5,m
49.625,F2 F3 G#4 C4 G#2 C6 F6 C5 F5 F4 G#3,5,m
49.666666666666664,F2 F3 G#4 C4 G#2 C6 F6 C5 F5 F4 G#3,5,m
49.75,F2 F3 G#4 C4 G#2 C6 F6 C5 F5 F4 G#3,5,m
49.791666666666664,F2 F3 G#4 C4 G#2 C6 F6 C5 F5 F4 G#3,5,m
49.875,F2 F3 G#4 C4 G#2 C6 F6 C5 F5 F4 G#3,5,m
50.0,F2 F3,5,m
50.125,F2 F3,5,m
50.25,F2 F3,5,m
50.333333333333336,F3 F2,5,m
50.375,F2 F3,5,m
50.458333333333336,F2 F3,5,m
50.5,F2 F3 C4,5,m
50.625,F2 F3 C4,5,m
50.666666666666664,F2 F3 C4,5,m
50.75,F2 F3 C4,5,m
50.791666666666664,F2 F3 C4,5,m
50.875,F2 F3 C4,5,m
51.0,F2 F3 D4,5,m
51.125,F2 F3 D4,5,m
51.25,F2 F3 D4,5,m
51.333333333333336,F3 F2 D4,5,m
51.375,F2 F3 D4,5,m
51.458333333333336,F2 F3 D4,5,m
51.5,F2 F3 E4,5,m
51.625,F2 F3 E4,5,m
51.666666666666664,F2 F3 E4,5,m
51.75,F2 F3 E4,5,m
51.791666666666664,F2 F3 E4,5,m
51.875,F2 F3 E4,5,m
52.0,F2 F3 F4,5,m
52.125,F2 F3 F4,5,m
52.25,F2 F3 F4,5,m
52.333333333333336,F3 F2 F4,5,m
52.375,F2 F3 F4,5,m
52.458333333333336,F2 F3 F4,5,m
52.5,F2 F3 C4,5,m
52.625,F2 F3 C4,5,m
52.666666666666664,F2 F3 C4,5,m
52.75,F2 F3 C4,5,m
52.791666666666664,F2 F3 C4,5,m
52.875,F2 F3 C4,5,m
53.0,F2 F3 B-3,5,m
53.125,F2 F3 B-3,5,m
53.25,F2 F3 B-3,5,m
53.333333333333336,F3 F2 B-3,5,m
53.375,F2 F3 B-3,5,m
53.458333333333336,F2 F3 B-3,5,m
53.5,F2 F3 G#3,5,m
53.625,F2 F3 G#3,5,m
53.666666666666664,F2 F3 G#3,5,m
53.75,F2 F3 G#3,5,m
53.791666666666664,F2 F3 G#3,5,m
53.875,F2 F3 G#3,5,m
54.0,F3 G#3,5,m
54.125,F3 G#3,5,m
54.25,F3 G#3,5,m
54.333333333333336,F3 G#3,5,m
54.375,F3 G#3,5,m
54.458333333333336,F3 G#3,5,m
54.5,F3 G3,5,m
54.625,F3 G3,5,m
54.666666666666664,F3 G3,5,m
54.75,F3 G3,5,m
54.791666666666664,F3 G3,5,m
54.875,F3 G3,5,m
55.0,F3 G3,5,m
55.125,F3 G3,5,m
55.25,F3 G3,5,m
55.333333333333336,F3 G3,5,m
55.375,F3 G3,5,m
55.458333333333336,F3 G3,5,m
55.5,F3 C#4,5,m
55.625,F3 C#4,5,m
55.666666666666664,F3 C#4,5,m
55.75,F3 C#4,5,m
55.791666666666664,F3 C#4,5,m
55.875,F3 C#4,5,m
56.0,C#4,5,m
56.125,F3 C#4,5,m
56.25,C#4,5,m
56.333333333333336,F3 C#4,5,m
56.375,F3 C#4,5,m
56.458333333333336,F3 C#4,5,m
56.5,F3 B-3,5,m
56.625,F3 B-3,5,m
56.666666666666664,F3 B-3,5,m
56.75,F3 B-3,5,m
56.791666666666664,F3 B-3,5,m
56.875,F3 B-3,5,m
57.0,F3 G#3,5,m
57.125,F3 G#3,5,m
57.25,F3 G#3,5,m
57.333333333333336,F3 G#3,5,m
57.375,F3 G#3,5,m
57.458333333333336,F3 G#3,5,m
57.5,F3 F#3,5,m
57.625,F3 F#3,5,m
57.666666666666664,F3 F#3,5,m
57.75,F3 F#3,5,m
57.791666666666664,F3 F#3,5,m
57.875,F3 F#3,5,m
58.0,F3,5,m
58.125,F3,5,m
58.5,E3,5,m
58.875,E3,5,m
59.0,E3,5,m
59.375,E3,0,M
59.5,G3,0,M
60.0,F3,0,M
60.5,E3,0,M
61.0,E3,0,M
61.375,E3,0,M
61.5,F#3,0,M
62.0,F3,0,M
62.5,E3,0,M
63.0,F#3,0,M
63.5,F3,0,M
64.0,E3,0,M
64.5,G2 G3,0,M
65.0,F2 F3,0,M
65.5,E2 E3,0,M
65.875,E2 E3,0,M
66.0,G2 G3,0,M
66.5,E2 E3,0,M
67.0,C3 C4,0,M
67.5,G2 G3,0,M
68.0,C6 E6 G5 C2 G4 C5 C3 G3 C4 E3 E5 E4,0,M
68.5,C6 E6 E5 G5 C2 E4 G4 C5 C3 G3 C4 E3,0,M
69.0,C6 E6 E5 G5 C2 E4 G4 C5 C3 G3 C4,0,M
70.0,C6 E6 E5 G5 C2 E4 G4 C5 C3 G3 C4 G2,0,M
71.0,C6 E6 E5 G5 C2 E4 G4 C5 C3 G3 C4 E2 E3,5,M
72.0,C6 E6 E5 G5 C2 E4 G4 C5 C3 G3 C4,5,M
72.125,C6 E6 E5 G5 E4 G4 C5 C3 G3 C4 C2,5,M
72.25,C6 E6 E5 G5 E4 G4 C5 C3 G3 C4 C2 C#4 C#3,5,M
72.33333333333333,C6 E6 E5 G5 E4 G4 C5 C3 G3 C4 C2 C#4 C#3,5,M
72.375,C6 E6 E5 G5 E4 G4 C5 C3 G3 C4 C2 C#4 C#3,5,M
72.45833333333333,C6 E6 E5 G5 C2 E4 G4 C5 G3 C4 C3 C#4 C#3,5,M
72.5,C3 C2 D4 D3,5,M
72.625,C3 C2 D4 D3,5,M
72.66666666666667,C3 C2 D4 D3,5,M
72.75,C3 C2 E-4 E-3,5,M
72.79166666666667,C3 C2 E-4 E-3,5,M
72.875,C3 C2 E-4 E-3,5,M
73.0,C3 C2 E4 E3,5,M
73.125,C3 C2 E4 E3,5,M
73.25,C3 C2 F4 F3,5,M
73.33333333333333,C3 C2 F4 F3,5,M
73.375,C3 C2 F4 F3,5,M
73.45833333333333,C3 C2 F4 F3,5,M
73.5,C3 C2 F#4 F#3,5,M
73.625,C3 C2 F#4 F#3,5,M
73.66666666666667,C3 C2 F#4 F#3,5,M
73.75,C3 C2 G4 G3,5,M
73.79166666666667,C3 C2 G4 G3,5,M
73.875,C3 C2 G4 G3,5,M
74.0,C3 C2 G#4 G#3,5,M
74.125,C3 C2 G#4 G#3,5,M
74.25,C3 C2 G4 G3,5,M
74.33333333333333,C3 C2 G4 G3,5,M
74.375,C3 C2 G4 G3,5,M
74.45833333333333,C3 C2 G4 G3,5,M
74.5,C3 C2 F#4 F#3,5,M
74.625,C3 C2 F#4 F#3,5,M
74.66666666666667,C3 C2 F#4 F#3,5,M
74.75,C3 C2 F4 F3,5,M
74.79166666666667,C3 C2 F4 F3,5,M
74.875,C3 C2 F4 F3,5,M
75.0,C3 C2 E4 E3,5,M
75.125,C3 C2 E4 E3,5,M
75.25,C3 C2 E-4 E-3,5,M
75.33333333333333,C3 C2 E-4 E-3,5,M
75.375,C3 C2 E-4 E-3,5,M
75.45833333333333,C3 C2 E-4 E-3,5,M
75.5,C3 C2 D4 D3,5,M
75.625,C3 C2 D4 D3,5,M
75.66666666666667,C3 C2 D4 D3,5,M
75.75,C3 C2 C#4 C#3,5,M
75.79166666666667,C3 C2 C#4 C#3,5,M
75.875,C3 C2 C#4 C#3,5,M
76.0,C3 C2 C4,5,M
76.25,C2 C4 C3,5,M
76.5,C2 E4 G4 C3,5,M
77.0,F4 A4,5,M
77.5,F4 A4,5,M
78.0,F4 A4,5,M
78.5,F4 A4,5,M
79.0,G4 B-4,5,M
79.5,F4 A4,5,M
80.0,C4 C3,5,M
80.5,C4 C3 E4 G4,5,M
81.0,C4 C3 F4 A4,5,M
81.375,C4 C3,5,M
81.5,C4 C3 F4 A4,5,M
81.875,C4 C3,5,M
82.0,C4 C3 F4 A4,5,M
82.375,C4 C3,5,M
82.5,C4 C3 F4 A4,5,M
82.875,C4 C3,5,M
83.0,C4 C3 G4 B-4,5,M
83.5,C4 C3 F4 A4,5,M
83.75,D4 D3 F4 A4,5,M
84.0,D4 D3,5,M
84.5,D4 D3 E4 G4,5,M
85.0,D4 D3 F4 A4,5,M
85.375,D4 D3,5,M
85.5,D4 D3 F4 A4,5,M
85.875,D4 D3,5,M
86.0,C4 C3 F4 A4,5,M
86.375,C4 C3,5,M
86.5,C4 C3 F4 A4,5,M
86.875,C4 C3,5,M
87.0,A4 A3 E4 D5,5,M
87.5,A4 A3 F4 C5,5,M
87.875,A4 A3,5,M
88.0,A4 A3,5,M
88.5,A4 A3 C4 F4,5,M
89.0,A4 A3 F4 C5,5,M
89.375,A4 A3,5,M
89.5,A4 A3 F4 C5,5,M
89.875,A4 A3,5,M
90.0,A4 A3 F4 C5,5,M
90.375,A4 A3,5,M
90.5,A4 A3 F4 C5,5,M
91.0,B-4 D5,5,M
91.5,A4 C5,5,M
92.0,G4 G3,5,M
92.5,G4 G3 B-3 D4,5,M
93.0,G4 G3 D4 B-4,5,M
93.375,G4 G3,5,M
93.5,G4 G3 D4 B-4,5,M
93.875,G4 G3,5,M
94.0,G4 G3 D4 B-4,5,M
94.375,G4 G3,5,M
94.5,G4 G3 D4 B-4,5,M
94.875,G4 G3,5,M
95.0,G4 G3 C#4 A4,5,M
95.5,G4 G3 E4 B-4,5,M
95.75,G3 F4 F3 E4 B-4,5,M
95.875,E4 B-4,5,M
96.0,F4 F3,5,M
96.5,F4 F3 A3,5,M
97.0,F4 F3 C4 A4,5,M
97.375,F4 F3,5,M
97.5,F4 F3 C4 A4,5,M
97.875,F4 F3,5,M
98.0,E4 E3 C4 G4,5,M
98.375,E4 E3,5,M
98.5,E3 E4 C4 G4,5,M
98.75,E3 E4 C4 G4,5,M
98.875,E3 E4,5,M
99.0,F4 F3 D4 B-4,5,M
99.5,F4 F3 C4 A4,5,M
99.625,F4 F3 F1 C4 A4 F2,5,M
99.75,F3 F4 G1 C4 A4 G3 G2,5,M
99.875,F3 F4 A1 C4 A4 A3 A2,5,M
100.0,E4 E3 B-1 B-3 B-2,5,M
100.5,E4 E3 B-1 B-3 F#4 B-2,5,M
101.0,E4 E3 B-1 C#4 G4 B-3 B-2,5,M
101.375,E4 E3 B-1 B-3 B-2,5,M
101.5,E4 E3 B-1 C#4 G4 B-3 B-2,5,M
101.875,E4 E3 B-1 B-3 B-2,5,M
102.0,D4 D3 B-1 G4 B-3 B-2,5,M
102.375,D4 D3 B-1 B-3 B-2,5,M
102.5,D4 D3 B-1 G4 B-3 B-2,5,M
102.875,D4 D3 B-1 B-3 B-2,5,M
103.0,B-1 G4 B-4 B-3 B-2,5,M
103.5,B-1 D4 G4 B-3 B-2,10,M
103.875,B-1 B-3 B-2,10,M
104.0,D4 D3 B-1 B-3 B-2,10,M
104.5,D4 D3 B-1 B-3 E4 B-2,10,M
105.0,D4 D3 B-3 F4,10,M
105.375,D4 D3,10,M
105.5,D4 D3 B-3 F4,10,M
105.875,D4 D3,10,M
106.0,D4 D3 B-3 F4,10,M
106.375,D4 D3,10,M
106.5,D4 D3 B-3 F4,10,M
106.875,D4 D3,10,M
107.0,E-4 E-3 A3 F#4,10,M
107.5,E-4 E-3 C4 F4,10,M
107.625,E-4 E-3 F1 C4 F4 F3 F2,10,M
107.75,E-4 E-3 G1 C4 F4 G3 G2,10,M
107.875,E-4 E-3 A1 A3 A2,10,M
108.0,D4 D3 B-1 B-3 B-2,10,M
108.5,D4 D3 B-1 B-3 E4 B-2,10,M
109.0,D4 D3 B-1 F4 B-3 B-2,10,M
109.375,D4 D3 B-1 B-3 B-2,10,M
109.5,D4 D3 B-1 F4 B-3 B-2,10,M
109.875,D3 D4 B-1 B-3 B-2,10,M
110.0,D3 E-4 E-3 A1 C4 F4 A3 A2,10,M
110.375,D3 E-4 E-3 A1 A3 A2,10,M
110.5,D3 E-4 E-3 C4 F4,10,M
110.875,D3 E-4 E-3,10,M
111.0,D3 E-4 E-3 A3 F#4,10,M
111.5,D3 E-4 E-3 B-3 F4,10,M
111.75,D4 D3 B-3 F4,10,M
112.0,E-4 E-3,10,M
112.5,E-4 E-3 B-3 F#4,10,M
113.0,E-4 E-3 A3 F4,10,M
113.375,E-4 E-3,10,M
113.5,E-4 E-3 C4 F4,10,M
113.625,E-4 E-3 F1 C4 F4 F3 F2,10,M
113.75,E-4 E-3 G1 C4 F4 G3 G2,10,M
113.875,E-4 E-3 A1 A3 A2,10,M
114.0,D4 D3 B-1 B-3 F4 B-2,10,M
114.375,D4 D3 B-1 B-3 B-2,10,M
114.5,D4 D3 B-1 F4 B-3 B-2,10,M
114.875,D4 D3 B-1 B-3 B-2,10,M
115.0,B-1 F4 B-4 B-3 B-2,10,M
115.5,B-1 D4 F4 B-3 B-2,7,m
115.875,B-1 B-3 B-2,7,m
116.0,D4 D3,7,m
116.5,D4 D3 A3 F#4,7,m
117.0,D4 D3 B-3 G4,7,m
117.375,D4 D3,7,m
117.5,D4 D3 B-3 G4,7,m
117.875,D4 D3,7,m
118.0,D4 D3 B-3 G4,7,m
118.375,D4 D3,7,m
118.5,D4 D3 B-3 G4,7,m
118.875,D4 D3,7,m
119.0,B-4 B-3 D4 F#4,7,m
119.5,B-4 B-3 G4,7,m
119.625,B-4 B-3 G4 D3 D2,7,m
119.75,B-4 B-3 G4 E3 E2,7,m
119.875,B-4 B-3 F#3 F#2,7,m
120.0,B-4 B-3 G3 G2,7,m
120.5,B-4 B-3 C#4 F#4 G3 G2,7,m
121.0,B-4 B-3 D4 G4 G3 G2,7,m
121.375,B-4 B-3 G3 G2,7,m
121.5,B-4 B-3 D4 G4 G3 G2,7,m
121.875,B-4 B-3 G3 G2,7,m
122.0,A4 A3 D4 G4,7,m
122.5,A4 A3 C4 F4,7,m
122.875,A4 A3,7,m
123.0,A4 A3 C4 F4,7,m
123.375,A4 A3,7,m
123.5,A4 A3 F4 C5,7,m
123.75,G4 G3 F4 C5,7,m
124.0,G4 G3 C2 G5 C6 E3 C3,7,m
124.33333333333333,G4 G3 C2 G#5 B5 F3 D3,0,M
124.66666666666667,G5 B-5 G3 E3 G4 C2,0,M
125.0,G4 G3 C2 F#5 A5 A3 F#2,0,M
125.33333333333333,G4 G3 G#1 F5 G#5 B3 G#2,0,M
125.66666666666667,B-1 E5 G5 C#4 B-2 G4 G3,0,M
126.0,C2 E-5 F#5 E-3 C3,0,M
126.33333333333333,D2 D5 F5 F3 D3,0,M
126.66666666666667,E2 C5 E5 G3 E3,0,M
127.0,F#2 C5 E-5 A3 F#3,0,M
127.33333333333333,F2 B4 D5 G#3 F3,0,M
127.66666666666667,F#2 C5 E-5 A3 F#3,0,M
128.0,E4 E3 G2 B4 E5 G3,0,M
128.375,E4 E3 G2 G3,0,M
128.5,E4 E3 G2 F#4 B-4 G3,0,M
129.0,E4 E3 G4 B4,0,M
129.375,E4 E3,0,M
129.5,E4 E3 G4 B4,0,M
129.875,E4 E3,0,M
130.0,E4 E3 G4 B4,0,M
130.375,E4 E3,0,M
130.5,E4 E3 G4 B4,0,M
130.875,E4 E3,0,M
131.0,E4 E3 A4 C5,0,M
131.5,E4 E3 G4 B4,?,?
131.75,F4 F3 G4 B4,?,?
132.0,F4 F3,?,?
132.5,F4 F3 B4 D5,?,?
133.0,F4 F3 G4 B4,?,?
133.375,F4 F3,11,m
133.5,F4 F3 G4 B4,11,m
133.875,F4 F3,11,m
134.0,E4 E3 G4 B4,11,m
134.375,E4 E3,11,m
134.5,E4 E3 G4 B4,11,m
134.875,E4 E3,11,m
135.0,B4 B3 E5 G4,11,m
135.375,B4 B3 E5,11,m
135.5,B4 B3 G4,11,m
135.75,B4 G4,11,m
136.0,B4 B3 D2 D3,11,m
136.5,B4 B3 D2 D5 G#3 D3,2,m
137.0,B4 B3 D2 G#4 D4 D3,2,m
137.375,B4 B3 D2 D3,2,m
137.5,B4 B3 D2 G#4 D4 D3,2,m
137.875,B4 B3 D2 D3,2,m
138.0,B4 B3 D2 G#4 D4 D3,2,m
138.375,B4 B3 D2 D3,2,m
138.5,B4 B3 D2 D5 D3,2,m
138.875,B4 B3 D2 D3,2,m
139.0,D2 D5 F5 G#3 D3,2,m
139.5,B1 B4 D5 F#3 B2,2,m
139.75,G#1 B4 D5 F#3 G#2,2,m
139.875,G#1 G#2,2,m
140.0,B-4 B-3 G1 G2,2,m
140.5,B-4 B-3 G1 C#5 E5 G3 G2,2,m
141.0,B-4 B-3 G4 C#5 E4,2,m
141.375,B-4 B-3,2,m
141.5,B-4 B-3 G4 C#5 E4,2,m
141.875,B-4 B-3,2,m
142.0,B-4 B-3 G4 C#5 E4,2,m
142.375,B-4 B-3,2,m
142.5,B-4 B-3 C#5 E5 E4,2,m
142.875,B-4 B-3,2,m
143.0,B-4 B-3 E5 G5 C#4,2,m
143.5,B-4 B-3 C#5 E5 G4,2,m
143.75,A4 A3 C#5 E5 G4,2,m
144.0,A4 A3,2,m
144.5,A4 A3 D5 F4,2,m
145.0,A4 A3 F4 D4,2,m
145.5,A4 A3 D5 F4,2,m
146.0,G#4 G#3,2,m
146.5,G#4 G#3 B4 D5 F4,2,m
147.0,A4 A3 F4 D4,2,m
147.5,A4 A3 B4 D5 F4,2,m
148.0,A4 A3,2,m
148.5,A4 A3 C5 E4,2,m
149.0,A4 A3 E4 C4,2,m
149.5,A4 A3 C5 E4,2,m
150.0,G#4 G#3 D2 D3,2,m
150.5,G#4 G#3 D2 E4 B4 D4 D3,9,m
151.0,D2 B3 G#4 E4 D3,9,m
151.5,B1 E4 B4 D4 B2,9,m
151.75,G#1 E4 B4 D4 G#2,9,m
152.0,G4 G3 C#2 C#3,9,m
152.5,G4 G3 C#2 E4 B-4 C#4 C#3,7,m
153.0,G4 G3 B-3 C#4,7,m
153.5,G4 G3 E4 B-4 C#4,7,m
154.0,G4 G3,7,m
154.5,G4 G3 E4 B-4 C#4,7,m
155.0,G4 G3 B-3 C#4,7,m
155.5,G4 G3 E4 B-4 C#4,7,m
155.75,F#3 F#4 E4 B-4 C#4,7,m
155.875,F#3 F#4 E4 B-4 C#4,7,m
156.0,F#3 F#4 D2 D3,7,m
156.125,F#4 F#3 D2 D3,7,m
156.5,F#4 F#3 D2 D4 A4 C4 D3,7,m
157.0,F#4 F#3 D2 C4 A3 D3,7,m
157.5,F#4 F#3 A1 D4 A4 C4 A2,7,m
157.75,F#4 F#3 F#1 D4 A4 C4 F#2,7,m
158.0,G4 G3 D2,7,m
158.5,G4 G3 B-4 B-3 D2,2,m
159.0,A4 A3 F4 D4 D2,2,m
159.5,A4 A3 F4 D4 D2,2,m
160.0,B-4 B-3 D2,2,m
160.5,B-4 B-3 G4 E3 D2,2,m
161.0,B-4 B-3 D4 G4 E3 D2,2,m
161.5,B-4 B-3 D4 E4 D2,2,m
162.0,G4 G3 D2,2,m
162.5,G4 G3 B-4 E3 D2,2,m
163.0,E4 E3 D4 G4 D2,2,m
163.5,E4 E3 D4 B-3 D2,2,m
164.0,A4 A3 D2,2,m
164.5,A4 A3 F4 F3 D2,2,m
165.0,A4 A3 D4 F4 F3 D2,2,m
165.375,A4 A3 D4 F4 F3 D2,2,m
165.5,A4 A3 D5 F4 D2,2,m
165.875,A4 A3 D2,2,m
166.0,A4 A3 D5 F4 D2,2,m
166.375,A4 A3 D2,2,m
166.5,A4 A3 D5 F4 D2,2,m
166.875,A4 A3 D2,2,m
167.0,F4 F3 A4 D5 D2,2,m
167.375,F4 F3 D2,2,m
167.5,F4 F3 A4 D5 D2,2,m
167.875,F4 F3 D2,2,m
168.0,E4 E3 C#2,2,m
168.5,E4 E3 G4 B-4 C#4,2,m
169.0,G4 G3 E4 C#4,2,m
169.5,G4 G3 E5 B-3,2,m
169.875,G4 G3 E5,2,m
170.0,G4 G3 D4 D5 A3 D2,2,m
170.375,G4 G3 D2,2,m
170.5,G4 G3 D4 D5 A3,2,m
170.875,G4 G3,2,m
171.0,F4 F3 A4 D4,2,m
171.375,F4 F3,2,m
172.0,E4 E3 A1 A5 C#6 A2,2,m
172.33333333333334,A1 A5 C6 E3 A2 E4,2,m
172.66666666666666,E4 E3 B1 G#5 B5 F3 B2,2,m
173.0,E4 E3 C#2 G5 B-5 G3 C#3,2,m
173.33333333333334,E-2 F#5 A5 A3 E-3 E4 E3,5,M
173.66666666666666,E4 E3 F2 F5 G#5 B3 F3,5,M
174.0,G2 E5 G5 C#4 G3,5,M
174.33333333333334,A2 E-5 F#5 E-4 A3,5,M
174.66666666666666,B2 D5 F5 F4 B3,5,M
175.0,B-2 C#5 E5 G4 B-3,5,M
175.33333333333334,A2 C5 E-5 F#4 A3,5,M
175.66666666666666,G2 B-4 E5 C4 G3,5,M
176.0,C4 C3 F2 A4 F5 F3,5,M
176.5,C4 C3 E4 G4,5,M
177.0,C4 C3 C2 F4 A4,5,M
177.375,C4 C3 C2,5,M
177.5,C4 C3 F4 A4,5,M
177.875,C4 C3,5,M
178.0,C4 C3 A1 F4 A4 A3 A2,5,M
178.375,C4 C3 A1 A3 A2,5,M
178.5,C4 C3 F4 A4,5,M
178.875,C4 C3,5,M
179.0,C4 C3 F1 G4 B-4 F3 F2,5,M
179.5,C4 C3 F4 A4,5,M
179.75,D4 D3 F4 A4,5,M
180.0,D4 D3 F2 F3,5,M
180.5,D4 D3 E4 G4,5,M
181.0,D4 D3 F1 F4 A4 F3 F2,5,M
181.375,D4 D3 F1 F3 F2,5,M
181.5,D4 D3 F4 A4,5,M
181.875,D4 D3,5,M
182.0,C4 C3 A1 F4 A4 A3 A2,5,M
182.375,C4 C3 A1 A3 A2,5,M
182.5,C4 C3 F4 A4,5,M
182.875,C4 C3,5,M
183.0,A4 A3 C2 G4 B-4 C4 C3,5,M
183.5,A4 A3 F4,5,M
183.875,A4 A3,5,M
184.0,A4 A3 F2 F3,5,M
184.5,A4 A3 C4 F4,5,M
185.0,A4 A3 A2 F4 C5,5,M
185.375,A4 A3 A2,5,M
185.5,A4 A3 F4 C5,5,M
185.875,A4 A3,5,M
186.0,A4 A3 C3 F4 C5 C4,5,M
186.375,A4 A3 C3 C4,5,M
186.5,A4 A3 F4 C5,5,M
187.0,F2 E4 D5 F3,5,M
187.5,F4 C5,5,M
188.0,G4 G3 B-2 B-3,5,M
188.5,G4 G3 B-3 D4,5,M
189.0,G4 G3 B-1 F4 C5 B-3 B-2,5,M
189.375,G4 G3 B-1 B-3 B-2,5,M
189.5,G4 G3 F4 C5,5,M
189.875,G4 G3,5,M
190.0,G4 G3 D2 F4 C5 D3,5,M
190.375,G4 G3 D2 D3,5,M
190.5,G4 G3 F4 C5,5,M
190.875,G4 G3,5,M
191.0,G4 G3 E2 C#4 A4 E3,5,M
191.5,G4 G3 E4 B-4,5,M
191.75,G3 F4 F3 E4 B-4,5,M
191.875,E4 B-4,5,M
192.0,F4 F3 C2 C3,5,M
192.5,F4 F3 A3,5,M
193.0,F4 F3 F2 C4 A4,5,M
193.375,F4 F3 F2,5,M
193.5,F4 F3 C4 A4,5,M
193.875,F4 F3,5,M
194.0,E4 E3 C2 C4 G4 C3,5,M
194.375,E4 E3 C2 C3,5,M
194.5,E4 E3 C4 G4,5,M
194.875,E4 E3,5,M
195.0,F4 F3 F2 D4 B-4,5,M
195.5,F4 F3 C4 A4,5,M
196.0,E4 E3 B-1 G3 B-2,5,M
196.5,E4 E3 B-3 F#4,5,M
197.0,E4 E3 G2 C#4 G4 G3,5,M
197.375,E4 E3 G2 G3,5,M
197.5,E4 E3 C#4 G4,5,M
197.875,E4 E3,5,M
198.0,D4 D3 B-2 G4 B-3,5,M
198.375,D4 D3 B-2 B-3,5,M
198.5,D4 D3 G4,5,M
198.875,D4 D3,5,M
199.0,G2 G4 B-4 D4 G3,5,M
199.5,D4 G4,7,m
200.0,D4 D3 G1 G3 G2,7,m
200.25,D4 D3 G1 B-3 G3 G2,7,m
200.5,D4 D3 C4 E-4,7,m
200.75,D4 D3 B-3,7,m
201.0,D4 D3 G2 G3,7,m
201.25,D4 D3 G2 B-3 G3,5,M
201.5,D4 D3 C4 E-4,5,M
201.75,D4 D3 B-3,5,M
202.0,D4 D3 D2,5,M
202.25,D4 D3 D2 B-3,5,M
202.5,D4 D3 C4 E-4,5,M
202.75,D4 D3 B-3,5,M
203.0,E4 E3 G2 G3,5,M
203.25,E4 E3 G2 B-3 C4 G3,5,M
203.5,E4 E3 C4 F4,5,M
203.75,E4 E3 B-3,5,M
204.0,F4 F2 F3,5,M
204.25,F4 F3 F2 A3,5,M
204.5,F4 F3 C4 G4,5,M
204.75,F4 F3 A3,5,M
205.0,F4 F3 A2 A3,5,M
205.25,F4 F3 A2 A3,5,M
205.5,F4 F3 C4 G4,5,M
205.75,F4 F3 A3,5,M
206.0,G4 G2 C4 G3,5,M
206.25,G4 G3 G2 E4 C4,5,M
206.5,G4 G3 F4 A4,5,M
206.75,G4 G3 E4,5,M
207.0,A4 A3 F2 C4 F3,5,M
207.25,A4 A3 F2 F4 C4 F3,5,M
207.5,A4 A3 G4 B-4,5,M
207.75,A4 A3 F4,5,M
208.0,B-4 B-3 D2 F3 D3,5,M
208.25,B-4 B-3 D2 G4 F3 D3,5,M
208.5,B-4 B-3 F#4 A4,5,M
208.75,B-4 B-3 G4,5,M
209.0,B4 B3 C#2 F3 C#3,5,M
209.25,B4 B3 C#2 F4 F3 C#3,5,M
209.5,B4 B3 E4 B-4,5,M
209.75,B4 B3 F4,5,M
210.0,C5 C4 C2 F3 C3,5,M
210.25,C5 C4 C2 A4 F3 C3,5,M
210.5,C5 C4 G#4 B4,5,M
210.75,C5 C4 A4,5,M
211.0,C5 C4 A1 F3 A2,5,M
211.25,C5 C4 A1 F4 F3 A2,5,M
211.5,C5 C4 F5,5,M
211.75,C5 C4 F4,5,M
212.0,D5 D4 B-1 B-3 B-2,5,M
212.25,D5 D4 B-1 G4 B-3 B-2,5,M
212.5,D5 D4 E-5 F#4,5,M
212.75,D5 D4 G4,5,M
213.0,D5 D4 A1 A3 A2,5,M
213.25,D5 D4 A1 F#4 A3 A2,5,M
213.5,D5 D4 E-5 G4,5,M
213.75,D5 D4 F#4,5,M
214.0,D5 D4 B-1 B-3 B-2,5,M
214.25,D5 D4 B-1 G4 B-3 B-2,5,M
214.5,D5 D4 G5,5,M
214.75,D5 D4 G4,5,M
215.0,F4 F3 G1 G3 G2,5,M
215.25,F4 F3 G1 D5 B-4 G3 G2,5,M
215.5,F4 F3 G5 D5,5,M
215.75,F4 F3 D5 B-4,5,M
216.0,E4 E3 C2 C4 C3,5,M
216.25,E4 E3 C2 C4 G4 C3,5,M
216.5,E4 E3 G4 B-4,5,M
216.75,E4 E3 C4 G4,5,M
217.0,A4 A3,5,M
218.0,A4 A3 C3 C2 E4 B-4 C4,5,M
218.5,A4 A3 C2 E4 B-4 C4 C3,5,M
219.0,G4 G3 C2 E4 B-4 C3 C4,5,M
220.0,G4 G3 F3 F1 C4 A4 C3 F2,5,M
220.125,G4 G3 F3 F1 A4 C3 C4 F2,5,M
220.25,G4 G3 F3 F1 A4 C3 C4 F2,5,M
220.33333333333334,F3 G4 G3 F1 A4 C3 C4 F2,5,M
220.375,G4 G3 F3 F1 A4 C3 C4 F2,5,M
220.45833333333334,G4 G3 F3 F1 A4 C3 C4 F2,5,M
220.5,G4 G3 F3 F1 A4 C3 C4 F2,5,M
220.625,G4 G3 F3 F1 A4 C3 C4 F2,5,M
220.66666666666666,G4 G3 F3 F1 A4 C3 C4 F2,5,M
220.75,G4 G3 F3 F1 A4 C3 C4 F2,5,M
220.79166666666666,G4 G3 F3 F1 A4 C3 C4 F2,5,M
220.875,G4 G3 F3 F1 A4 C3 C4 F2,5,M
221.0,F4 F3 F1 F2,5,M
221.125,F4 F3 F1 F2,5,M
221.25,F4 F3 F1 F2,5,M
221.33333333333334,F3 F4 F1 F2,5,M
221.375,F4 F3 F1 F2,5,M
221.45833333333334,F4 F3 F1 F2,5,M
221.5,F4 F3,5,M
221.625,F4 F3,5,M
221.66666666666666,F4 F3,5,M
221.75,E4 E3 F3,5,M
221.79166666666666,E4 E3 F3,5,M
221.875,E4 E3 F3,5,M
222.0,F4 F3 C4 A4 A3,5,M
222.125,F4 F3 C4 A4 A3,5,M
222.25,F4 F3 C4 A4 A3,5,M
222.33333333333334,F3 F4 C4 A4 A3,5,M
222.375,F4 F3 C4 A4 A3,5,M
222.45833333333334,F4 F3 C4 A4 A3,5,M
222.5,F4 F3 C4 A4 A3,5,M
222.625,F4 F3 C4 A4 A3,5,M
222.66666666666666,F4 F3 C4 A4 A3,5,M
222.75,F4 F3 C4 A4 A3,5,M
222.79166666666666,F4 F3 C4 A4 A3,5,M
222.875,F4 F3 C4 A4 A3,5,M
223.0,F3 C4 A4 A3,5,M
223.125,F3 C4 A4 A3,5,M
223.25,F3 C4 A4 A3,5,M
223.33333333333334,F3 C4 A4 A3,5,M
223.375,F3 C4 A4 A3,5,M
223.45833333333334,F3 C4 A4 A3,5,M
223.5,F3 C4 A4 A3,5,M
223.625,F3 C4 A4 A3,5,M
223.66666666666666,F3 C4 A4 A3,5,M
223.75,F3 C4 A4 A3,5,M
223.79166666666666,F3 C4 A4 A3,5,M
223.875,F3 C4 A4 A3,5,M
224.0,E-5 E-4 F3 F1 A4 C4 A3 F2,5,M
224.33333333333334,E-5 E-4 F1 A4 C4 A3 F2,5,M
224.5,E-5 E-4 G1 B-4 C4 B-3 G2,5,M
225.0,E-5 E-4 A1 C5 C4 A2,5,M
225.5,E-5 E-4 B-1 B-4 C4 D4 B-2,5,M
226.0,E-5 E-4 C2 A4 C4 E4 C3,5,M
226.5,E-5 E-4 D2 C4 F4 D3,5,M
227.0,F#3 E-4 E-3 E-2 C4 F#4,5,M
227.5,F#3 E-4 E-3 C2 F#4 C3,?,?
228.0,F3 C#3 F1 G#4 C#4 F4 F2,?,?
228.125,F3 C#3 F1 G#4 C#4 F4 F2,?,?
228.25,F3 C#3 F1 G#4 C#4 F4 F2,?,?
228.33333333333334,F3 C#3 F1 G#4 C#4 F4 F2,?,?
228.375,F3 C#3 F1 G#4 C#4 F4 F2,?,?
228.45833333333334,F3 C#3 F1 G#4 C#4 F4 F2,?,?
228.5,F3 C#3 F1 G#4 C#4 F4 F2,?,?
228.625,F3 C#3 F1 G#4 C#4 F4 F2,?,?
228.66666666666666,F3 C#3 F1 G#4 C#4 F4 F2,?,?
228.75,F3 C#3 F1 G#4 C#4 F4 F2,?,?
228.79166666666666,F3 C#3 F1 G#4 C#4 F4 F2,?,?
228.875,F3 C#4 C#3 F1 G#4 F4 F2,?,?
229.0,F3 C#4 C#3 F1 G#4 F4 F2,?,?
229.125,F3 C#4 C#3 F1 G#4 F4 F2,?,?
229.25,F3 C#4 C#3 F1 G#4 F4 F2,?,?
229.33333333333334,F3 C#4 C#3 F1 G#4 F4 F2,?,?
229.375,F3 C#4 C#3 F1 G#4 F4 F2,?,?
229.45833333333334,F3 C#4 C#3 F1 G#4 F4 F2,?,?
229.5,F3 C#4 C#3 F1 G#4 F4 F2,?,?
229.625,F3 C#4 C#3 F1 G#4 F4 F2,?,?
229.66666666666666,F3 C#4 C#3 F1 G#4 F4 F2,?,?
229.75,F3 C#4 C#3 F1 G#4 F4 F2,?,?
229.79166666666666,F3 C#4 C#3 F1 G#4 F4 F2,?,?
229.875,F3 C#4 C#3 F1 G#4 F4 F2,?,?
230.0,B-3 D3 B2 F3 F1 G#4 B3 D4 F2,?,?
230.125,B-3 D3 B2 F3 F1 G#4 B3 D4 F2,0,m
230.25,B-3 D3 B2 F3 F1 G#4 B3 D4 F2,0,m
230.33333333333334,F3 B-3 D3 B2 F1 G#4 B3 D4 F2,0,m
230.375,B-3 D3 B2 F3 F1 G#4 B3 D4 F2,0,m
230.45833333333334,B-3 D3 B2 F3 F1 G#4 B3 D4 F2,0,m
230.5,B-3 D3 B2 F3 F1 G#4 B3 D4 F2,0,m
230.625,B-3 D3 B2 F3 F1 G#4 B3 D4 F2,0,m
230.66666666666666,B-3 D3 B2 F3 F1 G#4 B3 D4 F2,0,m
230.75,B-3 D3 B2 F3 F1 G#4 B3 D4 F2,0,m
230.79166666666666,B-3 D3 B2 F3 F1 G#4 B3 D4 F2,0,m
230.875,D4 B-3 D3 B3 B2 F3 F1 G#4 F2,0,m
231.0,F3 F1 G#4 B3 D4 F2,0,m
231.125,F3 F1 G#4 B3 D4 F2,0,m
231.25,F3 F1 G#4 B3 D4 F2,0,m
231.33333333333334,F3 F1 G#4 B3 D4 F2,0,m
231.375,F3 F1 G#4 B3 D4 F2,0,m
231.45833333333334,F3 F1 G#4 B3 D4 F2,0,m
231.5,F3 F1 G#4 B3 D4 F2,0,m
231.625,F3 F1 G#4 B3 D4 F2,0,m
231.66666666666666,F3 F1 G#4 B3 D4 F2,0,m
231.75,F3 F1 G#4 B3 D4 F2,0,m
231.79166666666666,F3 F1 G#4 B3 D4 F2,0,m
231.875,F3 F1 G#4 B3 D4 F2,0,m
232.0,E-5 E-4 F3 F#1 A4 C4 A3 F#2,0,m
232.33333333333334,E-5 E-4 F#1 A4 C4 A3 F#2,0,m
232.5,E-5 E-4 G1 B-4 C4 B-3 G2,0,m
233.0,E-5 E-4 A1 C5 C4 A2,0,m
233.5,E-5 E-4 B-1 B-4 C4 D4 B-2,0,m
234.0,E-5 E-4 C2 A4 C4 C3,0,m
234.5,E-5 E-4 D2 C4 F#4 D3,0,m
235.0,G4 G3 E-4 E-3 E-2 C4,0,m
235.5,G4 G3 E-4 E-3 C2 C3,0,m
236.0,F3 C#3 G#1 F4 C#4 G#2,0,m
236.125,F3 C#3 G#1 F4 C#4 G#2,0,m
236.25,F3 C#3 G#1 F4 C#4 G#2,0,m
236.33333333333334,F3 C#3 G#1 F4 C#4 G#2,0,m
236.375,F3 C#3 G#1 F4 C#4 G#2,0,m
236.45833333333334,F3 C#3 G#1 F4 C#4 G#2,0,m
236.5,F3 C#3 G#1 F4 C#4 G#2,0,m
236.625,F3 C#3 G#1 F4 C#4 G#2,0,m
236.66666666666666,F3 C#3 G#1 F4 C#4 G#2,0,m
236.75,F3 C#3 G#1 F4 C#4 G#2,0,m
236.79166666666666,F3 C#3 G#1 F4 C#4 G#2,0,m
236.875,F3 C#3 G#1 F4 C#4 G#2,0,m
237.0,F3 C#3 G#1 F4 C#4 G#2,0,m
237.125,F3 C#3 G#1 F4 C#4 G#2,0,m
237.25,F3 C#3 G#1 F4 C#4 G#2,0,m
237.33333333333334,F3 C#3 G#1 F4 C#4 G#2,0,m
237.375,F3 C#3 G#1 F4 C#4 G#2,0,m
237.45833333333334,F3 C#3 G#1 F4 C#4 G#2,0,m
237.5,F3 C#3 G#1 F4 C#4 G#2,0,m
237.625,F3 C#3 G#1 F4 C#4 G#2,0,m
237.66666666666666,F3 C#3 G#1 F4 C#4 G#2,0,m
237.75,F3 C#3 G#1 F4 C#4 G#2,0,m
237.79166666666666,F3 C#3 G#1 F4 C#4 G#2,0,m
237.875,F3 C#3 G#1 F4 C#4 G#2,0,m
238.0,D3 B2 F3 G#1 F4 B3 D4 G#2,0,m
238.125,D3 B2 F3 F4 B3 D4,0,m
238.25,D3 B2 F3 F4 B3 D4,0,m
238.33333333333334,F3 D3 B2 F4 B3 D4,0,m
238.375,D3 B2 F3 F4 B3 D4,0,m
238.45833333333334,D3 B2 F3 F4 B3 D4,0,m
238.5,D3 B2 F3 F4 B3 D4,0,m
238.625,D3 B2 F3 F4 B3 D4,0,m
238.66666666666666,D3 B2 F3 F4 B3 D4,0,m
238.75,D3 B2 F3 F4 B3 D4,0,m
238.79166666666666,D3 B2 F3 F4 B3 D4,0,m
238.875,D4 D3 B3 B2 F3 F4,0,m
239.0,F3 F4 B3 D4,0,m
239.125,F3 F4 B3 D4,?,?
239.25,F3 F4 B3 D4,?,?
239.33333333333334,F3 F4 B3 D4,?,?
239.375,F3 F4 B3 D4,?,?
239.45833333333334,F3 F4 B3 D4,?,?
239.5,F3 F4 B3 D4,?,?
239.625,F3 F4 B3 D4,?,?
239.66666666666666,F3 F4 B3 D4,?,?
239.75,F3 F4 B3 D4,?,?
239.79166666666666,F3 F4 B3 D4,?,?
239.875,F3 F4 B3 D4,?,?
240.0,C6 F6 F5 A5 C2 A4 C5 C3 F3 A1 F4 C4 A2,?,?
240.33333333333334,C6 F6 F5 A5 C2 F4 A4 C5 C3 C4 A1 A2,?,?
241.0,C6 F6 F5 A5 C2 F4 A4 C5 C3 C4,?,?
241.33333333333334,C2 C5 F5 A4 C3,?,?
242.0,C6 F6 F5 A5 C2 F4 A4 C5 C3 C4 F3,?,?
243.0,C6 F6 F5 A5 C2 F4 A4 C5 C3 C4,5,m
243.33333333333334,C2 C5 F5 A4 C3,5,m
244.0,F6 G#6 D5 G#5 B5 D4 C5 F4 G#4 C4 F3 C2 C3,5,m
244.25,F6 G#6 D5 G#5 B5 D4 C5 F4 G#4 C4 F3 C2 D6 B4 C3,5,m
244.5,F6 G#6 D5 G#5 B5 D4 C5 F4 G#4 C4 F3 C2 D6 B4 C3,5,m
244.75,F6 G#6 D5 G#5 B5 D4 C5 F4 G#4 C4 F3 C2 D6 C3,5,m
245.0,F6 G#6 D5 G#5 B5 D4 C5 F4 G#4 C4 F3 C2 D6 C3,5,m
245.25,F6 G#6 D5 G#5 B5 D4 C5 F4 G#4 C4 F3 C2 C3,5,m
245.5,F6 G#6 D5 G#5 B5 D4 C5 F4 G#4 C4 F3 C2 C3,5,m
245.75,F6 G#6 D5 G#5 B5 D4 C2 C5 F4 G#4 C3 C4 F3 F5 B4,5,m
246.0,F6 G#6 D5 G#5 B5 D4 C2 C5 F4 G#4 C3 C4 F3 F5 B4,5,m
246.25,F6 G#6 D5 G#5 B5 D4 C5 F4 G#4 C4 F3 C2 F5 C3,5,M
246.5,F6 G#6 D5 G#5 B5 D4 C5 F4 G#4 C4 F3 C2 F5 C3,5,M
246.75,F6 G#6 D5 G#5 B5 D4 C5 F4 G#4 C4 F3 C2 B4 C3,5,M
247.0,F6 G#6 D5 G#5 B5 D4 C5 F4 G#4 C4 F3 C2 B4 C3,5,M
247.25,F6 G#6 D5 G#5 B5 D4 C5 F4 G#4 C4 F3 C2 B4 C3,5,M
247.5,F6 G#6 D5 G#5 B5 D4 C5 F4 G#4 C4 F3 C2 B4 C3,5,M
247.75,F6 G#6 D5 G#5 B5 D4 C2 C5 F4 G#4 C3 C4 F3 F5,5,M
248.0,E6 G6 G5 C#5 B-5 C#4 C2 B-4 E4 G4 C5 C3 C4,5,M
248.25,E6 G6 G5 C#5 B-5 C#4 B-4 C5 E4 G4 C4 C2 C#6 C3,5,M
248.5,E6 G6 G5 C#5 B-5 C#4 B-4 C5 E4 G4 C4 C2 C#6 C3,5,M
248.75,E6 G6 G5 C#5 B-5 C#4 B-4 C5 E4 G4 C4 C2 C#6 C3,5,M
249.0,E6 G6 G5 C#5 B-5 C#4 B-4 C5 E4 G4 C4 C2 C#6 C3,5,M
249.25,E6 G6 G5 C#5 B-5 C#4 B-4 C5 E4 G4 C4 C2 C3,5,M
249.5,E6 G6 G5 C#5 B-5 C#4 B-4 C5 E4 G4 C4 C2 C3,5,M
249.75,E6 G6 G5 C#5 B-5 C#4 C2 B-4 C5 E4 G4 C3 C4 E5,5,M
250.0,E6 G6 C5 G5 C4 B-5 C2 B-4 E4 G4 C3 E5,5,M
250.25,E6 G6 G5 B-5 B-4 C5 E4 G4 C4 C2 E5 C3,5,M
250.5,E6 G6 G5 B-5 B-4 C5 E4 G4 C4 C2 E5 C3,5,M
250.75,E6 G6 G5 B-5 B-4 C5 E4 G4 C4 C2 C3,5,M
251.0,E6 G6 G5 B-5 B-4 C5 E4 G4 C4 C2 C3,5,M
251.25,E6 G6 G5 B-5 B-4 C5 E4 G4 C4 C2 C3,5,M
251.5,E6 G6 G5 B-5 B-4 C5 E4 G4 C4 C2 C3,5,M
251.75,E6 G6 G5 B-5 B-4 C5 E4 G4 C4 C2 C3,5,M
252.0,E6 G6 E5 G5 B-5 C4 E4 G4 A3 F3 F1 F2,5,M
252.25,E6 G6 E5 G5 B-5 C4 E4 G4 F3 A3 F1 B-4 F2,5,M
252.5,E6 G6 E5 G5 B-5 C4 E4 G4 F3 A3 C3 F1 B-4 F2,5,M
252.75,E6 G6 E5 G5 B-5 C4 E4 G4 F3 A3 C3 F1 B-4 D5 F2,5,M
253.0,E6 G6 E5 G5 B-5 C4 E4 G4 F3 A3 F1 B-4 D5 F2,5,M
253.25,E6 G6 E5 G5 B-5 C4 E4 G4 F3 A3 F1 A4 C5 F2,5,M
253.5,E6 G6 E5 G5 B-5 C4 E4 G4 F3 A3 C3 F1 A4 C5 F2,5,M
253.75,E6 G6 E5 G5 B-5 C4 E4 G4 F3 A3 F2 C3 F1 B-4,5,M
254.0,F6 A6 F5 A5 C4 F4 A4 F3 A3 F2 F1,5,M
254.25,F6 A6 F5 A5 C4 F4 A4 F3 A3 F1 E4 G#4 F2,5,M
254.5,F6 A6 F5 A5 C4 F4 A4 F3 A3 F1 F2,5,M
254.75,F6 A6 F5 A5 C4 F4 A4 F3 A3 F1 F2,5,M
256.0,D6 B-4 D5 F2 F3 B-3 F4 D4 B-1 B-2,5,M
256.5,D6 B-4 D5 F2 F3 B-3 F4 D4 B-1 B-2,5,M
257.0,D6 B-4 D5 F2 F3 B-3 F4 D4 B-1 B-2,5,M
257.3333333333333,D6 B-4 D5 F2 F3 B-3 F4 D4 B-1 E4 C#5 A4 B-2,5,M
257.6666666666667,F4 D5 B-4 D6 F2 F3 B-3 D4 B-1 B-2,5,M
258.0,D6 B-4 D5 F2 F3 B-3 F4 D4 B-1 B-2,5,M
258.5,D6 B-4 D5 F2 F3 B-3 F4 D4 B-1 B-2,5,M
259.0,D6 B-4 D5 F2 F3 B-3 F4 D4 B-1 B-2,5,M
259.3333333333333,D6 B-4 D5 F2 F3 B-3 F4 D4 B-1 E4 C#5 A4 B-2,10,M
259.6666666666667,F4 D5 B-4 D6 F2 F3 B-3 D4 B-1 B-2,10,M
260.0,A5 A4 F3 F4 A3 C3 F1 F2,10,M
260.5,A5 A4 F3 F4 A3 F2 C3 F1,10,M
261.0,A5 A4 F3 F4 A3 F2 C3 A1 C4 A2,10,M
261.3333333333333,A5 A4 F3 F4 A3 F2 C3 A1 B3 G#4 E4 A2,10,M
261.6666666666667,C4 A4 F4 A5 F3 A3 F2 C3 A1 A2,10,M
262.0,A5 A4 F3 F4 A3 F2 C3 C2 C4,10,M
262.3333333333333,A5 A4 F3 F4 A3 F2 C2 B3 G#4 E4 C3,10,M
262.6666666666667,C4 A4 F4 A5 F3 A3 F2 C2 C3,10,M
263.0,F2 C4 A4 F4 F3,10,M
263.3333333333333,F2 B3 G#4 E4 F3,10,M
263.6666666666667,C4 A4 F4 F2 F3,10,M
264.0,F5 D4 F3 B-3 F4 F2 B-1 B-2,10,M
265.0,F5 D4 F3 B-3 F4 F2 B-1 B-2,10,M
266.0,F5 F4 F2 B-1 B-3 D4 F3 B-2,10,M
267.0,F5 F4 F2 B-1 B-3 D4 F3 B-2,10,M
268.0,F5 F4 F1 A3 C4 F3 F2,10,M
268.125,F5 F4 F1 A3 C4 F3 F2,10,M
268.25,F5 F4 F1 A3 C4 F3 F2,10,M
268.3333333333333,F5 F4 F1 A3 C4 F3 F2,10,M
268.375,F5 F4 F1 A3 C4 F3 F2,10,M
268.4583333333333,F5 F4 F1 A3 C4 F3 F2,10,M
268.5,F5 F4 F1 A3 C4 F3 F2,10,M
268.625,F5 F4 F1 A3 C4 F3 F2,10,M
268.6666666666667,F3 F5 F4 F1 A3 C4 F2,10,M
268.75,F5 F4 F1 A3 C4 F3 F2,10,M
268.7916666666667,F5 F4 F1 A3 C4 F3 F2,10,M
268.875,F5 F4 F1 A3 C4 F3 F2,10,M
269.0,F5 F4 F1 A3 C4 F3 F2,10,M
269.125,F5 F4 F1 A3 C4 F3 F2,10,M
269.25,F5 F4 F1 A3 C4 F3 F2,10,M
269.3333333333333,F5 F4 F1 A3 C4 F3 F2,10,M
269.375,F5 F4 F1 A3 C4 F3 F2,10,M
269.4583333333333,F5 F4 F1 A3 C4 F3 F2,10,M
269.5,F5 F4 F1 A3 C4 F3 F2,10,M
269.625,F5 F4 F1 A3 C4 F3 F2,10,M
269.6666666666667,F3 F5 F4 F1 A3 C4 F2,10,M
269.75,F5 F4 F1 A3 C4 F3 F2,10,M
269.7916666666667,F5 F4 F1 A3 C4 F3 F2,10,M
269.875,F5 F4 F1 A3 C4 F3 F2,10,M
270.0,F5 F4 F1 A3 C4 F3 F2,10,M
270.125,F5 F4 F1 A3 C4 F3 F2,10,M
270.25,F5 F4 F1 A3 C4 F3 F2,10,M
270.3333333333333,F5 F4 F1 A3 C4 F3 F2,10,M
270.375,F5 F4 F1 A3 C4 F3 F2,10,M
270.4583333333333,F5 F4 F1 A3 C4 F3 F2,10,M
270.5,F5 F4 F1 A3 C4 F3 F2,10,M
270.625,F5 F4 F1 A3 C4 F3 F2,10,M
270.6666666666667,F3 F5 F4 F1 A3 C4 F2,10,M
270.75,F5 F4 F1 A3 C4 F3 F2,10,M
270.7916666666667,F5 F4 F1 A3 C4 F3 F2,10,M
270.875,F5 F4 F1 A3 C4 F3 F2,10,M
271.0,F5 F4 F1 A3 C4 F3 F2,10,M
271.125,F5 F4 F1 A3 C4 F3 F2,10,M
271.25,F5 F4 F1 A3 C4 F3 F2,10,M
271.3333333333333,F5 F4 F1 A3 C4 F3 F2,10,M
271.375,F5 F4 F1 A3 C4 F3 F2,10,M
271.4583333333333,F5 F4 F1 A3 C4 F3 F2,10,M
271.5,F5 F4 F1 A3 C4 F3 F2,10,M
271.625,F5 F4 F1 A3 C4 F3 F2,10,M
271.6666666666667,F3 F5 F4 F1 A3 C4 F2,10,M
271.75,F5 F4 F1 A3 C4 F3 F2,10,M
271.7916666666667,F5 F4 F1 A3 C4 F3 F2,10,M
271.875,F5 F4 F1 A3 C4 F3 F2,10,M
272.0,F5 F4 F1 A3 C4 F3 F2,10,M
272.125,F5 F4 F1 A3 C4 F3 F2,5,M
272.25,F5 F4 F1 A3 C4 F3 F2,5,M
272.3333333333333,F5 F4 F1 A3 C4 F3 F2,5,M
272.375,F5 F4 F1 A3 C4 F3 F2,5,M
272.4583333333333,F5 F4 F1 A3 C4 F3 F2,5,M
272.5,F5 F4 F1 A3 C4 F3 F2,5,M
272.625,F5 F4 F1 A3 C4 F3 F2,5,M
272.6666666666667,F3 F5 F4 F1 A3 C4 F2,5,M
272.75,F5 F4 F1 A3 C4 F3 F2,5,M
272.7916666666667,F5 F4 F1 A3 C4 F3 F2,5,M
272.875,F5 F4 F1 A3 C4 F3 F2,5,M
273.0,F5 F4 F1 A3 C4 F3 F2,5,M
273.125,F5 F4 F1 A3 C4 F3 F2,5,M
273.25,F5 F4 F1 A3 C4 F3 F2,5,M
273.3333333333333,F5 F4 F1 A3 C4 F3 F2,5,M
273.375,F5 F4 F1 A3 C4 F3 F2,5,M
273.4583333333333,F5 F4 F1 A3 C4 F3 F2,5,M
273.5,F5 F4 F1 A3 C4 F3 F2,5,M
273.625,F5 F4 F1 A3 C4 F3 F2,5,M
273.6666666666667,F3 F5 F4 F1 A3 C4 F2,5,M
273.75,F5 F4 F1 A3 C4 F3 F2,5,M
273.7916666666667,F5 F4 F1 A3 C4 F3 F2,5,M
273.875,F5 F4 F1 A3 C4 F3 F2,5,M
274.0,F5 F4 F1 A3 C4 F3 F2,5,M
274.125,F5 F4 F1 A3 C4 F3 F2,5,M
274.25,F5 F4 F1 A3 C4 F3 F2,5,M
274.3333333333333,F5 F4 F1 A3 C4 F3 F2,5,M
274.375,F5 F4 F1 A3 C4 F3 F2,5,M
274.4583333333333,F5 F4 F1 A3 C4 F3 F2,5,M
274.5,F5 F4 F1 A3 C4 F3 F2,5,M
274.625,F5 F4 F1 A3 C4 F3 F2,5,M
274.6666666666667,F3 F5 F4 F1 A3 C4 F2,5,M
274.75,F5 F4 F1 A3 C4 F3 F2,5,M
274.7916666666667,F5 F4 F1 A3 C4 F3 F2,5,M
274.875,F5 F4 F1 A3 C4 F3 F2,5,M
275.0,F5 F4 F1 A3 C4 F3 F2,5,M
275.125,F5 F4 F1 A3 C4 F3 F2,5,M
275.25,F5 F4 F1 A3 C4 F3 F2,5,M
275.3333333333333,F5 F4 F1 A3 C4 F3 F2,5,M
275.375,F5 F4 F1 A3 C4 F3 F2,5,M
275.4583333333333,F5 F4 F1 A3 C4 F3 F2,5,M
275.5,F5 F4 F1 A3 C4 F3 F2,5,M
275.625,F5 F4 F1 A3 C4 F3 F2,5,M
275.6666666666667,F3 F5 F4 F1 A3 C4 F2,5,M
275.75,F5 F4 F1 A3 C4 F3 F2,5,M
275.7916666666667,F5 F4 F1 A3 C4 F3 F2,5,M
275.875,F5 F4 F1 A3 C4 F3 F2,5,M
276.0,F5 F4 F1 A3 C4 F3 F2,5,M
276.25,F5 F4 F1 A3 C4 F3 F2,5,M
278.0,F5 F4 F1 A3 C4 F3 F2,5,M
278.25,F5 F4 F1 A3 C4 F3 F2,5,M
279.5,F5 F4 F1 A3 C4 F3 F2,5,M
279.75,F5 F4 F1 A3 C4 F3 F2,5,M
280.0,F5 F4 F1 A3 C4 F3 F2,5,M
280.25,F5 F4 F1 A3 C4 F3 F2,?,?
