0.0,C4 C5,0,M
0.75,A3 A4,0,M
1.0,D3 D4 A3 A4,0,M
1.125,D3 D4,0,M
1.5,C3 C4,0,M
1.75,D3 D4,0,M
2.0,E3 E4,0,M
2.5,F3 F4,0,M
3.5,G3 G4,0,M
4.0,E4 E3,0,M
4.5,D4 D3,0,M
4.75,E4 E3,0,M
5.0,F4 F3,0,M
5.25,A3 A4,0,M
5.75,G#3 G#4 A3 A4,0,M
5.875,G#3 G#4,0,M
6.0,G3 G4,0,M
6.75,G3,0,M
7.0,G4 B4 G5 G2 G3,0,M
8.0,C4 E4 C3 G3,0,M
8.25,F4 D4 C4 E4 C3 G3,0,M
8.375,C4 E4 C3 G3 F4,0,M
8.5,E4 G4 C4 C3 G3,0,M
8.625,C4 E4 C3 G3 G4,0,M
8.75,E-4 A4 F#3 C4 E4 C3,0,M
9.0,C4 C3 E-4 A4,0,M
9.25,F#4 E-5 C4 C3,0,M
9.5,G4 E5 G3 C3,0,M
9.625,C3 E5 G3,0,M
9.75,E4 C5 C3 G3,0,M
9.875,C5 G3,0,M
10.0,D5 C3 G#3 F4,0,M
10.375,C3 G#3 F4,0,M
10.5,D5 C3 G#3 F4,0,M
10.75,E5 C3 G#3 F4,0,M
11.0,D5 E5 C3 G#3 F4,0,M
11.125,C3 G#3 F4 D5,0,M
11.25,C5 C3 G#3,0,M
11.375,C5 C3,0,M
11.5,D4 G#3 C4 C3,0,M
11.75,F4 D4 C3 G#3 C4,0,M
11.875,G#3 C4,0,M
12.0,C3 G3 C4 E4,0,M
12.125,C3 G3,9,m
12.25,D4 F4 C3 G3,9,m
12.375,C3 G3 F4,9,m
12.5,E4 G4 C3 G3,9,m
12.625,C3 G3 G4,9,m
12.75,E-4 A4 F#3 C3,9,m
13.0,C4 C3 E-4 A4 F#3,9,m
13.25,F#4 E-5 C3 C4,9,m
13.5,E5 G3 G4 C3 C4,9,m
13.625,C3 E5 G3,9,m
13.75,E4 C5 C3 E5 G3,9,m
13.875,G3 C5,9,m
14.0,F4 C3 D5 G#3,9,m
14.5,E5 F4 C3 G#3,9,m
14.75,D5 F4 C3 G#3,9,m
15.0,C5 F4 C3 G#3,9,m
15.25,D5 F4 C3 C5 G#3,9,m
15.375,C5 G#3 D5,9,m
15.5,E4 C3 G3 E5,9,m
15.75,G4 E4 C3 G3,9,m
16.0,E4 G#4 B2 B3,9,m
16.125,G#4 B2 B3,9,m
16.25,E4 B2 B3,9,m
16.375,E4,9,m
16.5,E4 B4 G#3 D4,9,m
16.75,G#4 E5 G#3 D4,9,m
16.875,G#4 E5,9,m
17.0,E2 E3 G#4 E5,9,m
17.25,F5,9,m
17.5,G#4 E5 D2 D3,9,m
18.0,E4 A4 C2 C3,9,m
18.25,E4 A4 C2 C3,0,M
18.5,A3 C4 E4 C5,0,M
18.75,A4 C5 E5 A3 C4,0,M
18.875,C4 A4 C5 E5,0,M
19.0,A3 A2 A4 C5 E5,0,M
19.125,A3 A2 A4 C5,0,M
19.25,F5 A3,0,M
19.5,G3 A4 C5 E5 G2,0,M
19.875,G3,0,M
20.0,C5 E5 F#2 F#3,0,M
20.25,D5 C5 F#2 F#3,0,M
20.375,C5 D5,0,M
20.5,F#5 F#3 C4 D4,0,M
20.625,F#3 C4 D4,0,M
20.75,D5 F#5 B5 F#3 C4 D4,0,M
21.0,D2 D3 D5 F#5 B5,0,M
21.25,E5 F#5 C6 D2 D3,0,M
21.375,D2 D3,0,M
21.5,D5 F#5 B5 F#3 C4 D4 D2 D3,0,M
21.625,D5 F#5 B5 F#3 C4 D4,0,M
21.75,C5 F#5 A5 F#3 C4 D4,0,M
21.875,F#3 C4 D4,0,M
22.0,B4 F5 A5 G2 G3,0,M
22.25,G5 B4 F5 A5 G2 G3,0,M
22.375,B4 F5 A5 G5,0,M
22.5,F5 G3 B3 D4 B4 A5,0,M
22.75,D5 B4 F5 A5 G3 B3 D4,0,M
22.875,B4 F5 A5,0,M
23.0,B2 F4 G4 E5,0,M
23.25,D5 B2 F4 G4 E5,0,M
23.375,B2 D5,0,M
23.5,G3 B3 D4 G4 D5,0,M
23.625,G3 B3 D4 G4,0,M
23.75,F4 G3 B3 D4 G4,0,M
24.0,E4 C3 G3 C4,0,M
24.125,E4 C3 G3,0,M
24.25,D4 F4 C3 G3,0,M
24.375,C3 G3 F4,0,M
24.5,E4 G4 C3 G3,0,M
24.625,C3 G3 G4,0,M
24.75,E-4 A4 F#3 C3,0,M
25.0,C4 E-4 A4 C3 F#3,0,M
25.25,F#4 E-5 C3 F#3 C4,0,M
25.375,C3 F#3 C4,0,M
25.5,G4 E5 G3 C3 C4,0,M
25.625,C3 E5 G3,0,M
25.75,E4 C5 C3 G3,0,M
25.875,C5,0,M
26.0,D5 C3 G#3 F4,0,M
26.375,C3 G#3 F4,0,M
26.5,D5 C3 G#3 F4,0,M
26.75,E5 C3 G#3 F4,0,M
27.0,D5 C3 G#3 F4,0,M
27.25,C5 C3 G#3,5,m
27.375,C5 C3,5,m
27.5,D4 G#3 C4 C3,5,m
27.75,F4 G#3 C4,5,m
27.875,G#3 C4,5,m
28.0,E4 C4 C3 G3,5,m
28.125,C3 G3,5,m
28.25,D4 F4 C3 G3,5,m
28.5,E4 G4 C3 G3,5,m
28.75,E-4 A4 F#3 C3,5,m
29.0,C4 E-4 A4 C3 F#3,5,m
29.25,F#4 E-5 C3 F#3 C4,5,m
29.5,G4 E5 G3 C3 C4,5,m
29.625,C3 E5 G3,5,m
29.75,C5 E4 C3 G3,5,m
29.875,C5 G3,5,m
30.0,D5 C3 G#3 F4,5,m
30.5,C5 C3 G#3 F4,0,M
30.75,D5 C3 G#3 F4,0,M
31.0,C5 C3 G#3 F4,0,M
31.375,C3,0,M
31.5,F4 C5 G#3 C3,0,M
31.75,D5 F4 C5 G#3,0,M
31.875,D5 G#3,0,M
32.0,E5 C3 G3 E4,0,M
32.25,C5 C3 G3 E4,0,M
32.5,G4 B-3 C3,0,M
32.75,C#4 A4 C3 B-3,0,M
32.875,C#4 A4 B-3,0,M
33.0,A2 A3 C#4 A4,0,M
33.125,A2 A3,0,M
33.25,A4 C#5 E5 A5 A2 A3,0,M
33.375,A3,0,M
33.5,B-4 C#5 E5 B-5 G2 G3,0,M
33.75,A4 C#5 E5 A5 G2 G3,0,M
33.875,G3,0,M
34.0,E5 F#5 C6 E6 F#2 F#3,0,M
34.375,E5 F#5 C6 E6 F#2,0,M
34.5,D5 F#5 C6 D6 F#3 C4 D4,0,M
34.75,A4 C5 F#5 A5 F#3 C4 D4,0,M
34.875,A4 C5 F#5 A5 F#3 C4,0,M
35.0,D3 D4 A4 C5 F#5 A5,0,M
35.25,G#4 G#5 D3 D4,0,M
35.5,A4 F#5 A5 C3 C4,0,M
35.75,C5 F#5 C6 C3 C4,0,M
36.0,E5 G5 E6 B2 B3,0,M
36.375,E5 G5 E6 B3,0,M
36.5,D5 F5 D6 G3 B3 F4,0,M
36.75,A5 F6 A6 G3 B3 F4,0,M
36.875,A5 F6 A6 B3,0,M
37.0,G2 G3 A5 F6 A6,0,M
37.25,G5 E6 G6 G2 G3,0,M
37.375,G5 E6 G6,0,M
37.5,F4 E5 G3 B3 G5 E6,0,M
37.75,D5 F5 D6 G3 B3,0,M
37.875,D5 F5 D6,0,M
38.0,C5 E5 C6 C3 C4,0,M
38.5,G3 C5 E5 C6,0,M
39.0,C3 C5 E5 C6,0,M
39.25,G4 C3,0,M
39.5,G3 B3 D4,0,M
39.75,E-4 G3 B3,0,M
39.875,E-4,0,M
40.0,C4 E4 C3 G3,0,M
40.25,F4 D4 C4 E4 C3 G3,0,M
40.375,C4 E4 C3 G3 F4,0,M
40.5,E4 G4 C4 C3 G3,0,M
40.625,C4 E4 C3 G3 G4,0,M
40.75,E-4 A4 F#3 C4 E4 C3,0,M
41.0,C4 C3 E-4 A4,0,M
41.25,F#4 E-5 C4 C3,0,M
41.5,G4 E5 G3 C3,0,M
41.625,C3 E5 G3,0,M
41.75,E4 C5 C3 G3,0,M
41.875,C5 G3,0,M
42.0,D5 C3 G#3 F4,0,M
42.375,C3 G#3 F4,0,M
42.5,D5 C3 G#3 F4,0,M
42.75,E5 C3 G#3 F4,0,M
43.0,D5 E5 C3 G#3 F4,0,M
43.125,C3 G#3 F4 D5,0,M
43.25,C5 C3 G#3,0,M
43.375,C5 C3,0,M
43.5,D4 G#3 C4 C3,0,M
43.75,F4 D4 C3 G#3 C4,0,M
43.875,G#3 C4,0,M
44.0,C3 G3 C4 E4,0,M
44.125,C3 G3,0,M
44.25,D4 F4 C3 G3,0,M
44.375,C3 G3 F4,0,M
44.5,E4 G4 C3 G3,0,M
44.625,C3 G3 G4,0,M
44.75,E-4 A4 F#3 C3,0,M
45.0,C4 C3 E-4 A4 F#3,0,M
45.25,F#4 E-5 C3 C4,9,m
45.5,E5 G3 G4 C3 C4,9,m
45.625,C3 E5 G3,9,m
45.75,E4 C5 C3 E5 G3,9,m
45.875,G3 C5,9,m
46.0,F4 C3 D5 G#3,9,m
46.5,E5 F4 C3 G#3,9,m
46.75,D5 F4 C3 G#3,9,m
47.0,C5 F4 C3 G#3,9,m
47.25,D5 F4 C3 C5 G#3,9,m
47.375,C5 G#3 D5,9,m
47.5,E4 C3 G3 E5,9,m
47.75,G4 E4 C3 G3,9,m
48.0,E4 G#4 B2 B3,9,m
48.125,G#4 B2 B3,9,m
48.25,E4 B2 B3,9,m
48.375,E4,9,m
48.5,E4 B4 G#3 D4,9,m
48.75,G#4 E5 G#3 D4,9,m
48.875,G#4 E5,9,m
49.0,E2 E3 G#4 E5,9,m
49.25,F5,9,m
49.5,G#4 E5 D2 D3,9,m
50.0,E4 A4 C2 C3,9,m
50.25,E4 A4 C2 C3,0,M
50.5,A3 C4 E4 C5,0,M
50.75,A4 C5 E5 A3 C4,0,M
50.875,C4 A4 C5 E5,0,M
51.0,A3 A2 A4 C5 E5,0,M
51.125,A3 A2 A4 C5,0,M
51.25,F5 A3,0,M
51.5,G3 A4 C5 E5 G2,0,M
51.875,G3,0,M
52.0,C5 E5 F#2 F#3,0,M
52.25,D5 C5 F#2 F#3,0,M
52.375,C5 D5,0,M
52.5,F#5 F#3 C4 D4,0,M
52.625,F#3 C4 D4,0,M
52.75,D5 F#5 B5 F#3 C4 D4,0,M
53.0,D2 D3 D5 F#5 B5,0,M
53.25,E5 F#5 C6 D2 D3,0,M
53.375,D2 D3,0,M
53.5,D5 F#5 B5 F#3 C4 D4 D2 D3,0,M
53.625,D5 F#5 B5 F#3 C4 D4,0,M
53.75,C5 F#5 A5 F#3 C4 D4,0,M
53.875,F#3 C4 D4,0,M
54.0,B4 F5 A5 G2 G3,0,M
54.25,G5 B4 F5 A5 G2 G3,0,M
54.375,B4 F5 A5 G5,0,M
54.5,F5 G3 B3 D4 B4 A5,0,M
54.75,D5 B4 F5 A5 G3 B3 D4,0,M
54.875,B4 F5 A5,0,M
55.0,B2 F4 G4 E5,0,M
55.25,D5 B2 F4 G4 E5,0,M
55.375,B2 D5,0,M
55.5,G3 B3 D4 G4 D5,0,M
55.625,G3 B3 D4 G4,0,M
55.75,F4 G3 B3 D4 G4,0,M
56.0,E4 C3 G3 C4,0,M
56.125,E4 C3 G3,0,M
56.25,D4 F4 C3 G3,0,M
56.375,C3 G3 F4,0,M
56.5,E4 G4 C3 G3,0,M
56.625,C3 G3 G4,0,M
56.75,E-4 A4 F#3 C3,0,M
57.0,C4 E-4 A4 C3 F#3,0,M
57.25,F#4 E-5 C3 F#3 C4,0,M
57.375,C3 F#3 C4,0,M
57.5,G4 E5 G3 C3 C4,0,M
57.625,C3 E5 G3,0,M
57.75,E4 C5 C3 G3,0,M
57.875,C5,0,M
58.0,D5 C3 G#3 F4,0,M
58.375,C3 G#3 F4,0,M
58.5,D5 C3 G#3 F4,0,M
58.75,E5 C3 G#3 F4,0,M
59.0,D5 C3 G#3 F4,0,M
59.25,C5 C3 G#3,5,m
59.375,C5 C3,5,m
59.5,D4 G#3 C4 C3,5,m
59.75,F4 G#3 C4,5,m
59.875,G#3 C4,5,m
60.0,E4 C4 C3 G3,5,m
60.125,C3 G3,5,m
60.25,D4 F4 C3 G3,5,m
60.5,E4 G4 C3 G3,5,m
60.75,E-4 A4 F#3 C3,5,m
61.0,C4 E-4 A4 C3 F#3,5,m
61.25,F#4 E-5 C3 F#3 C4,5,m
61.5,G4 E5 G3 C3 C4,5,m
61.625,C3 E5 G3,5,m
61.75,C5 E4 C3 G3,5,m
61.875,C5 G3,5,m
62.0,D5 C3 G#3 F4,5,m
62.5,C5 C3 G#3 F4,0,M
62.75,D5 C3 G#3 F4,0,M
63.0,C5 C3 G#3 F4,0,M
63.375,C3,0,M
63.5,F4 C5 G#3 C3,0,M
63.75,D5 F4 C5 G#3,0,M
63.875,D5 G#3,0,M
64.0,E5 C3 G3 E4,0,M
64.25,C5 C3 G3 E4,0,M
64.5,G4 B-3 C3,0,M
64.75,C#4 A4 C3 B-3,0,M
64.875,C#4 A4 B-3,0,M
65.0,A2 A3 C#4 A4,0,M
65.125,A2 A3,0,M
65.25,A4 C#5 E5 A5 A2 A3,0,M
65.375,A3,0,M
65.5,B-4 C#5 E5 B-5 G2 G3,0,M
65.75,A4 C#5 E5 A5 G2 G3,0,M
65.875,G3,0,M
66.0,E5 F#5 C6 E6 F#2 F#3,0,M
66.375,E5 F#5 C6 E6 F#2,0,M
66.5,D5 F#5 C6 D6 F#3 C4 D4,0,M
66.75,A4 C5 F#5 A5 F#3 C4 D4,0,M
66.875,A4 C5 F#5 A5 F#3 C4,0,M
67.0,D3 D4 A4 C5 F#5 A5,0,M
67.25,G#4 G#5 D3 D4,0,M
67.5,A4 F#5 A5 C3 C4,0,M
67.75,C5 F#5 C6 C3 C4,0,M
68.0,E5 G5 E6 B2 B3,0,M
68.375,E5 G5 E6 B3,0,M
68.5,D5 F5 D6 G3 B3 F4,0,M
68.75,A5 F6 A6 G3 B3 F4,0,M
68.875,A5 F6 A6 B3,0,M
69.0,G2 G3 A5 F6 A6,0,M
69.25,G5 E6 G6 G2 G3,0,M
69.375,G5 E6 G6,0,M
69.5,F4 E5 G3 B3 G5 E6,0,M
69.75,D5 F5 D6 G3 B3,0,M
69.875,D5 F5 D6,0,M
70.0,C5 E5 C6 C3 C4,0,M
70.5,G3 C5 E5 C6,0,M
71.0,C3 C5 E5 C6,0,M
71.375,C3,5,M
71.5,C5 C6 E5 C3,5,M
71.625,C3 E5,5,M
71.75,B-5 B-4 E5,5,M
72.0,A4 C5 F5 A5 F2 F3,5,M
72.25,A4 C5 F5 F2 F3,5,M
72.375,F2 F3,5,M
72.5,A4 C5 F5 A5 A3 C4 F4,5,M
72.75,A3 C4 F4,5,M
73.0,C5 F5 A5 C6 F2 F3,5,M
73.5,C5 F#5 A5 C6 E-2 E-3,5,M
73.875,E-2 E-3,5,M
74.0,C5 G5 C6 E2 E3,5,M
74.5,G3 C4 E4 C5 G5 C6 E2 E3,5,M
74.875,G3 C4 E4,5,M
75.0,C5 F#5 E-2 E-3 B5 G3 C4 E4,5,M
75.125,C5 F#5 E-2 E-3 B5,5,M
75.5,A5 C4 E-4 F#4 C5 F#5 E-2 E-3,5,M
75.75,A5 C4 E-4 F#4,5,M
75.875,C4 E-4 F#4,5,M
76.0,C5 F5 A5 D2 D3,5,M
76.5,C4 D4 F4 C5 F5 A5 D2 D3,5,M
76.625,C5 F5 D2 D3 C4 D4 F4,5,M
76.75,A5 C5 F5 D2 D3 C4 D4 F4,5,M
76.875,D2 D3 C4 D4 F4,5,M
77.0,F5 A5 G2 B4,5,M
77.25,G5 F5 G2 B4,5,M
77.5,B5 B3 D4 F4 G2 B4,5,M
77.75,A5 B5 B3 D4 F4 G2,5,M
77.875,B3 D4 F4 G2,5,M
78.0,C5 E5 A5 C2 C3,5,M
78.5,C4 E4 G3 C5 E5 A5 C2 C3,5,M
78.625,C5 E5 C2 C3 C4 E4 G3,5,M
78.75,A5 C5 E5 C2 C3 C4 E4 G3,5,M
78.875,C5 E5 C4 E4 G3,5,M
79.0,C5 E5 A5 E2 E3,5,M
79.25,G5 E2 E3,5,M
79.375,G5,5,M
79.5,C5 C6 E5 C2 C3,5,M
79.625,E5 C2 C3,5,M
79.75,B-4 B-5 C2 C3,5,M
79.875,C2 C3,5,M
80.0,A4 C5 F5 A5 F2 F3,5,M
80.375,F2 F3,5,M
80.5,C4 A3 F4 A4 C5 F5 A5 F2 F3,5,M
80.875,C4 A3 F4,5,M
81.0,C5 F5 A5 C6 F2 F3,5,M
81.5,C5 F#5 A5 C6 E-2 E-3,5,M
81.875,E-2 E-3,5,M
82.0,C5 G5 C6 E2 E3,5,M
82.5,G3 C4 E4 C5 G5 C6 E2 E3,5,M
82.875,G3 C4 E4,5,M
83.0,C5 F#5 B5 E-2 E-3,5,M
83.5,A5 C4 E-4 F#4 C5 F#5 E-2 E-3,5,M
83.875,C4 E-4 F#4,5,M
84.0,C5 F5 A5 D2 D3,5,M
84.375,D2 D3,?,?
84.5,C5 E5 A5 E2 E3,?,?
85.0,D5 E5 G#5 E3 E2,?,?
85.5,E4 G#3 D4 D5 E5 G#5 E3 E2,5,M
85.75,B5 D5 E5 G#5 E3 E2 E4 G#3 D4,5,M
85.875,E2 G#3 D4 B5,5,M
86.0,C5 E5 A5 A2 A3,5,M
86.25,E3 C5 E5 A5 A2,5,M
86.375,C5 E5 A5 E3,5,M
86.5,C3 C5 E5 A5,5,M
86.75,F#2 A2 C5 E5 A5,5,M
86.875,A2,5,M
87.0,C5 E5 A5 C2 C3,5,M
87.25,G5 C2 C3,5,M
87.5,C5 E5 C6 C2 C3,5,M
87.625,C2 C3,5,M
87.75,B-4 B-5 C2 C3,5,M
87.875,C2 C3,5,M
88.0,A4 C5 F5 A5 F2 F3,5,M
88.375,F2 F3,5,M
88.5,A3 C4 F4 A4 C5 F5 A5 F2 F3,5,M
88.875,A3 C4 F4,5,M
89.0,C5 F5 A5 C6 F2 F3,5,M
89.5,C5 F#5 A5 C6 B5 E-2 E-3,5,M
89.875,E-2 E-3,5,M
90.0,C5 G5 C6 E2 E3,5,M
90.5,G3 C4 E4 C5 G5 C6 E2 E3,5,M
90.75,G3 C4 E4,5,M
91.0,C5 F#5 E-2 B5 E-3,5,M
91.5,A5 A3 C4 E-4 C5 F#5 E-2 E-3,5,M
91.75,C5 F#5 E-2 A5 A3 C4 E-4,5,M
91.875,A3 C4 E-4,5,M
92.0,A5 D2 D3 C5 F5,5,M
92.5,C4 D4 F4 A5 D2 D3 C5 F5,5,M
92.625,D2 D3 C5 F5 C4 D4 F4,5,M
92.75,A5 D2 D3 C5 F5 C4 D4 F4,5,M
92.875,D2 D3 C4 D4 F4,5,M
93.0,A5 G2 B4 F5,5,M
93.25,G5 G2 B4 F5,5,M
93.5,B5 B3 D4 F4 G2 B4,5,M
93.75,A5 B5 G2 B3 D4 F4,5,M
94.0,C5 E5 A5 C2 C3 B3 D4 F4,5,M
94.125,C5 E5 A5 C2 C3,5,M
94.5,G3 C4 E4 C5 E5 A5 C2 C3,5,M
94.625,C5 E5 C2 C3 G3 C4 E4,5,M
94.75,A5 C5 E5 C2 C3 G3 C4 E4,5,M
94.875,A5 G3 C4 E4,5,M
95.0,C5 E5 A5 E2 E3 G3 C4 E4,5,M
95.125,C5 E5 A5 E2 E3,5,M
95.25,G5 C5 E5 E2 E3,5,M
95.375,E2 E3,5,M
95.5,C5 C4 E3 G3 E2,5,M
95.625,E3 E2 G3,5,M
95.75,D4 D5 E3 G3,5,M
95.875,E3 G3,5,M
96.0,E-4 A4 C5 E-5 F#2 E3,5,M
96.125,E-4 A4 C5 E-5 F#2,5,M
96.25,A2 E-4 A4 C5 E-5,5,M
96.5,F#3 E-4 A4 C5 E-5,5,M
96.875,F#3,5,M
97.0,F#4 A4 C5 F#5 E-3,5,M
97.25,F#3 F#4 A4 C5 F#5,5,M
97.5,E-4 F#4 A4 C5 F#5,5,M
97.875,E-4,5,M
98.0,A4 C5 E-5 A5 F#4 E-4,5,M
98.125,A4 C5 E-5 A5 F#4,5,M
98.25,E-4 A4 C5 E-5 A5,5,M
98.5,C4 A4 C5 E-5 A5 E-4,5,M
98.625,A4 C5 E-5 A5 C4,5,M
98.75,A3 A4 C5 E-5 A5 C4,5,M
98.875,A4 C5 E-5 A5 A3,5,M
99.0,E-4 A4 C5 E-5 A5,5,M
99.25,C4 A4 C5 E-5 A5 E-4,5,M
99.375,A4 C5 E-5 A5 C4,5,M
99.5,A3 A4 C5 E-5 A5 C4,5,M
99.625,A4 C5 E-5 A5 A3,5,M
99.75,F#3 A4 C5 E-5 A5 A3,5,M
99.875,F#3,5,M
100.0,A4 A5 C5 E5 G3,5,M
100.375,C5 E5 G3,5,M
100.5,G4 G5 C4 E4 C5 E5 G3,5,M
100.75,G4 G5 G3 C4 E4,5,M
100.875,G3 C4 E4,5,M
101.0,G4 B4 E5 G2 G3,5,M
101.125,G2,5,M
101.25,F4 D5 B4 G2,5,M
101.5,G3 F4 D5 G2 B4,5,M
101.75,E5 G2 B4 G3,5,M
101.875,E5 G2,5,M
102.0,E4 C5 C3 G3,5,M
102.375,C5 C3 G3,5,M
102.5,E4 E5 C3,5,M
102.625,E4 E5,5,M
102.75,F5 F4,5,M
102.875,F5,5,M
103.0,F#5 F#4,5,M
103.25,G5 G4,5,M
103.5,C5 E5 C6 C2 C3,5,M
103.625,C2 C3,5,M
103.75,B-4 E5 B-5 C2 C3,5,M
103.875,B-4 E5 B-5,5,M
104.0,A4 C5 F5 A5 F2 F3,5,M
104.25,A4 C5 F5 F2 F3,5,M
104.375,F2 F3,5,M
104.5,A4 C5 F5 A5 A3 C4 F4,5,M
104.75,A3 C4 F4,5,M
105.0,C5 F5 A5 C6 F2 F3,5,M
105.5,C5 F#5 A5 C6 E-2 E-3,5,M
105.875,E-2 E-3,5,M
106.0,C5 G5 C6 E2 E3,5,M
106.5,G3 C4 E4 C5 G5 C6 E2 E3,5,M
106.875,G3 C4 E4,5,M
107.0,C5 F#5 E-2 E-3 B5 G3 C4 E4,5,M
107.125,C5 F#5 E-2 E-3 B5,5,M
107.5,A5 C4 E-4 F#4 C5 F#5 E-2 E-3,5,M
107.75,A5 C4 E-4 F#4,5,M
107.875,C4 E-4 F#4,5,M
108.0,C5 F5 A5 D2 D3,5,M
108.5,C4 D4 F4 C5 F5 A5 D2 D3,5,M
108.625,C5 F5 D2 D3 C4 D4 F4,5,M
108.75,A5 C5 F5 D2 D3 C4 D4 F4,5,M
108.875,D2 D3 C4 D4 F4,5,M
109.0,F5 A5 G2 B4,5,M
109.25,G5 F5 G2 B4,5,M
109.5,B5 B3 D4 F4 G2 B4,5,M
109.75,A5 B5 B3 D4 F4 G2,5,M
109.875,B3 D4 F4 G2,5,M
110.0,C5 E5 A5 C2 C3,5,M
110.5,C4 E4 G3 C5 E5 A5 C2 C3,5,M
110.625,C5 E5 C2 C3 C4 E4 G3,5,M
110.75,A5 C5 E5 C2 C3 C4 E4 G3,5,M
110.875,C5 E5 C4 E4 G3,5,M
111.0,C5 E5 A5 E2 E3,5,M
111.25,G5 E2 E3,5,M
111.375,G5,5,M
111.5,C5 C6 E5 C2 C3,5,M
111.625,E5 C2 C3,5,M
111.75,B-4 B-5 C2 C3,5,M
111.875,C2 C3,5,M
112.0,A4 C5 F5 A5 F2 F3,5,M
112.375,F2 F3,5,M
112.5,C4 A3 F4 A4 C5 F5 A5 F2 F3,5,M
112.875,C4 A3 F4,5,M
113.0,C5 F5 A5 C6 F2 F3,5,M
113.5,C5 F#5 A5 C6 E-2 E-3,5,M
113.875,E-2 E-3,5,M
114.0,C5 G5 C6 E2 E3,5,M
114.5,G3 C4 E4 C5 G5 C6 E2 E3,5,M
114.875,G3 C4 E4,5,M
115.0,C5 F#5 B5 E-2 E-3,5,M
115.5,A5 C4 E-4 F#4 C5 F#5 E-2 E-3,5,M
115.875,C4 E-4 F#4,5,M
116.0,C5 F5 A5 D2 D3,5,M
116.375,D2 D3,?,?
116.5,C5 E5 A5 E2 E3,?,?
117.0,D5 E5 G#5 E3 E2,?,?
117.5,E4 G#3 D4 D5 E5 G#5 E3 E2,5,M
117.75,B5 D5 E5 G#5 E3 E2 E4 G#3 D4,5,M
117.875,E2 G#3 D4 B5,5,M
118.0,C5 E5 A5 A2 A3,5,M
118.25,E3 C5 E5 A5 A2,5,M
118.375,C5 E5 A5 E3,5,M
118.5,C3 C5 E5 A5,5,M
118.75,F#2 A2 C5 E5 A5,5,M
118.875,A2,5,M
119.0,C5 E5 A5 C2 C3,5,M
119.25,G5 C2 C3,5,M
119.5,C5 E5 C6 C2 C3,5,M
119.625,C2 C3,5,M
119.75,B-4 B-5 C2 C3,5,M
119.875,C2 C3,5,M
120.0,A4 C5 F5 A5 F2 F3,5,M
120.375,F2 F3,5,M
120.5,A3 C4 F4 A4 C5 F5 A5 F2 F3,5,M
120.875,A3 C4 F4,5,M
121.0,C5 F5 A5 C6 F2 F3,5,M
121.5,C5 F#5 A5 C6 B5 E-2 E-3,5,M
121.875,E-2 E-3,5,M
122.0,C5 G5 C6 E2 E3,5,M
122.5,G3 C4 E4 C5 G5 C6 E2 E3,5,M
122.75,G3 C4 E4,5,M
123.0,C5 F#5 E-2 B5 E-3,5,M
123.5,A5 A3 C4 E-4 C5 F#5 E-2 E-3,5,M
123.75,C5 F#5 E-2 A5 A3 C4 E-4,5,M
123.875,A3 C4 E-4,5,M
124.0,A5 D2 D3 C5 F5,5,M
124.5,C4 D4 F4 A5 D2 D3 C5 F5,5,M
124.625,D2 D3 C5 F5 C4 D4 F4,5,M
124.75,A5 D2 D3 C5 F5 C4 D4 F4,5,M
124.875,D2 D3 C4 D4 F4,5,M
125.0,A5 G2 B4 F5,5,M
125.25,G5 G2 B4 F5,5,M
125.5,B5 B3 D4 F4 G2 B4,5,M
125.75,A5 B5 G2 B3 D4 F4,5,M
126.0,C5 E5 A5 C2 C3 B3 D4 F4,5,M
126.125,C5 E5 A5 C2 C3,5,M
126.5,G3 C4 E4 C5 E5 A5 C2 C3,5,M
126.625,C5 E5 C2 C3 G3 C4 E4,5,M
126.75,A5 C5 E5 C2 C3 G3 C4 E4,5,M
126.875,A5 G3 C4 E4,5,M
127.0,C5 E5 A5 E2 E3 G3 C4 E4,5,M
127.125,C5 E5 A5 E2 E3,5,M
127.25,G5 C5 E5 E2 E3,5,M
127.375,E2 E3,5,M
127.5,C5 C4 E3 G3 E2,5,M
127.625,E3 E2 G3,5,M
127.75,D4 D5 E3 G3,5,M
127.875,E3 G3,5,M
128.0,E-4 A4 C5 E-5 F#2 E3,5,M
128.125,E-4 A4 C5 E-5 F#2,5,M
128.25,A2 E-4 A4 C5 E-5,5,M
128.5,F#3 E-4 A4 C5 E-5,5,M
128.875,F#3,5,M
129.0,F#4 A4 C5 F#5 E-3,5,M
129.25,F#3 F#4 A4 C5 F#5,5,M
129.5,E-4 F#4 A4 C5 F#5,5,M
129.875,E-4,5,M
130.0,A4 C5 E-5 A5 F#4 E-4,5,M
130.125,A4 C5 E-5 A5 F#4,5,M
130.25,E-4 A4 C5 E-5 A5,5,M
130.5,C4 A4 C5 E-5 A5 E-4,5,M
130.625,A4 C5 E-5 A5 C4,5,M
130.75,A3 A4 C5 E-5 A5 C4,5,M
130.875,A4 C5 E-5 A5 A3,5,M
131.0,E-4 A4 C5 E-5 A5,5,M
131.25,C4 A4 C5 E-5 A5 E-4,5,M
131.375,A4 C5 E-5 A5 C4,5,M
131.5,A3 A4 C5 E-5 A5 C4,5,M
131.625,A4 C5 E-5 A5 A3,5,M
131.75,F#3 A4 C5 E-5 A5 A3,5,M
131.875,F#3,5,M
132.0,A4 A5 C5 E5 G3,5,M
132.375,C5 E5 G3,5,M
132.5,G4 G5 C4 E4 C5 E5 G3,5,M
132.75,G4 G5 G3 C4 E4,5,M
132.875,G3 C4 E4,5,M
133.0,G4 B4 E5 G2 G3,5,M
133.125,G2,5,M
133.25,F4 D5 B4 G2,5,M
133.5,G3 F4 D5 G2 B4,5,M
133.75,E5 G2 B4 G3,5,M
133.875,E5 G2,5,M
134.0,G3 E4 C5 C3,5,M
134.5,G2 G3 E4 C5,5,M
135.0,C2 G3 E4 C5,5,M
135.5,E4 B-3 G4 C2,5,M
135.75,G#4 E4 B-3 C2,5,M
135.875,E4 B-3 G#4,5,M
136.0,F4 A4 F2 C3 A3,5,M
136.25,G4 B-4 F2 C3 A3,5,M
136.375,G4 B-4 F2,5,M
136.5,A4 C5 C3 F3 A3 F2,5,M
136.625,F2 C5 C3 F3 A3,5,M
136.75,F4 A4 F2 C3 F3 A3,5,M
136.875,F4 A4 C3 F3 A3,5,M
137.0,C2 F4 A4,5,M
137.125,C2,5,M
137.25,C4 F4 A4 C2,5,M
137.375,C4 C2,5,M
137.5,F4 A4 C3 F3 D4 C2,5,M
137.875,F4 A4 C3 F3 D4,5,M
138.0,F4 A4 F2,5,M
138.125,F2,5,M
138.25,C4 F4 A4 F2,5,M
138.375,C4 F2,5,M
138.5,C#4 F4 A4 C3 F3 F2,5,M
138.625,C#4 F2 C3 F3,5,M
138.75,D4 F4 A4 F2 C3 F3,5,M
139.0,C2 D4 F4 A4,5,M
139.125,D4 C2,5,M
139.25,E-4 F4 A4 C2,5,M
139.5,C3 F3 E-4 F4 A4 C2,5,M
139.625,C2 C3 F3,5,M
139.75,D4 F4 A4 C2 C3 F3,5,M
139.875,D4 C3 F3 F4 A4,5,M
140.0,B-1 D4 F4 A4,5,M
140.125,D4 B-1 F4,5,M
140.25,G4 D4 B-1,5,M
140.375,B-1 G4,5,M
140.5,B-2 F4 B-1 G4,5,M
140.625,B-2 B-1 F4,5,M
140.75,C#4 F4 G4 B-2 B-1,5,M
140.875,B-2 C#4 F4 G4,5,M
141.0,B-1 C#4 F4 G4,5,M
141.125,B-1 F4 G4,5,M
141.25,F3 C#4 B-1 F4 G4,5,M
141.375,B-1 F3 F4 G4,5,M
141.5,B-2 G3 C#4 B-1 F4 G4,5,M
141.75,A3 C4 B-1 B-2,5,M
141.875,B-2 A3 C4,5,M
142.0,F2 A3 C4,5,M
142.25,F5 A5 F2 A3 C4,5,M
142.375,F2 A3 C4,5,M
142.5,C3 F3 A3 E5 A5 F2 C4,5,M
142.625,F2 C3 F3 A3 C4,5,M
142.75,D5 A5 F2 C3 F3 A3 C4,5,M
142.875,C3 F3 A3 D5 A5 C4,5,M
143.0,C2 D5 A5 C4,5,M
143.125,C2 C4,5,M
143.25,D5 B-4 C2 C4,5,M
143.375,C2 D5 B-4,5,M
143.5,C3 E3 B-3 A4 C5 C2,5,M
143.75,G4 B-4 C2 C3 E3 B-3,5,M
143.875,C3 E3 B-3 B-4,5,M
144.0,F4 A4 A3 F2 C3 F3,5,M
144.25,G4 B-4 F4 A4 A3 F2 C3 F3,5,M
144.375,F2 G4 B-4,5,M
144.5,A4 C5 C3 F3 A3 F2,5,M
144.75,F4 A4 C3 F3 A3,5,M
145.0,C2 F4 A4,5,M
145.25,C4 F4 A4 C2,5,M
145.375,C4 C2,5,M
145.5,D4 F4 A4 C3 F3 C2,5,M
146.0,F4 A4 F2,5,M
146.125,F2,5,M
146.25,C4 F4 A4 F2,5,M
146.375,C4 F2,5,M
146.5,C#4 F4 A4 F3 F2,5,M
146.625,C#4 F2 F3,5,M
146.75,D4 A4 F4 F2 F3,5,M
147.0,F#2 D4 A4 F4 F3,5,M
147.125,F#2 F4,5,M
147.25,C4 A4 E-4 F#2,5,M
147.5,F#3 C4 A4 F#2 E-4,5,M
147.625,F#2 E-4 F#3,5,M
147.75,C4 E4 A4 F#2 F#3,5,M
147.875,C4 E4 A4 F#3,5,M
148.0,G2 C4 E4 A4,5,M
148.25,G4 C4 E4 G2,5,M
148.5,F#4 G3 C4 E4 G2,5,M
148.75,G4 C4 E4 G2 F#4 G3,5,M
148.875,C4 E4 G3 G4,5,M
149.0,F4 G4 B4 G2 G3,5,M
149.125,G2 G3,5,M
149.25,G4 B4 E5 G2 G3,5,M
149.375,G4 B4 E5 G2,5,M
149.5,G3 G4 B4 E5 G2,5,M
149.75,F4 B4 D5 G2 G3,5,M
149.875,G2 G3,5,M
150.0,D5 C3 E4 B-4,5,M
150.5,C5 C3 E4 B-4,5,M
150.75,C5 C3 E4,5,M
151.0,E4 G4 C2 C3 B-3,5,M
151.5,G#4 C2 C3 B-3,5,M
152.0,F4 A4 A3 F2 C3,5,M
152.25,G4 B-4 F4 A4 A3 F2 C3,5,M
152.375,F2 G4 B-4,5,M
152.5,A4 C5 C3 F3 A3 F2,5,M
152.625,F2 C5 C3 F3 A3,5,M
152.75,F4 A4 F2 C5 C3 F3 A3,5,M
152.875,F4 A4 F2 C3 F3 A3,5,M
153.0,C2 F4 A4,5,M
153.25,C4 F4 A4 C2,5,M
153.375,C4 C2,5,M
153.5,D4 F4 A4 C3 F3 C2,5,M
153.875,C2 C3 F3,5,M
154.0,F4 A4 F2,5,M
154.25,C4 F4 A4 F2,5,M
154.375,F2,5,M
154.5,C#4 F4 A4 C3 F3 F2,5,M
154.625,F2 C3 F3,5,M
154.75,D4 F4 A4 F2 C3 F3,5,M
154.875,D4 F4 A4 F2 F3,5,M
155.0,C3 D4 F4 A4,5,M
155.125,C3,5,M
155.25,E-4 F4 A4 C3,5,M
155.5,F3 A3 E-4 C3 F4 A4,5,M
155.625,E-4 C3 F3 A3,5,M
155.75,D4 F4 A4 C3 F3 A3,5,M
156.0,B-2 D4 F4 A4,5,M
156.25,G4 D4 B-2 F4,5,M
156.375,D4 B-2 G4,5,M
156.5,F4 D3 D4 B-2 G4,5,M
156.625,B-2 F4 D3,5,M
156.75,D4 F4 G4 B-2 D3,5,M
156.875,D4 F4 G4 D3,5,M
157.0,B-2 B-3 D4 F4 G4,5,M
157.5,B-3 D4 E4 G#4 B-2,5,M
158.0,A3 C#4 E4 A4 A2,5,M
158.25,C#5 A3 C#4 E4 A4 A2,5,M
158.375,C#4 E4 A4 A2 C#5,5,M
158.5,C#5 E5 E3 A3 C#4 E4 A4 A2,5,M
158.625,C#4 E4 A4 A2 E5 E3 A3,5,M
158.75,C#5 A5 C#4 E4 A4 A2 E3 A3,5,M
158.875,C#5 C#4 E4 A4 A2 A5 E3,5,M
159.0,G2 G3 C#5 C#4 E4 A5,5,M
159.25,C#4 E4 C#5 G2 G3 A5,2,m
159.375,C#5 G2 G3 A5,2,m
159.5,C#4 A4 E3 A3 G2 A5,2,m
159.75,A4 G2 E3 A3 A5,2,m
159.875,E3 A3,2,m
160.0,D4 A4 F#2 F#3,2,m
160.375,D4 A4 F#2,5,M
160.5,F#4 C5 D5 D3 F#3 C4 D4 A4,5,M
160.75,F#4 C5 E-5 D4 A4 D3 F#3 C4,5,M
160.875,D4 A4 F#4 F#3 C4 C5 E-5,5,M
161.0,D2 D3 F#4 C5 E-5,5,M
161.25,D5 D2 D3 C5 E-5,5,M
161.375,D2 D3,5,M
161.5,F#3 C4 D4 D5 B-5 F#5,5,M
161.75,C5 A5 F#3 C4 D4 F#5,5,M
161.875,F#3 C4 D4,5,M
162.0,F5 A5 G2 B4 G3,5,M
162.125,A5 G2 B4 G3,5,M
162.25,D5 G2 B4 G3,5,M
162.375,D5 G2 B4,5,M
162.5,F5 G3 B3 D4 D5 G2 B4,5,M
162.625,G3 B3 D4,5,M
162.75,B4 F5 G5 G3 B3 D4,5,M
163.0,D2 D3 B4 F5 G5,5,M
163.25,A5 D2 D3,5,M
163.5,B4 F5 G5 E-2 E-3,5,M
163.875,E-2 E-3,5,M
164.0,C5 A5 E2 E3 E5,5,M
164.25,G5 C5 A5 E2 E3 E5,5,M
164.375,C5 A5 E2 E3 G5,5,M
164.5,E5 B-3 D4 E4 E2 E3,5,M
164.625,E2 E3 B-3 D4 E4,5,M
164.75,C5 E5 C6 B-3 D4 E4,5,M
165.0,C2 C3 C5 E5 C6,5,M
165.25,B-5 C5 C2 C3,5,M
165.375,C2 C3,5,M
165.5,E4 B-4 B-3 D4 D5 C2 C3,5,M
165.625,E4 B-4 B-3 D4 D5 C3,5,M
165.75,E5 C2 E4 B-4 B-3 D4 D5 C3,5,M
165.875,E4 B-4 B-3 D4 E5 C3,5,M
166.0,A4 C5 F5 F2 F3,5,M
166.5,E3 E2 A4 C5 F5,5,M
166.75,D3 D2 A4 C5 F5,5,M
167.0,C2 C3 C5 F5,5,M
167.25,F4 A3 C2 C3 C5 F5,5,M
167.375,C2 C3 A3,5,M
167.5,E4 G4 B-3 C2 C3,5,M
167.75,G#4 C2 C3 B-3,5,M
167.875,C2 C3 G#4,5,M
168.0,F4 A4 F2 C3 A3,5,M
168.25,G4 B-4 F2 C3 A3,5,M
168.375,G4 B-4 F2,5,M
168.5,A4 C5 C3 F3 A3 F2,5,M
168.625,F2 C5 C3 F3 A3,5,M
168.75,F4 A4 F2 C3 F3 A3,5,M
168.875,F4 A4 C3 F3 A3,5,M
169.0,C2 F4 A4,5,M
169.125,C2,5,M
169.25,C4 F4 A4 C2,5,M
169.375,C4 C2,5,M
169.5,F4 A4 C3 F3 D4 C2,5,M
169.875,F4 A4 C3 F3 D4,5,M
170.0,F4 A4 F2,5,M
170.125,F2,5,M
170.25,C4 F4 A4 F2,5,M
170.375,C4 F2,5,M
170.5,C#4 F4 A4 C3 F3 F2,5,M
170.625,C#4 F2 C3 F3,5,M
170.75,D4 F4 A4 F2 C3 F3,5,M
171.0,C2 D4 F4 A4,5,M
171.125,D4 C2,5,M
171.25,E-4 F4 A4 C2,5,M
171.5,C3 F3 E-4 F4 A4 C2,5,M
171.625,C2 C3 F3,5,M
171.75,D4 F4 A4 C2 C3 F3,5,M
171.875,D4 C3 F3 F4 A4,5,M
172.0,B-1 D4 F4 A4,5,M
172.125,D4 B-1 F4,5,M
172.25,G4 D4 B-1,5,M
172.375,B-1 G4,5,M
172.5,B-2 F4 B-1 G4,5,M
172.625,B-2 B-1 F4,5,M
172.75,C#4 F4 G4 B-2 B-1,5,M
172.875,B-2 C#4 F4 G4,5,M
173.0,B-1 C#4 F4 G4,5,M
173.125,B-1 F4 G4,5,M
173.25,F3 C#4 B-1 F4 G4,5,M
173.375,B-1 F3 F4 G4,5,M
173.5,B-2 G3 C#4 B-1 F4 G4,5,M
173.75,A3 C4 B-1 B-2,5,M
173.875,B-2 A3 C4,5,M
174.0,F2 A3 C4,5,M
174.25,F5 A5 F2 A3 C4,5,M
174.375,F2 A3 C4,5,M
174.5,C3 F3 A3 E5 A5 F2 C4,5,M
174.625,F2 C3 F3 A3 C4,5,M
174.75,D5 A5 F2 C3 F3 A3 C4,5,M
174.875,C3 F3 A3 D5 A5 C4,5,M
175.0,C2 D5 A5 C4,5,M
175.125,C2 C4,5,M
175.25,D5 B-4 C2 C4,5,M
175.375,C2 D5 B-4,5,M
175.5,C3 E3 B-3 A4 C5 C2,5,M
175.75,G4 B-4 C2 C3 E3 B-3,5,M
175.875,C3 E3 B-3 B-4,5,M
176.0,F4 A4 A3 F2 C3 F3,5,M
176.25,G4 B-4 F4 A4 A3 F2 C3 F3,5,M
176.375,F2 G4 B-4,5,M
176.5,A4 C5 C3 F3 A3 F2,5,M
176.75,F4 A4 C3 F3 A3,5,M
177.0,C2 F4 A4,5,M
177.25,C4 F4 A4 C2,5,M
177.375,C4 C2,5,M
177.5,D4 F4 A4 C3 F3 C2,5,M
178.0,F4 A4 F2,5,M
178.125,F2,5,M
178.25,C4 F4 A4 F2,5,M
178.375,C4 F2,5,M
178.5,C#4 F4 A4 F3 F2,5,M
178.625,C#4 F2 F3,5,M
178.75,D4 A4 F4 F2 F3,5,M
179.0,F#2 D4 A4 F4 F3,5,M
179.125,F#2 F4,5,M
179.25,C4 A4 E-4 F#2,5,M
179.5,F#3 C4 A4 F#2 E-4,5,M
179.625,F#2 E-4 F#3,5,M
179.75,C4 E4 A4 F#2 F#3,5,M
179.875,C4 E4 A4 F#3,5,M
180.0,G2 C4 E4 A4,5,M
180.25,G4 C4 E4 G2,5,M
180.5,F#4 G3 C4 E4 G2,5,M
180.75,G4 C4 E4 G2 F#4 G3,5,M
180.875,C4 E4 G3 G4,5,M
181.0,F4 G4 B4 G2 G3,5,M
181.125,G2 G3,5,M
181.25,G4 B4 E5 G2 G3,5,M
181.375,G4 B4 E5 G2,5,M
181.5,G3 G4 B4 E5 G2,5,M
181.75,F4 B4 D5 G2 G3,5,M
181.875,G2 G3,5,M
182.0,D5 C3 E4 B-4,5,M
182.5,C5 C3 E4 B-4,5,M
182.75,C5 C3 E4,5,M
183.0,E4 G4 C2 C3 B-3,5,M
183.5,G#4 C2 C3 B-3,5,M
184.0,F4 A4 A3 F2 C3,5,M
184.25,G4 B-4 F4 A4 A3 F2 C3,5,M
184.375,F2 G4 B-4,5,M
184.5,A4 C5 C3 F3 A3 F2,5,M
184.625,F2 C5 C3 F3 A3,5,M
184.75,F4 A4 F2 C5 C3 F3 A3,5,M
184.875,F4 A4 F2 C3 F3 A3,5,M
185.0,C2 F4 A4,5,M
185.25,C4 F4 A4 C2,5,M
185.375,C4 C2,5,M
185.5,D4 F4 A4 C3 F3 C2,5,M
185.875,C2 C3 F3,5,M
186.0,F4 A4 F2,5,M
186.25,C4 F4 A4 F2,5,M
186.375,F2,5,M
186.5,C#4 F4 A4 C3 F3 F2,5,M
186.625,F2 C3 F3,5,M
186.75,D4 F4 A4 F2 C3 F3,5,M
186.875,D4 F4 A4 F2 F3,5,M
187.0,C3 D4 F4 A4,5,M
187.125,C3,5,M
187.25,E-4 F4 A4 C3,5,M
187.5,F3 A3 E-4 C3 F4 A4,5,M
187.625,E-4 C3 F3 A3,5,M
187.75,D4 F4 A4 C3 F3 A3,5,M
188.0,B-2 D4 F4 A4,5,M
188.25,G4 D4 B-2 F4,5,M
188.375,D4 B-2 G4,5,M
188.5,F4 D3 D4 B-2 G4,5,M
188.625,B-2 F4 D3,5,M
188.75,D4 F4 G4 B-2 D3,5,M
188.875,D4 F4 G4 D3,5,M
189.0,B-2 B-3 D4 F4 G4,5,M
189.5,B-3 D4 E4 G#4 B-2,5,M
190.0,A3 C#4 E4 A4 A2,5,M
190.25,C#5 A3 C#4 E4 A4 A2,5,M
190.375,C#4 E4 A4 A2 C#5,5,M
190.5,C#5 E5 E3 A3 C#4 E4 A4 A2,5,M
190.625,C#4 E4 A4 A2 E5 E3 A3,5,M
190.75,C#5 A5 C#4 E4 A4 A2 E3 A3,5,M
190.875,C#5 C#4 E4 A4 A2 A5 E3,5,M
191.0,G2 G3 C#5 C#4 E4 A5,5,M
191.25,C#4 E4 C#5 G2 G3 A5,2,m
191.375,C#5 G2 G3 A5,2,m
191.5,C#4 A4 E3 A3 G2 A5,2,m
191.75,A4 G2 E3 A3 A5,2,m
191.875,E3 A3,2,m
192.0,D4 A4 F#2 F#3,2,m
192.375,D4 A4 F#2,2,m
192.5,F#4 C5 D5 D3 F#3 C4 D4 A4,2,m
192.75,F#4 C5 E-5 D4 A4 D3 F#3 C4,2,m
192.875,D4 A4 F#4 F#3 C4 C5 E-5,2,m
193.0,D2 D3 F#4 C5 E-5,2,m
193.25,D5 D2 D3 C5 E-5,2,m
193.375,D2 D3,2,m
193.5,F#3 C4 D4 D5 B-5 F#5,2,m
193.75,C5 A5 F#3 C4 D4 F#5,2,m
193.875,F#3 C4 D4,2,m
194.0,F5 A5 G2 B4 G3,2,m
194.125,A5 G2 B4 G3,2,m
194.25,D5 G2 B4 G3,2,m
194.375,D5 G2 B4,2,m
194.5,F5 G3 B3 D4 D5 G2 B4,2,m
194.625,G3 B3 D4,2,m
194.75,B4 F5 G5 G3 B3 D4,2,m
195.0,D2 D3 B4 F5 G5,2,m
195.25,A5 D2 D3,2,m
195.5,B4 F5 G5 E-2 E-3,2,m
195.875,E-2 E-3,2,m
196.0,C5 A5 E2 E3 E5,2,m
196.25,G5 C5 A5 E2 E3 E5,5,M
196.375,C5 A5 E2 E3 G5,5,M
196.5,E5 B-3 D4 E4 E2 E3,5,M
196.625,E2 E3 B-3 D4 E4,5,M
196.75,C5 E5 C6 B-3 D4 E4,5,M
197.0,C2 C3 C5 E5 C6,5,M
197.25,B-5 C5 C2 C3,5,M
197.375,C2 C3,5,M
197.5,E4 B-4 B-3 D4 D5 C2 C3,5,M
197.625,E4 B-4 B-3 D4 D5 C3,5,M
197.75,E5 C2 E4 B-4 B-3 D4 D5 C3,5,M
197.875,E4 B-4 B-3 D4 E5 C3,5,M
198.0,A4 C5 F5 F2 F3,5,M
198.5,A2 A4 C5 F5,5,M
198.75,C3 A4 C5 F5,5,M
199.0,F2 F3 A4 C5 F5,5,M
199.5,D5 F#2 F#3,5,M
199.75,E-5 F#2 F#3,5,M
200.0,E5 G2 G3,5,M
200.25,G5 B-5 C6 D6 G2 G3,5,M
200.375,G5 B-5 C6 D6,5,M
200.5,D5 B-3 C4 E4,5,M
200.75,E-5 B-3 C4 E4,5,M
200.875,E-5 B-3 C4,5,M
201.0,E5 C2 C3,5,M
201.25,G5 B-5 C6 D6 C2 C3,5,M
201.375,G5 B-5 C6 D6,5,M
201.5,D5 B-3 C4 E4,5,M
201.75,E-5 B-3 C4 E4,5,M
202.0,E5 G2 G3,5,M
202.25,G5 B-5 C6 D6 G2 G3,5,M
202.5,B-3 C4 E4 G5 B-5 C6 D6,5,M
202.75,A5 B-5 C6 B-3 C4 E4,5,M
203.0,C3 C4 A5 B-5 C6,5,M
203.25,G5 C3 C4,5,M
203.5,D5 B-2 B-3,5,M
203.75,E5 B-2 B-3,5,M
204.0,F5 A2 A3,5,M
204.25,A5 C6 D6 A2 A3,5,M
204.5,D5 A3 C4 F4,5,M
204.75,E5 A3 C4 F4,5,M
205.0,F5 C2 C3,5,M
205.25,A5 C6 D6 C2 C3,5,M
205.5,D5 A3 C4 F4,5,M
205.75,E5 A3 C4 F4,5,M
206.0,F5 F2 F3,5,M
206.25,G5 A5 C6 F2 F3,5,M
206.5,A3 F4 C4 G5 A5 C6,5,M
206.75,G5 A5 C6 A3 F4 C4,5,M
206.875,A3 F4,5,M
207.0,C3 C4,5,M
207.25,F5 C3 C4,5,M
207.375,F5,5,M
207.5,E5 A3 C4 F4,5,M
207.75,F5 A3 C4 F4,5,M
208.0,F#5 A2 A3 C4 F4,5,M
208.125,F#5 A2 A3,5,M
208.25,A5 C6 E-6 A2 A3,5,M
208.375,A5 C6 E-6 A2,5,M
208.5,E5 F#3 C4 D4,5,M
208.75,F5 F#3 C4 D4,5,M
208.875,F5 F#3 C4,5,M
209.0,F#5 D3 D4,5,M
209.25,A5 C6 E-6 D3 D4,5,M
209.5,E5 C3 C4,5,M
209.75,F#5 A5 D6 C3 C4,5,M
210.0,G5 B-5 D6 B-2 B-3,5,M
210.25,A5 B-5 D6 B-2 B-3,5,M
210.375,A5 B-5 D6 B-2,5,M
210.5,G3 D4 B-3 A5 B-5 D6,5,M
210.75,A5 B-5 D6 G3 D4 B-3,5,M
210.875,A5 B-5 D6 B-3,5,M
211.0,G2 G3 A5 B-5 D6,5,M
211.25,G5 G2 G3,5,M
211.375,G5,5,M
211.5,A5 G3 B-3 D4,5,M
211.75,B-5 G3 B-3 D4,5,M
212.0,B5 G#2 G#3,5,M
212.25,D6 E6 G#2 G#3,5,M
212.375,D6 E6 G#2,5,M
212.5,G#5 B3 D4 E4,5,M
212.75,A5 B3 D4 E4,5,M
213.0,B5 E2 E3,5,M
213.25,D6 E6 E2 E3,5,M
213.5,G#5 G#3 D4 E4,5,M
213.75,B5 D6 E6 G#3 D4 E4,5,M
214.0,A5 C6 E6 A2 A3,5,M
214.375,A5 C6 A2,5,M
214.5,A3 C4 E4 A5 C6,5,M
214.875,A5 C6 C4 E4,5,M
215.0,C5 E-5 F#5 C6 A2 A3,5,M
215.5,F#3 D5 F#2,5,M
215.75,E-5 F#3 F#2,5,M
216.0,E5 G2 G3,5,M
216.125,G2 G3,5,M
216.25,G5 B-5 C6 D6 G2 G3,5,M
216.375,G2 G3,5,M
216.5,D5 B-3 C4 E4,5,M
216.75,E-5 B-3 C4 E4,5,M
217.0,E5 C2 C3,5,M
217.125,C2 C3,5,M
217.25,G5 B-5 C6 D6 C2 C3,5,M
217.375,C2 C3,5,M
217.5,D5 B-3 C4 E4,5,M
217.75,E-5 B-3 C4 E4,5,M
218.0,E5 G2 G3,5,M
218.125,G2 G3,5,M
218.25,G5 B-5 C6 D6 G2 G3,5,M
218.5,B-3 E4 C4 G5 B-5 C6 D6,5,M
218.625,B-3 E4 C4,5,M
218.75,A5 B-5 C6 B-3 E4 C4,5,M
218.875,A5 B-5 C6 B-3 E4,5,M
219.0,C3 C4 A5 B-5 C6,5,M
219.25,G5 C3 C4,5,M
219.5,D5 B-2 B-3 C4,5,M
219.625,D5 B-2 B-3,5,M
219.75,E5 B-2 B-3,5,M
220.0,F5 A2 A3,5,M
220.25,A5 C6 D6 F5 A2 A3,5,M
220.375,F5 A2 A3,5,M
220.5,D5 A3 C4 F4 F5,5,M
220.75,E5 F5 A3 C4 F4,5,M
221.0,F5 C2 C3,5,M
221.25,A5 C6 D6 C2 C3,5,M
221.375,A5 C6 C2 C3,5,M
221.5,D5 A3 C4 F4,5,M
221.75,E5 A3 C4 F4,5,M
222.0,F5 F2 F3,5,M
222.25,G5 A5 C6 F2 F3,5,M
222.5,A3 F4 C4 G5 A5 C6,5,M
222.625,A3 F4 C4,5,M
222.75,G5 A5 C6 A3 F4 C4,5,M
222.875,G5 A5 A3 F4 C6,5,M
223.0,C3 C4 G5 A5 C6,5,M
223.125,G5 A5 C3 C4,5,M
223.25,F5 C3 C4,5,M
223.375,F5,5,M
223.5,E5 A3 C4 F4,5,M
223.75,F5 A3 C4 F4,5,M
224.0,F#5 A2 A3 F4,5,M
224.125,F#5 A2 A3,5,M
224.25,A5 C6 E-6 A2 A3,5,M
224.375,A5 C6 E-6 A2,5,M
224.5,E5 F#3 C4 D4,5,M
224.75,F5 F#3 C4 D4,5,M
224.875,F5 F#3 C4,5,M
225.0,F#5 D3 D4,5,M
225.25,A5 C6 E-6 D3 D4,5,M
225.5,E5 C3 C4,5,M
225.625,C3 C4,5,M
225.75,F#5 A5 D6 C3 C4,5,M
225.875,C3 C4,5,M
226.0,G5 B-5 D6 B-2 B-3 C3 C4,5,M
226.125,G5 B-5 D6 B-2 B-3,5,M
226.25,A5 B-5 D6 B-2 B-3,5,M
226.375,A5 B-5 D6,5,M
226.5,G3 B-3 D4 A5 B-5 D6,5,M
226.625,G3 B-3 D4,5,M
226.75,A5 B-5 D6 G3 B-3 D4,5,M
226.875,A5 B-5 D6 G3 B-3,5,M
227.0,D3 D4 A5 B-5 D6,5,M
227.125,D3 D4,5,M
227.25,G5 B-5 D6 D3 D4,5,M
227.375,D3 D4,5,M
227.5,G#5 B5 F6 C#3 C#4,5,M
227.75,C#3 C#4,5,M
228.0,A5 C6 F6 C3 C4,5,M
228.25,D6 A5 C6 F6 C3 C4,5,M
228.5,C6 A3 C4 F4 A5 F6,5,M
228.75,A5 C6 F6 A3 C4 F4,5,M
228.875,A5 C6 F6 A3 C4 F4,5,M
229.0,C5 E5 A5 C2 C3,5,M
229.125,C2 C3,5,M
229.25,B-4 E5 G5 C2 C3,5,M
229.5,B-3 E4 C4 B-4 E5 G5,5,M
229.625,B-3 E4 C4,5,M
229.75,E6 B-3 E4 C4,5,M
229.875,B-3 E4 C4,5,M
230.0,A4 C5 F5 F2 F3,5,M
230.5,A2 A4 C5 F5,5,M
230.75,C3 A4 C5 F5,5,M
231.0,F2 F3 A4 C5 F5,5,M
231.375,F2 F3,5,M
231.5,D5 F#2 F#3,5,M
231.75,E-5 F#2 F#3,5,M
232.0,E5 G2 G3,5,M
232.25,G5 B-5 C6 D6 G2 G3,5,M
232.375,G5 B-5 C6 D6,5,M
232.5,D5 B-3 C4 E4,5,M
232.75,E-5 B-3 C4 E4,5,M
232.875,E-5 B-3 C4,5,M
233.0,E5 C2 C3,5,M
233.25,G5 B-5 C6 D6 C2 C3,5,M
233.375,G5 B-5 C6 D6,5,M
233.5,D5 B-3 C4 E4,5,M
233.75,E-5 B-3 C4 E4,5,M
234.0,E5 G2 G3,5,M
234.25,G5 B-5 C6 D6 G2 G3,5,M
234.5,B-3 C4 E4 G5 B-5 C6 D6,5,M
234.75,A5 B-5 C6 B-3 C4 E4,5,M
235.0,C3 C4 A5 B-5 C6,5,M
235.25,G5 C3 C4,5,M
235.5,D5 B-2 B-3,5,M
235.75,E5 B-2 B-3,5,M
236.0,F5 A2 A3,5,M
236.25,A5 C6 D6 A2 A3,5,M
236.5,D5 A3 C4 F4,5,M
236.75,E5 A3 C4 F4,5,M
237.0,F5 C2 C3,5,M
237.25,A5 C6 D6 C2 C3,5,M
237.5,D5 A3 C4 F4,5,M
237.75,E5 A3 C4 F4,5,M
238.0,F5 F2 F3,5,M
238.25,G5 A5 C6 F2 F3,5,M
238.5,A3 F4 C4 G5 A5 C6,5,M
238.75,G5 A5 C6 A3 F4 C4,5,M
238.875,A3 F4,5,M
239.0,C3 C4,5,M
239.25,F5 C3 C4,5,M
239.375,F5,5,M
239.5,E5 A3 C4 F4,5,M
239.75,F5 A3 C4 F4,5,M
240.0,F#5 A2 A3 C4 F4,5,M
240.125,F#5 A2 A3,5,M
240.25,A5 C6 E-6 A2 A3,5,M
240.375,A5 C6 E-6 A2,5,M
240.5,E5 F#3 C4 D4,5,M
240.75,F5 F#3 C4 D4,5,M
240.875,F5 F#3 C4,5,M
241.0,F#5 D3 D4,5,M
241.25,A5 C6 E-6 D3 D4,5,M
241.5,E5 C3 C4,5,M
241.75,F#5 A5 D6 C3 C4,5,M
242.0,G5 B-5 D6 B-2 B-3,5,M
242.25,A5 B-5 D6 B-2 B-3,5,M
242.375,A5 B-5 D6 B-2,5,M
242.5,G3 D4 B-3 A5 B-5 D6,5,M
242.75,A5 B-5 D6 G3 D4 B-3,5,M
242.875,A5 B-5 D6 B-3,5,M
243.0,G2 G3 A5 B-5 D6,5,M
243.25,G5 G2 G3,5,M
243.375,G5,5,M
243.5,A5 G3 B-3 D4,5,M
243.75,B-5 G3 B-3 D4,5,M
244.0,B5 G#2 G#3,5,M
244.25,D6 E6 G#2 G#3,5,M
244.375,D6 E6 G#2,5,M
244.5,G#5 B3 D4 E4,5,M
244.75,A5 B3 D4 E4,5,M
245.0,B5 E2 E3,5,M
245.25,D6 E6 E2 E3,5,M
245.5,G#5 G#3 D4 E4,5,M
245.75,B5 D6 E6 G#3 D4 E4,5,M
246.0,A5 C6 E6 A2 A3,5,M
246.375,A5 C6 A2,5,M
246.5,A3 C4 E4 A5 C6,5,M
246.875,A5 C6 C4 E4,5,M
247.0,C5 E-5 F#5 C6 A2 A3,5,M
247.5,F#3 D5 F#2,5,M
247.75,E-5 F#3 F#2,5,M
248.0,E5 G2 G3,5,M
248.125,G2 G3,5,M
248.25,G5 B-5 C6 D6 G2 G3,5,M
248.375,G2 G3,5,M
248.5,D5 B-3 C4 E4,5,M
248.75,E-5 B-3 C4 E4,5,M
249.0,E5 C2 C3,5,M
249.125,C2 C3,5,M
249.25,G5 B-5 C6 D6 C2 C3,5,M
249.375,C2 C3,5,M
249.5,D5 B-3 C4 E4,5,M
249.75,E-5 B-3 C4 E4,5,M
250.0,E5 G2 G3,5,M
250.125,G2 G3,5,M
250.25,G5 B-5 C6 D6 G2 G3,5,M
250.5,B-3 E4 C4 G5 B-5 C6 D6,5,M
250.625,B-3 E4 C4,5,M
250.75,A5 B-5 C6 B-3 E4 C4,5,M
250.875,A5 B-5 C6 B-3 E4,5,M
251.0,C3 C4 A5 B-5 C6,5,M
251.25,G5 C3 C4,5,M
251.5,D5 B-2 B-3 C4,5,M
251.625,D5 B-2 B-3,5,M
251.75,E5 B-2 B-3,5,M
252.0,F5 A2 A3,5,M
252.25,A5 C6 D6 F5 A2 A3,5,M
252.375,F5 A2 A3,5,M
252.5,D5 A3 C4 F4 F5,5,M
252.75,E5 F5 A3 C4 F4,5,M
253.0,F5 C2 C3,5,M
253.25,A5 C6 D6 C2 C3,5,M
253.375,A5 C6 C2 C3,5,M
253.5,D5 A3 C4 F4,5,M
253.75,E5 A3 C4 F4,5,M
254.0,F5 F2 F3,5,M
254.25,G5 A5 C6 F2 F3,5,M
254.5,A3 F4 C4 G5 A5 C6,5,M
254.625,A3 F4 C4,5,M
254.75,G5 A5 C6 A3 F4 C4,5,M
254.875,G5 A5 A3 F4 C6,5,M
255.0,C3 C4 G5 A5 C6,5,M
255.125,G5 A5 C3 C4,5,M
255.25,F5 C3 C4,5,M
255.375,F5,5,M
255.5,E5 A3 C4 F4,5,M
255.75,F5 A3 C4 F4,5,M
256.0,F#5 A2 A3 F4,5,M
256.125,F#5 A2 A3,5,M
256.25,A5 C6 E-6 A2 A3,5,M
256.375,A5 C6 E-6 A2,5,M
256.5,E5 F#3 C4 D4,5,M
256.75,F5 F#3 C4 D4,5,M
256.875,F5 F#3 C4,5,M
257.0,F#5 D3 D4,5,M
257.25,A5 C6 E-6 D3 D4,5,M
257.5,E5 C3 C4,5,M
257.625,C3 C4,5,M
257.75,F#5 A5 D6 C3 C4,5,M
257.875,C3 C4,5,M
258.0,G5 B-5 D6 B-2 B-3 C3 C4,5,M
258.125,G5 B-5 D6 B-2 B-3,5,M
258.25,A5 B-5 D6 B-2 B-3,5,M
258.375,A5 B-5 D6,5,M
258.5,G3 B-3 D4 A5 B-5 D6,5,M
258.625,G3 B-3 D4,5,M
258.75,A5 B-5 D6 G3 B-3 D4,5,M
258.875,A5 B-5 D6 G3 B-3,5,M
259.0,D3 D4 A5 B-5 D6,5,M
259.125,D3 D4,5,M
259.25,G5 B-5 D6 D3 D4,5,M
259.375,D3 D4,5,M
259.5,G#5 B5 F6 C#3 C#4,5,M
259.75,C#3 C#4,5,M
260.0,A5 C6 F6 C3 C4,5,M
260.25,D6 A5 C6 F6 C3 C4,5,M
260.5,C6 A3 C4 F4 A5 F6,5,M
260.75,A5 C6 F6 A3 C4 F4,5,M
260.875,A5 C6 F6 A3 C4 F4,5,M
261.0,C5 E5 A5 C2 C3,5,M
261.125,C2 C3,5,M
261.25,B-4 E5 G5 C2 C3,5,M
261.5,B-3 E4 C4 B-4 E5 G5,5,M
261.625,B-3 E4 C4,5,M
261.75,E6 B-3 E4 C4,5,M
261.875,B-3 E4 C4,5,M
262.0,A4 C5 F5 F2 F3,5,M
262.5,C3 A4 C5 F5,5,M
263.0,F5 A5 C6 F6 F2,5,M
