0.0,E5 G5 E4 G4,?,?
1.5,E5 G5 E4 G4,?,?
1.75,E5 G5 E4 G4,?,?
2.0,E5 G5 E4 G4,?,?
2.5,G5 B-5 G4 B-4,?,?
3.0,E5 G5 E4 G4,?,?
3.5,G5 B-5 G4 B-4,?,?
4.0,G5 B-5 G4 B-4,?,?
4.5,B-5 C#6 B-4 C#5,?,?
5.0,G5 B-5 G4 B-4,?,?
5.5,B-5 C#6 B-4 C#5,?,?
6.0,B-5 C#6 G6 B-4 C#5 G5 E4 E2 E3,?,?
8.0,B-5 C6 F6 B-4 C5 F5 F4 F2 F3,10,M
10.0,A5 C6 F6 A4 C5 F5 F3 F1 F2,10,M
12.0,B-4 D5 B-3 D4 B-2,10,M
12.5,F3,10,M
13.0,B-4 D5 B-3 D4 F2,10,M
13.5,F3,10,M
14.0,D5 B-3 B-2,10,M
14.25,E-5 C4 B-2,10,M
14.5,D5 B-3 F3,10,M
14.75,E-5 C4 F3,10,M
15.0,F5 D4 F2,10,M
15.25,F2,10,M
15.5,D5 B-3 F3,10,M
15.75,F3,10,M
16.0,C5 E-5 C4 E-4 A2,10,M
16.5,F3,10,M
17.0,C5 E-5 C4 E-4 F2,10,M
17.5,F3,10,M
18.0,E-5 C4 A2,10,M
18.25,F5 D4 A2,10,M
18.5,E-5 C4 F3,10,M
18.75,F5 D4 F3,10,M
19.0,G5 E-4 F2,10,M
19.25,F2,10,M
19.5,E-5 C4 F3,10,M
19.75,F3,10,M
20.0,D5 F5 D4 F4 B-2,10,M
20.5,F3,10,M
21.0,D5 F5 D4 F4 F2,10,M
21.5,F3,10,M
22.0,F5 D4 B-2,10,M
22.25,G5 E-4 B-2,10,M
22.5,F5 D4 F3,10,M
22.75,G5 E-4 F3,10,M
23.0,A5 F4 F2,10,M
23.25,F2,10,M
23.5,D5 B-5 D4 B-4 F3,10,M
23.75,F3,10,M
24.0,E-5 B-5 E-4 B-4 C3,10,M
24.5,A5 A4 F3,10,M
25.0,A5 E-5 A4 E-4 F2,10,M
25.25,E-5 E-4 F2,10,M
25.5,G5 G4 F3,10,M
25.75,F3,10,M
26.0,C5 G5 C4 G4 A2,10,M
26.5,F5 F4 F3,10,M
27.0,F5 C5 F4 C4 F2,10,M
27.25,C5 C4 F2,10,M
27.5,E-5 E-4 F3,10,M
27.75,F3,10,M
28.0,B-4 D5 B-3 D4 B-2,10,M
28.5,F3,10,M
29.0,B-4 D5 B-3 D4 F2,10,M
29.5,F3,10,M
30.0,D5 B-3 B-2,10,M
30.25,E-5 C4 B-2,10,M
30.5,D5 B-3 F3,10,M
30.75,E-5 C4 F3,10,M
31.0,F5 D4 F2,10,M
31.25,F2,10,M
31.5,D5 B-3 F3,10,M
31.75,F3,10,M
32.0,C5 E-5 C4 E-4 A2,10,M
32.5,F3,10,M
33.0,C5 E-5 C4 E-4 F2,10,M
33.5,F3,10,M
34.0,E-5 C4 A2,10,M
34.25,F5 D4 A2,10,M
34.5,E-5 C4 F3,10,M
34.75,F5 D4 F3,10,M
35.0,G5 E-4 F2,10,M
35.25,F2,10,M
35.5,E-5 C4 F3,10,M
35.75,F3,10,M
36.0,D5 F5 D4 F4 B-2,10,M
36.5,F3,10,M
37.0,D5 F5 D4 F4 F2,10,M
37.5,F3,10,M
38.0,D5 F5 D4 F4 G2,10,M
38.25,G2,10,M
38.5,E5 G5 E4 G4 B-3,10,M
38.75,B-3,10,M
39.0,F5 A5 F4 A4 G2,10,M
39.25,G2,10,M
39.5,D5 B-5 D4 B-4 G3,10,M
39.75,G3,10,M
40.0,F5 A5 F4 A4 F3 A2,10,M
40.25,A2,10,M
40.5,E5 G5 E4 G4 G3,10,M
41.0,D5 F5 D4 F4 A3 A2,10,M
41.25,A2,10,M
41.5,C#5 E5 C#4 E4 A3,10,M
42.0,D5 F5 D4 F4 D3 D2,10,M
42.5,F5 F4,10,M
42.75,F5 F4,10,M
43.0,F5 F4,10,M
43.5,F5 F4,10,M
44.0,B-5 D6 B-4 D5 B-1 B-2,10,M
44.5,F3 F4,10,M
45.0,B-5 D6 B-4 D5 F1 F2,10,M
45.5,F3 F4,10,M
46.0,D6 B-4 B-1 B-2,10,M
46.25,E-6 C5 B-1 B-2,10,M
46.5,D6 B-4 F3 F4,10,M
46.75,E-6 C5 F3 F4,10,M
47.0,F6 D5 F1 F2,10,M
47.25,F1 F2,10,M
47.5,D6 B-4 F3 F4,10,M
47.75,F3 F4,10,M
48.0,C6 E-6 C5 E-5 A1 A2,10,M
48.5,F3 F4,10,M
49.0,C6 E-6 C5 E-5 F1 F2,10,M
49.5,F3 F4,10,M
50.0,E-6 C5 A1 A2,10,M
50.25,F6 D5 A1 A2,10,M
50.5,E-6 C5 F3 F4,10,M
50.75,F6 D5 F3 F4,10,M
51.0,G6 E-5 F1 F2,10,M
51.25,F1 F2,10,M
51.5,E-6 C5 F3 F4,10,M
51.75,F3 F4,10,M
52.0,D6 F6 D5 F5 B-1 B-2,10,M
52.5,F3 F4,10,M
53.0,D6 F6 D5 F5 F1 F2,10,M
53.5,F3 F4,10,M
54.0,F6 D5 B-1 B-2,10,M
54.25,G6 E-5 B-1 B-2,10,M
54.5,F6 D5 F3 F4,10,M
54.75,G6 E-5 F3 F4,10,M
55.0,A6 F5 F1 F2,10,M
55.25,F1 F2,10,M
55.5,D6 B-6 D5 B-5 F3 F4,10,M
55.75,F3 F4,10,M
56.0,E-6 B-6 E-5 B-5 C2 C3,10,M
56.5,A6 A5 F3 F4,10,M
57.0,A6 E-6 A5 E-5 F1 F2,10,M
57.25,E-6 E-5 F1 F2,10,M
57.5,G6 G5 F3 F4,10,M
57.75,F3 F4,10,M
58.0,C6 G6 C5 G5 A1 A2,10,M
58.5,F6 F5 F3 F4,10,M
59.0,F6 C6 F5 C5 F1 F2,10,M
59.25,C6 C5 F1 F2,10,M
59.5,E-6 E-5 F3 F4,10,M
59.75,F3 F4,10,M
60.0,B-5 D6 B-4 D5 B-1 B-2,10,M
60.5,F3 D4 F4,10,M
61.0,B-5 D6 B-4 D5 A1 A2,10,M
61.5,F3 D4 F4,10,M
62.0,D6 B4 G#1 G#2,10,M
62.25,E6 C5 G#1 G#2,10,M
62.5,D6 B4 F3 D4 F4 G#1 G#2,10,M
62.75,E6 C5 F3 D4 F4 G#1 G#2,10,M
63.0,F6 D5 G1 G2,10,M
63.25,G1 G2,10,M
63.5,D6 B4 F3 D4 F4,10,M
63.75,F3 D4 F4,10,M
64.0,C6 E6 C5 E5 C2 C3,10,M
64.5,G3 E4 G4,?,?
65.0,C6 E6 C5 E5 B1 B2,?,?
65.5,G3 E4 G4,2,m
66.0,E6 C#5 B-1 B-2,2,m
66.25,F6 D5 B-1 B-2,2,m
66.5,E6 C#5 G3 E4 G4 B-1 B-2,2,m
66.75,F6 D5 G3 E4 G4 B-1 B-2,2,m
67.0,G6 E5 A1 A2,2,m
67.25,A1 A2,2,m
67.5,E6 C#5 G3 E4 G4,2,m
67.75,G3 E4 G4,2,m
68.0,D6 F6 D5 F5 D4 D2 D3,2,m
68.5,D6 G6 D5 G5 E4 E2 E3,2,m
69.0,D6 A6 D5 A5 F4 F2 F3,2,m
69.5,D6 B-6 D5 B-5 G4 G2 G3,2,m
70.0,D6 A6 D5 A5 F4 F2 F3,2,m
70.5,D6 B6 D5 B5 G4 G2 G3,2,m
71.0,C#6 G6 C#7 C#5 G5 E4 E2 E3,2,m
71.5,D6 F6 D7 D5 F5 F4 F2 F3,2,m
72.0,F6 A6 F5 A5 G4 G2 G3,2,m
72.25,G4 G2 G3,2,m
72.5,E6 G6 E5 G5,2,m
73.0,D6 F6 D5 F5 A4 A2 A3,2,m
73.25,A4 A2 A3,10,M
73.5,C#6 E6 C#5 E5,10,M
74.0,D6 D5 D4 D2 D3,10,M
74.5,F5 F4,10,M
74.75,F5 F4,10,M
75.0,F5 F4,10,M
75.5,F5 F4,10,M
76.0,D6 F6 D5 F5 F3 B-3 F4 B-1 B-2,10,M
77.0,D6 G6 D5 G5 F3 B-3 F4 B-1 B-2,10,M
77.5,G#5 D6 G#4 D5 F3 B3 F4 B1 B2,10,M
78.0,A5 E-6 A4 E-5 F3 C4 F4 C2 C3,10,M
78.25,A5 E-6 A4 E-5,10,M
78.5,F3,10,M
78.75,G3,10,M
79.0,A3,10,M
79.25,B-3,10,M
79.5,C4,10,M
79.75,D4,10,M
80.0,A5 E-6 A4 E-5 E-4 F2,10,M
80.25,A5 E-6 A4 E-5 D4,10,M
80.5,E-4,10,M
80.75,D4,10,M
81.0,A5 E-6 A4 E-5 F4 F2,10,M
81.25,A5 E-6 A4 E-5 E-4,10,M
81.5,D4,10,M
81.75,C4,10,M
82.0,B-5 B-4 B-3 D4 B-2,10,M
82.25,C6 C5 B-3 D4 B-2,10,M
82.5,D6 D5,10,M
82.75,E-6 E-5,10,M
83.0,F6 F5 B-3 D4 B-2,10,M
83.25,G6 G5 B-3 D4 B-2,10,M
83.5,A6 A5,10,M
83.75,B-6 B-5,10,M
84.0,D6 F6 D5 F5 G#3 G#4 B-1 B-2,10,M
85.0,D6 G6 D5 G5 G3 G4 B-1 B-2,10,M
85.5,D6 D5 G3 G4 B1 B2,10,M
86.0,C6 E-6 C5 E-5 G3 G4 C2 C3,10,M
86.5,D6 D5,10,M
86.75,E-6 E-5,10,M
87.0,F6 F5,10,M
87.25,G6 G5,10,M
87.5,A6 A5,10,M
87.75,B-6 B-5,10,M
88.0,C7 C6 A3 E-4 F4 F2,10,M
88.25,D7 D6 A3 E-4 F4 F2,10,M
88.5,C7 C6,10,M
88.75,B-6 B-5,10,M
89.0,A6 A5 A3 E-4 F4 F2,10,M
89.25,G6 G5 A3 E-4 F4 F2,10,M
89.5,F6 F5,10,M
89.75,E-6 E-5,10,M
90.0,D6 D5 B-3 D4 F4 B-2,10,M
90.25,C6 C5 B-3 D4 F4 B-2,10,M
90.5,B-5 B-4,10,M
90.75,A5 A4,10,M
91.0,B-5 B-4 B-3 D4 F4 B-2,10,M
91.25,C6 C5 B-3 D4 F4 B-2,10,M
91.5,D6 D5,10,M
91.75,E-6 E-5,10,M
92.0,C6 F6 C5 F5 G#4 G#2 G#3,10,M
93.0,B5 G6 B4 G5 G4 G2 G3,10,M
93.5,B-5 D6 B-4 D5 F#4 F#2 F#3,10,M
94.0,A5 E-6 A4 E-5 F4 F2 F3,10,M
94.5,F4,10,M
94.75,G4,10,M
95.0,A4,10,M
95.25,B-4,10,M
95.5,C5,10,M
95.75,D5,10,M
96.0,F6 A6 F5 A5 E-5 F2,10,M
96.25,F6 A6 F5 A5 D5 F2,10,M
96.5,C5,10,M
96.75,B-4,10,M
97.0,F6 A6 F5 A5 A4 F2,10,M
97.25,F6 A6 F5 A5 G4 F2,10,M
97.5,F4,10,M
97.75,E-4,10,M
98.0,D6 F6 B-6 D5 F5 B-5 D4 B-2,10,M
98.25,D6 F6 B-6 D5 F5 B-5 C4 B-2,10,M
98.5,B-3,10,M
98.75,A3,10,M
99.0,D6 F6 B-6 D5 F5 B-5 B-3 B-2,10,M
99.25,D6 F6 B-6 D5 F5 B-5 C4 B-2,10,M
99.5,D4,10,M
99.75,E-4,10,M
100.0,B-5 F6 B-4 F5 F4 C#2 C#3,10,M
101.0,B-5 G6 B-4 G5 E4 C2 C3,10,M
101.5,B-5 D6 B-4 D5 E4 F#2 F#3,10,M
102.0,A5 E-6 A4 E-5 E-4 F2 F3,10,M
102.25,E-4 F2 F3,10,M
102.5,G6 G5,10,M
102.75,F6 F5,10,M
103.0,E-6 E-5,10,M
103.25,D6 D5,10,M
103.5,C6 C5,10,M
103.75,B-5 B-4,10,M
104.0,A5 A4 C4 E-4 F4 F2 F3,10,M
104.25,B-5 B-4 C4 E-4 F4 F2 F3,10,M
104.5,C6 C5,10,M
104.75,D6 D5,10,M
105.0,E-6 E-5 C4 E-4 F4 F2 F3,10,M
105.25,F6 F5 C4 E-4 F4 F2 F3,10,M
105.5,G6 G5,10,M
105.75,A6 A5,10,M
106.0,B-6 B-5 B-3 D4 F4 B-1 B-2,10,M
106.5,B-5 B-4,10,M
106.75,B-5 B-4,10,M
107.0,B-5 B-4,10,M
107.5,B-5 B-4,3,M
108.0,E-4,3,M
108.5,G5 B-5 B-4 E-4,3,M
109.0,E4,3,M
109.5,G5 B-5 B-4 E4,3,M
110.0,F4,3,M
110.5,G#5 B-5 B-4 F4,3,M
111.0,F#4,3,M
111.5,G#5 B-5 B-4 F#4,3,M
112.0,G4,3,M
112.5,E-5 B-5 B-4 G4,3,M
112.75,E-5 B-5 B-4 G4,3,M
113.0,F5 B-5 B-4 D4,3,M
113.5,G5 B-5 B-4 E-4,3,M
114.0,F4,3,M
114.5,G#5 B-5 B-4 F4,3,M
114.75,G#5 B-5 B-4 F4,3,M
115.0,G5 B-5 B-4 C4,3,M
115.5,F5 B-5 B-4 D4,3,M
116.0,E-4,3,M
116.5,G5 B-5 B-4 E-4,3,M
117.0,E4,3,M
117.5,G5 C6 B-4 E4,3,M
118.0,F4,3,M
118.5,G#5 C6 B-4 F4,3,M
119.0,F#4,3,M
119.5,A5 D6 B-4 F#4,3,M
120.0,B-5 B-4 G4,3,M
120.25,B-5 B-4,3,M
120.5,G5 B-5 B-4 E4,3,M
120.75,G5 B-5 B-4,3,M
121.0,G#5 B-5 B-4 F4,3,M
121.5,F5 B-5 B-4 B-3,3,M
122.0,E-5 B-5 B-4 E-4,3,M
122.5,E-6 E-5,3,M
122.75,E-6 E-5,3,M
123.0,E-6 E-5,3,M
123.5,E-6 E-5,6,M
124.0,F#5 F#6 F#4 F#2 F#3,6,M
124.5,F#5 F#6 C#5 F#4 C#4 F#2 F#3,6,M
125.0,G5 G6 G4 E2 E3,6,M
125.5,G5 G6 C#5 G4 C#4 E2 E3,6,M
126.0,G#5 G#6 G#4 F2 F3,6,M
126.5,G#5 G#6 C#5 G#4 C#4 F2 F3,6,M
127.0,A5 A6 A4 C#2 C#3,6,M
127.5,A5 A6 C#5 A4 C#4 C#2 C#3,6,M
128.0,B-5 B-6 B-4 F#2 F#3,6,M
128.5,B-5 B-6 C#5 B-4 C#4 F#2 F#3,6,M
128.75,B-5 B-6 B-4 C#5 C#4 F#2 F#3,6,M
129.0,F5 F6 F4 C#4 G#2 G#3,6,M
129.25,C#4 G#2 G#3,6,M
129.5,F#5 F#6 F#4 C#4 B-2 B-3,6,M
129.75,C#4 B-2 B-3,6,M
130.0,G#5 G#6 G#4 B2 B3,6,M
130.5,G#5 G#6 C#5 G#4 C#4 G#2 G#3,6,M
130.75,G#5 G#6 G#4 C#5 C#4 G#2 G#3,6,M
131.0,E-5 E-6 E-4 C#4 C#3,6,M
131.25,C#4 C#3,6,M
131.5,F5 F6 F4 C#4 B2 B3,6,M
131.75,C#4 B2 B3,6,M
132.0,F#5 F#6 F#4 B-2 B-3,6,M
132.5,F#5 F#6 C#5 F#4 C#4 B-2 B-3,6,M
133.0,G5 G6 G4 E2 E3,6,M
133.5,G5 G6 C#5 G4 C#4 E2 E3,6,M
134.0,G#5 G#6 G#4 F2 F3,6,M
134.5,G#5 G#6 C#5 G#4 C#4 F2 F3,6,M
135.0,A5 A6 A4 C#2 C#3,6,M
135.5,A5 A6 C#5 A4 C#4 C#2 C#3,6,M
136.0,B-5 B-6 B-4 C#4 F#2 F#3,6,M
136.25,C#4 F#2 F#3,6,M
136.5,G#5 G#6 G#4 D4 F2 F3,6,M
136.75,D4 F2 F3,6,M
137.0,F#5 F#6 F#4 E-4 E-2 E-3,6,M
137.25,E-4 E-2 E-3,6,M
137.5,G#5 G#6 G#4 B3 F4 G#1 G#2,6,M
137.75,B3 F4 G#1 G#2,6,M
138.0,F5 F6 F4 B-3 D4 B-1 B-2,6,M
138.25,B-3 D4 B-1 B-2,6,M
138.5,B-5 B-4,6,M
138.75,B-5 B-4,6,M
139.0,B-5 B-4,6,M
139.5,B-5 B-4,3,M
140.0,B-6 E-4,3,M
140.125,C7 E-4,3,M
140.25,E-4,3,M
140.33333333333334,B-6 E-4,3,M
140.45833333333334,E-4,3,M
140.5,B-5 G4 B-4 E-4,3,M
140.625,E-4 G4 B-4,3,M
140.66666666666666,C6 E-4 G4 B-4,3,M
140.79166666666666,E-4 G4 B-4,3,M
140.875,B-5 E-4 G4 B-4,3,M
141.0,B-6 E4,3,M
141.125,C7 E4,3,M
141.25,E4,3,M
141.33333333333334,B-6 E4,3,M
141.45833333333334,E4,3,M
141.5,B-5 G4 B-4 E4,3,M
141.625,E4 G4 B-4,3,M
141.66666666666666,C6 E4 G4 B-4,3,M
141.79166666666666,E4 G4 B-4,3,M
141.875,B-5 E4 G4 B-4,3,M
142.0,B-6 F4,3,M
142.125,C7 F4,3,M
142.25,F4,3,M
142.33333333333334,B-6 F4,3,M
142.45833333333334,F4,3,M
142.5,B-5 G#4 B-4 F4,3,M
142.625,F4 G#4 B-4,3,M
142.66666666666666,C6 F4 G#4 B-4,3,M
142.79166666666666,F4 G#4 B-4,3,M
142.875,B-5 F4 G#4 B-4,3,M
143.0,B-6 F#4,3,M
143.125,C7 F#4,3,M
143.25,F#4,3,M
143.33333333333334,B-6 F#4,3,M
143.45833333333334,F#4,3,M
143.5,B-5 B-4 D5 F#4,3,M
143.625,F#4 B-4 D5,3,M
143.66666666666666,C6 F#4 B-4 D5,3,M
143.79166666666666,F#4 B-4 D5,3,M
143.875,B-5 F#4 B-4 D5,3,M
144.0,B-6 G4,3,M
144.125,C7 G4,3,M
144.25,G4,3,M
144.33333333333334,B-6 G4,3,M
144.45833333333334,G4,3,M
144.5,B-5 E-5 G4,3,M
144.625,G4 E-5,3,M
144.66666666666666,C6 G4 E-5,3,M
144.75,C6 B-4 G4,3,M
144.79166666666666,G4 B-4,3,M
144.875,B-5 G4 B-4,3,M
145.0,B-6 F5 D4,3,M
145.125,C7 F5 D4,3,M
145.33333333333334,B-6,3,M
145.5,B-5 G5 E-4,3,M
145.625,G5 E-4,3,M
145.66666666666666,C6 G5 E-4,3,M
145.75,C6,3,M
145.875,B-5,3,M
146.0,B-6 F4,3,M
146.125,C7 F4,3,M
146.25,F4,3,M
146.33333333333334,B-6 F4,3,M
146.45833333333334,F4,3,M
146.5,B-5 G#5 F4,3,M
146.625,F4 G#5,3,M
146.66666666666666,C6 F4 G#5,3,M
146.75,C6 B-4 F4,3,M
146.79166666666666,F4 B-4,3,M
146.875,B-5 F4 B-4,3,M
147.0,B-6 G5 C4,3,M
147.125,C7 G5 C4,3,M
147.33333333333334,B-6,3,M
147.5,B-5 B-4 F5 D4,3,M
147.625,B-4 F5 D4,3,M
147.66666666666666,C6 B-4 F5 D4,3,M
147.75,C6,3,M
147.875,B-5,3,M
148.0,B-6 E-4,3,M
148.125,C7 E-4,3,M
148.25,E-4,3,M
148.33333333333334,B-6 E-4,3,M
148.45833333333334,E-4,3,M
148.5,B-5 G4 B-4 E-4,3,M
148.625,E-4 G4 B-4,3,M
148.66666666666666,C6 E-4 G4 B-4,3,M
148.75,C6 E-4,3,M
148.79166666666666,E-4,3,M
148.875,B-5 E-4,3,M
149.0,B-6 E4,3,M
149.125,C7 E4,3,M
149.25,E4,3,M
149.33333333333334,B-6 E4,3,M
149.45833333333334,E4,3,M
149.5,B-5 C5 G4 E4,3,M
149.625,E4 C5 G4,3,M
149.66666666666666,C6 E4 C5 G4,3,M
149.75,C6 E4,3,M
149.79166666666666,E4,3,M
149.875,B-5 E4,3,M
150.0,B-6 F4,3,M
150.125,C7 F4,3,M
150.25,F4,3,M
150.33333333333334,B-6 F4,3,M
150.45833333333334,F4,3,M
150.5,B-5 G#4 C5 F4,3,M
150.625,F4 G#4 C5,3,M
150.66666666666666,C6 F4 G#4 C5,3,M
150.75,C6 F4,3,M
150.79166666666666,F4,3,M
150.875,B-5 F4,3,M
151.0,B-6 F#4,3,M
151.125,C7 F#4,10,M
151.25,F#4,10,M
151.33333333333334,B-6 F#4,10,M
151.45833333333334,F#4,10,M
151.5,B-5 D5 A4 F#4,10,M
151.625,F#4 D5 A4,10,M
151.66666666666666,C6 F#4 D5 A4,10,M
151.75,C6 F#4,10,M
151.79166666666666,F#4,10,M
151.875,B-5 F#4,10,M
152.0,B-6 G4 B-4,10,M
152.125,C7 G4 B-4,10,M
152.33333333333334,B-6,10,M
152.5,B-5 E4 G4,10,M
152.625,E4 G4,10,M
152.66666666666666,C6 E4 G4,10,M
152.75,C6 B-4,10,M
152.79166666666666,B-4,10,M
152.875,B-5 B-4,10,M
153.0,B-6 F4 G#4,10,M
153.125,C7 F4 G#4,10,M
153.33333333333334,B-6,10,M
153.5,B-5 F4 B-4 B-3,10,M
153.625,F4 B-4 B-3,10,M
153.66666666666666,C6 F4 B-4 B-3,10,M
153.75,C6,10,M
153.875,B-5,10,M
154.0,E-6 E-5 E-4,10,M
154.25,E-4,10,M
154.5,B-6 B-4 B-5 B-3 B-1 B-2,10,M
155.0,E-7 E-5 E-6 E-4 E-2 E-3,10,M
156.0,B-4 D5 B-3 D4 B-2,10,M
156.5,F3,10,M
157.0,B-4 D5 B-3 D4 F2,10,M
157.5,F3,10,M
158.0,D5 B-3 B-2,10,M
158.25,E-5 C4 B-2,10,M
158.5,D5 B-3 F3,10,M
158.75,E-5 C4 F3,10,M
159.0,F5 D4 F2,10,M
159.25,F2,10,M
159.5,D5 B-3 F3,10,M
159.75,F3,10,M
160.0,C5 E-5 C4 E-4 A2,10,M
160.5,F3,10,M
161.0,C5 E-5 C4 E-4 F2,10,M
161.5,F3,10,M
162.0,E-5 C4 A2,10,M
162.25,F5 D4 A2,10,M
162.5,E-5 C4 F3,10,M
162.75,F5 D4 F3,10,M
163.0,G5 E-4 F2,10,M
163.25,F2,10,M
163.5,E-5 C4 F3,10,M
163.75,F3,10,M
164.0,D5 F5 D4 F4 B-2,10,M
164.5,F3,10,M
165.0,D5 F5 D4 F4 F2,10,M
165.5,F3,10,M
166.0,F5 D4 B-2,10,M
166.25,G5 E-4 B-2,10,M
166.5,F5 D4 F3,10,M
166.75,G5 E-4 F3,10,M
167.0,A5 F4 F2,10,M
167.25,F2,10,M
167.5,D5 B-5 D4 B-4 F3,10,M
167.75,F3,10,M
168.0,E-5 B-5 E-4 B-4 C3,10,M
168.5,A5 A4 F3,10,M
169.0,A5 E-5 A4 E-4 F2,10,M
169.25,E-5 E-4 F2,10,M
169.5,G5 G4 F3,10,M
169.75,F3,10,M
170.0,C5 G5 C4 G4 A2,10,M
170.5,F5 F4 F3,10,M
171.0,F5 C5 F4 C4 F2,10,M
171.25,C5 C4 F2,10,M
171.5,E-5 E-4 F3,10,M
171.75,F3,10,M
172.0,B-4 D5 B-3 D4 B-2,10,M
172.5,F3,10,M
173.0,B-4 D5 B-3 D4 F2,10,M
173.5,F3,10,M
174.0,D5 B-3 B-2,10,M
174.25,E-5 C4 B-2,10,M
174.5,D5 B-3 F3,10,M
174.75,E-5 C4 F3,10,M
175.0,F5 D4 F2,10,M
175.25,F2,10,M
175.5,D5 B-3 F3,10,M
175.75,F3,10,M
176.0,C5 E-5 C4 E-4 A2,10,M
176.5,F3,10,M
177.0,C5 E-5 C4 E-4 F2,10,M
177.5,F3,10,M
178.0,E-5 C4 A2,10,M
178.25,F5 D4 A2,10,M
178.5,E-5 C4 F3,10,M
178.75,F5 D4 F3,10,M
179.0,G5 E-4 F2,10,M
179.25,F2,10,M
179.5,E-5 C4 F3,10,M
179.75,F3,10,M
180.0,D5 F5 D4 F4 B-2,10,M
180.5,F3,10,M
181.0,D5 F5 D4 F4 F2,10,M
181.5,F3,10,M
182.0,D5 F5 D4 F4 G2,10,M
182.25,G2,10,M
182.5,E5 G5 E4 G4 B-3,10,M
182.75,B-3,10,M
183.0,F5 A5 F4 A4 G2,10,M
183.25,G2,10,M
183.5,D5 B-5 D4 B-4 G3,10,M
183.75,G3,10,M
184.0,F5 A5 F4 A4 F3 A2,10,M
184.25,A2,10,M
184.5,E5 G5 E4 G4 G3,10,M
185.0,D5 F5 D4 F4 A3 A2,10,M
185.25,A2,10,M
185.5,C#5 E5 C#4 E4 A3,10,M
186.0,D5 F5 D4 F4 D3 D2,10,M
186.5,F5 F4,10,M
186.75,F5 F4,10,M
187.0,F5 F4,10,M
187.5,F5 F4,10,M
188.0,B-5 D6 B-4 D5 B-1 B-2,10,M
188.5,F3 F4,10,M
189.0,B-5 D6 B-4 D5 F1 F2,10,M
189.5,F3 F4,10,M
190.0,D6 B-4 B-1 B-2,10,M
190.25,E-6 C5 B-1 B-2,10,M
190.5,D6 B-4 F3 F4,10,M
190.75,E-6 C5 F3 F4,10,M
191.0,F6 D5 F1 F2,10,M
191.25,F1 F2,10,M
191.5,D6 B-4 F3 F4,10,M
191.75,F3 F4,10,M
192.0,C6 E-6 C5 E-5 A1 A2,10,M
192.5,F3 F4,10,M
193.0,C6 E-6 C5 E-5 F1 F2,10,M
193.5,F3 F4,10,M
194.0,E-6 C5 A1 A2,10,M
194.25,F6 D5 A1 A2,10,M
194.5,E-6 C5 F3 F4,10,M
194.75,F6 D5 F3 F4,10,M
195.0,G6 E-5 F1 F2,10,M
195.25,F1 F2,10,M
195.5,E-6 C5 F3 F4,10,M
195.75,F3 F4,10,M
196.0,D6 F6 D5 F5 B-1 B-2,10,M
196.5,F3 F4,10,M
197.0,D6 F6 D5 F5 F1 F2,10,M
197.5,F3 F4,10,M
198.0,F6 D5 B-1 B-2,10,M
198.25,G6 E-5 B-1 B-2,10,M
198.5,F6 D5 F3 F4,10,M
198.75,G6 E-5 F3 F4,10,M
199.0,A6 F5 F1 F2,10,M
199.25,F1 F2,10,M
199.5,D6 B-6 D5 B-5 F3 F4,10,M
199.75,F3 F4,10,M
200.0,E-6 B-6 E-5 B-5 C2 C3,10,M
200.5,A6 A5 F3 F4,10,M
201.0,A6 E-6 A5 E-5 F1 F2,10,M
201.25,E-6 E-5 F1 F2,10,M
201.5,G6 G5 F3 F4,10,M
201.75,F3 F4,10,M
202.0,C6 G6 C5 G5 A1 A2,10,M
202.5,F6 F5 F3 F4,10,M
203.0,F6 C6 F5 C5 F1 F2,10,M
203.25,C6 C5 F1 F2,10,M
203.5,E-6 E-5 F3 F4,10,M
203.75,F3 F4,10,M
204.0,B-5 D6 B-4 D5 B-1 B-2,10,M
204.5,F3 D4 F4,10,M
205.0,B-5 D6 B-4 D5 A1 A2,10,M
205.5,F3 D4 F4,10,M
206.0,D6 B4 G#1 G#2,10,M
206.25,E6 C5 G#1 G#2,10,M
206.5,D6 B4 F3 D4 F4 G#1 G#2,10,M
206.75,E6 C5 F3 D4 F4 G#1 G#2,10,M
207.0,F6 D5 G1 G2,10,M
207.25,G1 G2,10,M
207.5,D6 B4 F3 D4 F4,10,M
207.75,F3 D4 F4,10,M
208.0,C6 E6 C5 E5 C2 C3,10,M
208.5,G3 E4 G4,?,?
209.0,C6 E6 C5 E5 B1 B2,?,?
209.5,G3 E4 G4,2,m
210.0,E6 C#5 B-1 B-2,2,m
210.25,F6 D5 B-1 B-2,2,m
210.5,E6 C#5 G3 E4 G4 B-1 B-2,2,m
210.75,F6 D5 G3 E4 G4 B-1 B-2,2,m
211.0,G6 E5 A1 A2,2,m
211.25,A1 A2,2,m
211.5,E6 C#5 G3 E4 G4,2,m
211.75,G3 E4 G4,2,m
212.0,D6 F6 D5 F5 D4 D2 D3,2,m
212.5,D6 G6 D5 G5 E4 E2 E3,2,m
213.0,D6 A6 D5 A5 F4 F2 F3,2,m
213.5,D6 B-6 D5 B-5 G4 G2 G3,2,m
214.0,D6 A6 D5 A5 F4 F2 F3,2,m
214.5,D6 B6 D5 B5 G4 G2 G3,2,m
215.0,C#6 G6 C#7 C#5 G5 E4 E2 E3,2,m
215.5,D6 F6 D7 D5 F5 F4 F2 F3,2,m
216.0,F6 A6 F5 A5 G4 G2 G3,2,m
216.25,G4 G2 G3,2,m
216.5,E6 G6 E5 G5,2,m
217.0,D6 F6 D5 F5 A4 A2 A3,2,m
217.25,A4 A2 A3,10,M
217.5,C#6 E6 C#5 E5,10,M
218.0,D6 D5 D4 D2 D3,10,M
218.5,F5 F4,10,M
218.75,F5 F4,10,M
219.0,F5 F4,10,M
219.5,F5 F4,10,M
220.0,D6 F6 D5 F5 F3 B-3 F4 B-1 B-2,10,M
221.0,D6 G6 D5 G5 F3 B-3 F4 B-1 B-2,10,M
221.5,G#5 D6 G#4 D5 F3 B3 F4 B1 B2,10,M
222.0,A5 E-6 A4 E-5 F3 C4 F4 C2 C3,10,M
222.25,A5 E-6 A4 E-5,10,M
222.5,F3,10,M
222.75,G3,10,M
223.0,A3,10,M
223.25,B-3,10,M
223.5,C4,10,M
223.75,D4,10,M
224.0,A5 E-6 A4 E-5 E-4 F2,10,M
224.25,A5 E-6 A4 E-5 D4,10,M
224.5,E-4,10,M
224.75,D4,10,M
225.0,A5 E-6 A4 E-5 F4 F2,10,M
225.25,A5 E-6 A4 E-5 E-4,10,M
225.5,D4,10,M
225.75,C4,10,M
226.0,B-5 B-4 B-3 D4 B-2,10,M
226.25,C6 C5 B-3 D4 B-2,10,M
226.5,D6 D5,10,M
226.75,E-6 E-5,10,M
227.0,F6 F5 B-3 D4 B-2,10,M
227.25,G6 G5 B-3 D4 B-2,10,M
227.5,A6 A5,10,M
227.75,B-6 B-5,10,M
228.0,D6 F6 D5 F5 G#3 G#4 B-1 B-2,10,M
229.0,D6 G6 D5 G5 G3 G4 B-1 B-2,10,M
229.5,D6 D5 G3 G4 B1 B2,10,M
230.0,C6 E-6 C5 E-5 G3 G4 C2 C3,10,M
230.5,D6 D5,10,M
230.75,E-6 E-5,10,M
231.0,F6 F5,10,M
231.25,G6 G5,10,M
231.5,A6 A5,10,M
231.75,B-6 B-5,10,M
232.0,C7 C6 A3 E-4 F4 F2,10,M
232.25,D7 D6 A3 E-4 F4 F2,10,M
232.5,C7 C6,10,M
232.75,B-6 B-5,10,M
233.0,A6 A5 A3 E-4 F4 F2,10,M
233.25,G6 G5 A3 E-4 F4 F2,10,M
233.5,F6 F5,10,M
233.75,E-6 E-5,10,M
234.0,D6 D5 B-3 D4 F4 B-2,10,M
234.25,C6 C5 B-3 D4 F4 B-2,10,M
234.5,B-5 B-4,10,M
234.75,A5 A4,10,M
235.0,B-5 B-4 B-3 D4 F4 B-2,10,M
235.25,C6 C5 B-3 D4 F4 B-2,10,M
235.5,D6 D5,10,M
235.75,E-6 E-5,10,M
236.0,C6 F6 C5 F5 G#4 G#2 G#3,10,M
237.0,B5 G6 B4 G5 G4 G2 G3,10,M
237.5,B-5 D6 B-4 D5 F#4 F#2 F#3,10,M
238.0,A5 E-6 A4 E-5 F4 F2 F3,10,M
238.5,F4,10,M
238.75,G4,10,M
239.0,A4,10,M
239.25,B-4,10,M
239.5,C5,10,M
239.75,D5,10,M
240.0,F6 A6 F5 A5 E-5 F2,10,M
240.25,F6 A6 F5 A5 D5 F2,10,M
240.5,C5,10,M
240.75,B-4,10,M
241.0,F6 A6 F5 A5 A4 F2,10,M
241.25,F6 A6 F5 A5 G4 F2,10,M
241.5,F4,10,M
241.75,E-4,10,M
242.0,D6 F6 B-6 D5 F5 B-5 D4 B-2,10,M
242.25,D6 F6 B-6 D5 F5 B-5 C4 B-2,10,M
242.5,B-3,10,M
242.75,A3,10,M
243.0,D6 F6 B-6 D5 F5 B-5 B-3 B-2,10,M
243.25,D6 F6 B-6 D5 F5 B-5 C4 B-2,10,M
243.5,D4,10,M
243.75,E-4,10,M
244.0,B-5 F6 B-4 F5 F4 C#2 C#3,10,M
245.0,B-5 G6 B-4 G5 E4 C2 C3,10,M
245.5,B-5 D6 B-4 D5 E4 F#2 F#3,10,M
246.0,A5 E-6 A4 E-5 E-4 F2 F3,10,M
246.25,E-4 F2 F3,10,M
246.5,G6 G5,10,M
246.75,F6 F5,10,M
247.0,E-6 E-5,10,M
247.25,D6 D5,10,M
247.5,C6 C5,10,M
247.75,B-5 B-4,10,M
248.0,A5 A4 C4 E-4 F4 F2 F3,10,M
248.25,B-5 B-4 C4 E-4 F4 F2 F3,10,M
248.5,C6 C5,10,M
248.75,D6 D5,10,M
249.0,E-6 E-5 C4 E-4 F4 F2 F3,10,M
249.25,F6 F5 C4 E-4 F4 F2 F3,10,M
249.5,G6 G5,10,M
249.75,A6 A5,10,M
250.0,B-6 B-5 B-3 D4 F4 B-1 B-2,10,M
250.5,B-5 B-4,10,M
250.75,B-5 B-4,10,M
251.0,B-5 B-4,10,M
251.5,B-5 B-4,3,M
252.0,E-4,3,M
252.5,G5 B-5 B-4 E-4,3,M
253.0,E4,3,M
253.5,G5 B-5 B-4 E4,3,M
254.0,F4,3,M
254.5,G#5 B-5 B-4 F4,3,M
255.0,F#4,3,M
255.5,G#5 B-5 B-4 F#4,3,M
256.0,G4,3,M
256.5,E-5 B-5 B-4 G4,3,M
256.75,E-5 B-5 B-4 G4,3,M
257.0,F5 B-5 B-4 D4,3,M
257.5,G5 B-5 B-4 E-4,3,M
258.0,F4,3,M
258.5,G#5 B-5 B-4 F4,3,M
258.75,G#5 B-5 B-4 F4,3,M
259.0,G5 B-5 B-4 C4,3,M
259.5,F5 B-5 B-4 D4,3,M
260.0,E-4,3,M
260.5,G5 B-5 B-4 E-4,3,M
261.0,E4,3,M
261.5,G5 C6 B-4 E4,3,M
262.0,F4,3,M
262.5,G#5 C6 B-4 F4,3,M
263.0,F#4,3,M
263.5,A5 D6 B-4 F#4,3,M
264.0,B-5 B-4 G4,3,M
264.25,B-5 B-4,3,M
264.5,G5 B-5 B-4 E4,3,M
264.75,G5 B-5 B-4,3,M
265.0,G#5 B-5 B-4 F4,3,M
265.5,F5 B-5 B-4 B-3,3,M
266.0,E-5 B-5 B-4 E-4,3,M
266.5,E-6 E-5,3,M
266.75,E-6 E-5,3,M
267.0,E-6 E-5,3,M
267.5,E-6 E-5,6,M
268.0,F#5 F#6 F#4 F#2 F#3,6,M
268.5,F#5 F#6 C#5 F#4 C#4 F#2 F#3,6,M
269.0,G5 G6 G4 E2 E3,6,M
269.5,G5 G6 C#5 G4 C#4 E2 E3,6,M
270.0,G#5 G#6 G#4 F2 F3,6,M
270.5,G#5 G#6 C#5 G#4 C#4 F2 F3,6,M
271.0,A5 A6 A4 C#2 C#3,6,M
271.5,A5 A6 C#5 A4 C#4 C#2 C#3,6,M
272.0,B-5 B-6 B-4 F#2 F#3,6,M
272.5,B-5 B-6 C#5 B-4 C#4 F#2 F#3,6,M
272.75,B-5 B-6 B-4 C#5 C#4 F#2 F#3,6,M
273.0,F5 F6 F4 C#4 G#2 G#3,6,M
273.25,C#4 G#2 G#3,6,M
273.5,F#5 F#6 F#4 C#4 B-2 B-3,6,M
273.75,C#4 B-2 B-3,6,M
274.0,G#5 G#6 G#4 B2 B3,6,M
274.5,G#5 G#6 C#5 G#4 C#4 G#2 G#3,6,M
274.75,G#5 G#6 G#4 C#5 C#4 G#2 G#3,6,M
275.0,E-5 E-6 E-4 C#4 C#3,6,M
275.25,C#4 C#3,6,M
275.5,F5 F6 F4 C#4 B2 B3,6,M
275.75,C#4 B2 B3,6,M
276.0,F#5 F#6 F#4 B-2 B-3,6,M
276.5,F#5 F#6 C#5 F#4 C#4 B-2 B-3,6,M
277.0,G5 G6 G4 E2 E3,6,M
277.5,G5 G6 C#5 G4 C#4 E2 E3,6,M
278.0,G#5 G#6 G#4 F2 F3,6,M
278.5,G#5 G#6 C#5 G#4 C#4 F2 F3,6,M
279.0,A5 A6 A4 C#2 C#3,6,M
279.5,A5 A6 C#5 A4 C#4 C#2 C#3,6,M
280.0,B-5 B-6 B-4 C#4 F#2 F#3,6,M
280.25,C#4 F#2 F#3,6,M
280.5,G#5 G#6 G#4 D4 F2 F3,6,M
280.75,D4 F2 F3,6,M
281.0,F#5 F#6 F#4 E-4 E-2 E-3,6,M
281.25,E-4 E-2 E-3,6,M
281.5,G#5 G#6 G#4 B3 F4 G#1 G#2,6,M
281.75,B3 F4 G#1 G#2,6,M
282.0,F5 F6 F4 B-3 D4 B-1 B-2,6,M
282.25,B-3 D4 B-1 B-2,6,M
282.5,B-5 B-4,6,M
282.75,B-5 B-4,6,M
283.0,B-5 B-4,6,M
283.5,B-5 B-4,3,M
284.0,B-6 E-4,3,M
284.125,C7 E-4,3,M
284.25,E-4,3,M
284.3333333333333,B-6 E-4,3,M
284.4583333333333,E-4,3,M
284.5,B-5 G4 B-4 E-4,3,M
284.625,E-4 G4 B-4,3,M
284.6666666666667,C6 E-4 G4 B-4,3,M
284.7916666666667,E-4 G4 B-4,3,M
284.875,B-5 E-4 G4 B-4,3,M
285.0,B-6 E4,3,M
285.125,C7 E4,3,M
285.25,E4,3,M
285.3333333333333,B-6 E4,3,M
285.4583333333333,E4,3,M
285.5,B-5 G4 B-4 E4,3,M
285.625,E4 G4 B-4,3,M
285.6666666666667,C6 E4 G4 B-4,3,M
285.7916666666667,E4 G4 B-4,3,M
285.875,B-5 E4 G4 B-4,3,M
286.0,B-6 F4,3,M
286.125,C7 F4,3,M
286.25,F4,3,M
286.3333333333333,B-6 F4,3,M
286.4583333333333,F4,3,M
286.5,B-5 G#4 B-4 F4,3,M
286.625,F4 G#4 B-4,3,M
286.6666666666667,C6 F4 G#4 B-4,3,M
286.7916666666667,F4 G#4 B-4,3,M
286.875,B-5 F4 G#4 B-4,3,M
287.0,B-6 F#4,3,M
287.125,C7 F#4,3,M
287.25,F#4,3,M
287.3333333333333,B-6 F#4,3,M
287.4583333333333,F#4,3,M
287.5,B-5 B-4 D5 F#4,3,M
287.625,F#4 B-4 D5,3,M
287.6666666666667,C6 F#4 B-4 D5,3,M
287.7916666666667,F#4 B-4 D5,3,M
287.875,B-5 F#4 B-4 D5,3,M
288.0,B-6 G4,3,M
288.125,C7 G4,3,M
288.25,G4,3,M
288.3333333333333,B-6 G4,3,M
288.4583333333333,G4,3,M
288.5,B-5 E-5 G4,3,M
288.625,G4 E-5,3,M
288.6666666666667,C6 G4 E-5,3,M
288.75,C6 B-4 G4,3,M
288.7916666666667,G4 B-4,3,M
288.875,B-5 G4 B-4,3,M
289.0,B-6 F5 D4,3,M
289.125,C7 F5 D4,3,M
289.3333333333333,B-6,3,M
289.5,B-5 G5 E-4,3,M
289.625,G5 E-4,3,M
289.6666666666667,C6 G5 E-4,3,M
289.75,C6,3,M
289.875,B-5,3,M
290.0,B-6 F4,3,M
290.125,C7 F4,3,M
290.25,F4,3,M
290.3333333333333,B-6 F4,3,M
290.4583333333333,F4,3,M
290.5,B-5 G#5 F4,3,M
290.625,F4 G#5,3,M
290.6666666666667,C6 F4 G#5,3,M
290.75,C6 B-4 F4,3,M
290.7916666666667,F4 B-4,3,M
290.875,B-5 F4 B-4,3,M
291.0,B-6 G5 C4,3,M
291.125,C7 G5 C4,3,M
291.3333333333333,B-6,3,M
291.5,B-5 B-4 F5 D4,3,M
291.625,B-4 F5 D4,3,M
291.6666666666667,C6 B-4 F5 D4,3,M
291.75,C6,3,M
291.875,B-5,3,M
292.0,B-6 E-4,3,M
292.125,C7 E-4,3,M
292.25,E-4,3,M
292.3333333333333,B-6 E-4,3,M
292.4583333333333,E-4,3,M
292.5,B-5 G4 B-4 E-4,3,M
292.625,E-4 G4 B-4,3,M
292.6666666666667,C6 E-4 G4 B-4,3,M
292.75,C6 E-4,3,M
292.7916666666667,E-4,3,M
292.875,B-5 E-4,3,M
293.0,B-6 E4,3,M
293.125,C7 E4,3,M
293.25,E4,3,M
293.3333333333333,B-6 E4,3,M
293.4583333333333,E4,3,M
293.5,B-5 C5 G4 E4,3,M
293.625,E4 C5 G4,3,M
293.6666666666667,C6 E4 C5 G4,3,M
293.75,C6 E4,3,M
293.7916666666667,E4,3,M
293.875,B-5 E4,3,M
294.0,B-6 F4,3,M
294.125,C7 F4,3,M
294.25,F4,3,M
294.3333333333333,B-6 F4,3,M
294.4583333333333,F4,3,M
294.5,B-5 G#4 C5 F4,3,M
294.625,F4 G#4 C5,3,M
294.6666666666667,C6 F4 G#4 C5,3,M
294.75,C6 F4,3,M
294.7916666666667,F4,3,M
294.875,B-5 F4,3,M
295.0,B-6 F#4,3,M
295.125,C7 F#4,8,m
295.25,F#4,8,m
295.3333333333333,B-6 F#4,8,m
295.4583333333333,F#4,8,m
295.5,B-5 D5 A4 F#4,8,m
295.625,F#4 D5 A4,8,m
295.6666666666667,C6 F#4 D5 A4,8,m
295.75,C6 F#4,8,m
295.7916666666667,F#4,8,m
295.875,B-5 F#4,8,m
296.0,B-6 G4 B-4,8,m
296.125,C7 G4 B-4,8,m
296.3333333333333,B-6,8,m
296.5,B-5 E4 G4,8,m
296.625,E4 G4,8,m
296.6666666666667,C6 E4 G4,8,m
296.75,C6 B-4,8,m
296.7916666666667,B-4,8,m
296.875,B-5 B-4,8,m
297.0,B-6 F4 G#4,8,m
297.125,C7 F4 G#4,8,m
297.3333333333333,B-6,8,m
297.5,B-5 F4 B-4 B-3,8,m
297.625,F4 B-4 B-3,8,m
297.6666666666667,C6 F4 B-4 B-3,8,m
297.75,C6,8,m
297.875,B-5,8,m
298.0,E-6 E-5 E-4,8,m
298.25,E-4,8,m
298.5,B-6 B-4 B-5 B-3 B-1 B-2,8,m
299.0,E-7 E-5 E-6 E-4 E-2 E-3,8,m
300.0,G#6 B6 G#5 B5 G#3 G#1 G#2,8,m
300.25,E7 E6 G#3 G#1 G#2,8,m
300.5,G#6 B6 G#5 B5 B-3 B-2,8,m
300.75,E7 E6 B-3 B-2,8,m
301.0,G#6 B6 G#5 B5 B3 B1 B2,8,m
301.25,E7 E6 B3 B1 B2,8,m
301.5,G#6 B6 G#5 B5 C#4 C#3,8,m
301.75,E7 E6 C#4 C#3,8,m
302.0,G6 B-6 E-7 G5 B-5 E-6 E-4 E-2 E-3,8,m
302.25,G5 B-5 E-6 E-4 E-2 E-3,8,m
302.5,B-5 B-3 B-4,8,m
303.0,E-6 E-4 E-5,8,m
304.0,G#6 B6 G#5 B5 G#3 G#1 G#2,8,m
304.25,E7 E6 G#3 G#1 G#2,8,M
304.5,G#6 B6 G#5 B5 B-3 B-2,8,M
304.75,E7 E6 B-3 B-2,8,M
305.0,G#6 B6 G#5 B5 B3 B1 B2,8,M
305.25,E7 E6 B3 B1 B2,8,M
305.5,G#6 B6 G#5 B5 C#4 C#3,8,M
305.75,E7 E6 C#4 C#3,8,M
306.0,G6 B-6 E-7 G5 B-5 E-6 E-4 E-2 E-3,8,M
306.5,B-6 B-5 B-4,8,M
306.75,B-6 B-5 B-4,8,M
307.0,E-7 E-6 E-5,8,M
307.5,B-6 B-5 B-4,8,M
308.0,C#7 C#6 C#5,8,M
308.5,G5 G4,8,M
308.75,G5 G4,8,M
309.0,B-5 B-4,8,M
309.5,C#5 C#4,8,M
310.0,F5 F4,8,M
310.5,B-3,8,M
310.75,B-3,8,M
311.0,C#4,8,M
311.5,G3,8,M
312.0,G#5 C6 E-6 G#6 G#4 C5 E-5 G#3 C4 E-4 G#1 G#2,8,M
313.0,E-3 G#3 C4 G#1 G#2,8,M
314.0,E-3 G#3 C4 E-4 G#1 G#2,8,M
315.0,E-3 G#3 C4 E-4 G#1 G#2,8,M
316.0,E-3 G#3 C4 E-4 G#1 G#2,8,M
317.0,E-3 G#3 C4 E-4 G#1 G#2,8,M
318.0,E-3 G#3 C4 E-4 G#1 G#2,8,M
319.0,E-3 G#3 C4 E-4 G#1 G#2,8,M
320.0,E-4 E-3 G#3 C4 G#1 G#2,8,M
320.5,E-4,8,M
321.0,G#4 E-3 G#3 C4 G#1 G#2,8,M
321.5,G#4,8,M
322.0,C5 E-3 G#3 C4 G#1 G#2,8,M
322.5,C5,8,M
323.0,E-5 E-3 G#3 C4 G#1 G#2,8,M
323.5,E-5,8,M
324.0,D5 E3 B3 G#1 G#2,8,M
324.25,E3 B3 G#1 G#2,8,M
324.5,C#5,8,M
325.0,B4 E3 B3 D4 G#1 G#2,8,M
325.5,B4,?,?
326.0,B4 E3 B3 D4 G#1 G#2,?,?
326.5,C#5,?,?
326.75,B4,?,?
327.0,A4 E3 B3 D4 G#1 G#2,?,?
327.25,E3 B3 D4 G#1 G#2,8,m
327.5,G#4,8,m
328.0,E-4 E-3 C4 G#1 G#2,8,m
328.5,E-4,8,m
329.0,G#4 E-3 G#3 C4 G#1 G#2,8,m
329.5,G#4,8,m
330.0,C5 E-3 G#3 C4 G#1 G#2,8,m
330.5,C5,8,m
331.0,E-5 E-3 G#3 C4 G#1 G#2,8,m
331.5,E-5,8,m
332.0,D5 E3 B3 G#1 G#2,8,m
332.25,E3 B3 G#1 G#2,8,m
332.5,C#5,8,m
333.0,B4 E3 B3 D4 G#1 G#2,8,m
333.5,B4,8,m
334.0,B4 E3 B3 D4 G#1 G#2,8,m
334.5,C#5,8,M
334.75,B4,8,M
335.0,A4 E3 B3 D4 G#1 G#2,8,M
335.25,E3 B3 D4 G#1 G#2,8,M
335.5,G#4,8,M
336.0,E-4 E-3 B-3 C#4 G1 G2,8,M
336.5,G4,8,M
337.0,G4 E-3 B-3 C#4 G1 G2,8,M
337.5,F4,8,M
338.0,E-4 E-3 G#3 C4 G#1 G#2,8,M
338.5,C5,8,M
339.0,C5 E-3 G#3 C4 G#1 G#2,8,M
339.5,G#4,8,M
340.0,G4 G3 C#4 E-4 B-1 B-2,8,M
340.5,C#5,8,M
341.0,C#5 G3 C#4 E-4 B-1 B-2,8,M
341.5,B-4,8,M
342.0,G#4 G#3 C4 E-4 C2 C3,8,M
342.5,F5,8,M
343.0,F5 G#3 C4 E-4 C2 C3,8,M
343.5,E-5,3,M
344.0,B-4 G3 B-3 E-4 B-1 B-2,3,M
344.5,C5 B-4,3,M
345.0,D5 C5 G3 B-3 E-4 B-1 B-2,3,M
345.5,E-5 D5,3,M
346.0,G#4 E-5 B-3 D4 F4 B-1 B-2,3,M
346.5,B-4 G#4,3,M
347.0,C5 B-4 B-3 D4 F4 B-1 B-2,3,M
347.5,D5 C5,3,M
348.0,G4 D5 B-3 F4 E-2 E-3,3,M
348.5,G#4 G4,3,M
349.0,B-4 G#4 G3 B-3 E-4 E-2 E-3,3,M
349.5,C5 B-4,3,M
350.0,C5 F4 F3 G#3 E-4 E-2 E-3,3,M
350.5,G4 F4,3,M
351.0,G#4 G4 G3 B-3 C#4 E-2 E-3,3,M
351.5,B-4 G#4,3,M
352.0,E-5 E-4 E-3 G#3 C4 G#1,3,M
352.25,E-5 E-4 E-3 G#3 C4,3,M
352.5,E-5 E-4 E-2 G#2 C3,3,M
352.75,E-5 E-4,3,M
353.0,G#5 G#4 G#1,3,M
353.25,G#5 G#4,8,M
353.5,G#5 G#4 E-2 G#2 C3,8,M
353.75,G#5 G#4,8,M
354.0,C6 C5 E-3 G#3 C4 G#1,8,M
354.25,C6 C5 E-3 G#3 C4,8,M
354.5,C6 C5 E-2 G#2 C3,8,M
354.75,C6 C5,8,M
355.0,E-6 E-5 G#1,8,M
355.25,E-6 E-5,8,M
355.5,E-6 E-5 E-2 G#2 C3,8,M
355.75,E-6 E-5,8,M
356.0,D6 D5 E3 G#1,8,M
356.25,E3,8,M
356.5,C#6 C#5 E3 E2 G#2 B2,8,M
356.75,E3,8,M
357.0,B5 B4 G#3 G#1,8,M
357.25,B5 B4 G#3,8,m
357.5,B5 B4 G#3 E2 G#2 B2,8,m
357.75,B5 B4 G#3,8,m
358.0,B5 B4 B3 G#1,8,m
358.25,B5 B4 B3,8,m
358.5,C#6 C#5 B3 E2 G#2 B2,8,m
358.75,B5 B4 B3,8,m
359.0,A5 A4 D4 G#1,8,m
359.25,D4,8,m
359.5,G#5 G#4 D4 E2 G#2 B2,8,m
359.75,D4,8,m
360.0,E-5 E-4 C4 G#1,8,m
360.25,E-5 E-4,8,m
360.5,E-5 E-4 B-3 E-2 G#2 C3,8,m
360.75,E-5 E-4,8,m
361.0,G#5 G#4 G#3 G#1,8,m
361.25,G#5 G#4 G#3,8,m
361.5,G#5 G#4 G#3 E-2 G#2 C3,8,m
361.75,G#5 G#4 G#3,8,m
362.0,C6 C5 G#3 G#1,8,m
362.25,C6 C5 G#3,8,m
362.5,C6 C5 B-3 E-2 G#2 C3,8,m
362.75,C6 C5 G#3,8,m
363.0,E-6 E-5 G3 G#1,8,m
363.25,E-6 E-5,8,m
363.5,E-6 E-5 G#3 E-2 G#2 C3,8,m
363.75,E-6 E-5,8,m
364.0,D6 D5 E3 G#1,8,m
364.25,E3,8,m
364.5,C#6 C#5 E3 E2 B2,8,m
364.75,E3,8,m
365.0,B5 B4 G#3 G#1,8,m
365.25,B5 B4 G#3,8,m
365.5,B5 B4 G#3 E2 B2,8,m
365.75,B5 B4 G#3,8,m
366.0,B5 B4 B3 G#1,8,m
366.25,B5 B4 B3,8,m
366.5,C#6 C#5 B3 E2 B2,8,m
366.75,B5 B4 B3,8,m
367.0,A5 A4 D4 G#1,8,m
367.25,D4,8,m
367.5,G#5 G#4 D4 E2 B2,8,m
367.75,D4,8,m
368.0,E6 E5 C#4 A1,8,m
368.25,E6 E5 C#4,8,m
368.5,E6 E5 B3 E2 C#3,8,m
368.75,E6 E5 B3,8,m
369.0,E6 E5 A3 A1,8,m
369.25,E6 E5 A3,8,m
369.5,E6 E5 G#3 E2 C#3,8,m
369.75,E6 E5 G#3,8,m
370.0,E-6 E-5 G3 B-1,8,m
370.25,E-6 E-5 G3,8,m
370.5,C#6 C#5 G3 E-2 G2,8,m
370.75,C#6 C#5 G3,8,m
371.0,C6 C5 E-4 B-1,8,m
371.25,C6 C5 E-4,8,m
371.5,B-5 B-4 E-4 E-2 G2,8,m
371.75,B-5 B-4 E-4,8,m
372.0,B-5 B-4 D4 C2,8,m
372.25,B-5 B-4 D4,8,M
372.5,B-5 B-4 F4 E-2 G#2,8,M
372.75,B-5 B-4 F4,8,M
373.0,B-5 B-4 E-4 C2,8,M
373.25,B-5 B-4 E-4,8,M
373.5,G#5 G#4 G#3 E-2 G#2,8,M
373.75,G#5 G#4 G#3,8,M
374.0,G5 G4 G#3 F2,8,M
374.25,G5 G4 G#3,8,M
374.5,B-5 B-4 G#3 G#2 D3,8,M
374.75,B-5 B-4 G#3,8,M
375.0,G#5 G#4 G#3 F2,8,M
375.25,G#5 G#4 G#3,8,M
375.5,D5 D4 B-3 G#2 D3,8,M
375.75,D5 D4 B-3,8,M
376.0,F5 F4 C4 E-2 E-3,8,M
376.125,G5 G4 C4 E-2 E-3,8,M
376.25,C4 E-2 E-3,8,M
376.3333333333333,F5 F4 C4 E-2 E-3,8,M
376.4583333333333,C4 E-2 E-3,8,M
376.5,G5 G4 G#3 C4,8,M
376.625,G#3 C4,8,M
376.6666666666667,F5 F4 G#3 C4,8,M
376.7916666666667,G#3 C4,8,M
376.875,G5 G4 G#3 C4,8,M
377.0,F5 F4 E-2 E-3,8,M
377.125,G5 G4 E-2 E-3,8,M
377.25,E-2 E-3,8,M
377.3333333333333,F5 F4 E-2 E-3,8,M
377.4583333333333,E-2 E-3,8,M
377.5,D5 D4 G#3 C4,8,M
377.625,G#3 C4,8,M
377.75,E-5 E-4 G#3 C4,8,M
377.875,G#3 C4,8,M
378.0,G5 G4 E-2 E-3,8,M
378.125,G#5 G#4 E-2 E-3,8,M
378.25,E-2 E-3,8,M
378.3333333333333,G5 G4 E-2 E-3,8,M
378.4583333333333,E-2 E-3,8,M
378.5,G#5 G#4 G#3 C4,8,M
378.625,G#3 C4,8,M
378.6666666666667,G5 G4 G#3 C4,8,M
378.7916666666667,G#3 C4,8,M
378.875,G#5 G#4 G#3 C4,8,M
379.0,G5 G4 E-2 E-3,8,M
379.125,G#5 G#4 E-2 E-3,8,M
379.25,E-2 E-3,8,M
379.3333333333333,G5 G4 E-2 E-3,8,M
379.4583333333333,E-2 E-3,8,M
379.5,E-5 E-4 G#3 C4,8,M
379.625,G#3 C4,8,M
379.75,F5 F4 G#3 C4,8,M
379.875,G#3 C4,8,M
380.0,G#5 G#4 E-2 E-3,8,M
380.125,B-5 B-4 E-2 E-3,3,M
380.25,E-2 E-3,3,M
380.3333333333333,G#5 G#4 E-2 E-3,3,M
380.4583333333333,E-2 E-3,3,M
380.5,B-5 B-4 G#3 B3 E-4,3,M
380.625,G#3 B3 E-4,3,M
380.6666666666667,G#5 G#4 G#3 B3 E-4,3,M
380.7916666666667,G#3 B3 E-4,3,M
380.875,B-5 B-4 G#3 B3 E-4,3,M
381.0,G#5 G#4 E-2 E-3,3,M
381.125,B-5 B-4 E-2 E-3,3,M
381.25,E-2 E-3,3,M
381.3333333333333,G#5 G#4 E-2 E-3,3,M
381.4583333333333,E-2 E-3,3,M
381.5,F5 F4 G#3 B3 E-4,3,M
381.625,G#3 B3 E-4,3,M
381.75,G5 G4 G#3 B3 E-4,3,M
381.875,G#3 B3 E-4,3,M
382.0,B-5 B-4 E-2 E-3,3,M
382.125,B5 B4 E-2 E-3,3,M
382.25,E-2 E-3,3,M
382.3333333333333,B-5 B-4 E-2 E-3,3,M
382.4583333333333,E-2 E-3,3,M
382.5,B5 B4 G#3 B3 E-4,3,M
382.625,G#3 B3 E-4,3,M
382.6666666666667,B-5 B-4 G#3 B3 E-4,3,M
382.7916666666667,G#3 B3 E-4,3,M
382.875,B5 B4 G#3 B3 E-4,3,M
383.0,B-5 B-4 E-2 E-3,3,M
383.125,B5 B4 E-2 E-3,3,M
383.25,E-2 E-3,3,M
383.3333333333333,B-5 B-4 E-2 E-3,3,M
383.4583333333333,E-2 E-3,3,M
383.5,G5 G4 G#3 B3 E-4,3,M
383.625,G#3 B3 E-4,3,M
383.75,G#5 G#4 G#3 B3 E-4,3,M
383.875,G#3 B3 E-4,3,M
384.0,B-5 B-4 F3 B-3 D2 D3,3,M
385.0,C6 C5 G3 B-3 C4 E-2 E-3,3,M
385.5,G5 G4 B-3 C#4 E2 E3,3,M
386.0,G#5 G#4 B-3 D4 F2 F3,3,M
386.5,B-4,3,M
386.75,C5,3,M
387.0,D5,3,M
387.25,E-5,3,M
387.5,F5,3,M
387.75,G5,3,M
388.0,G#5 B-3 D4 F4 G#4 B-1 B-2,3,M
388.25,G5 B-3 D4 F4 G#4 B-1 B-2,3,M
388.5,G#5,3,M
388.75,G5,3,M
389.0,B-5 B-3 D4 F4 G#4 B-1 B-2,3,M
389.25,G#5 B-3 D4 F4 G#4 B-1 B-2,3,M
389.5,G5,3,M
389.75,F5,3,M
390.0,E-5 B-3 E-4 G4 E-2 E-3,3,M
390.25,F5 B-3 E-4 G4 E-2 E-3,3,M
390.5,G5,3,M
390.75,G#5,3,M
391.0,B-5 B-3 E-4 G4 E-2 E-3,3,M
391.25,C6 B-3 E-4 G4 E-2 E-3,3,M
391.5,D6,3,M
391.75,E-6,3,M
392.0,C6 C5 G3 C4 G4 E2 E3,3,M
393.0,C#6 C#5 G#3 C4 G#4 F2 F3,3,M
393.5,A5 A4 A3 C4 F#2 F#3,5,M
394.0,B-5 B-4 C4 E4 G2 G3,5,M
394.5,C5 C4,5,M
394.75,D5 D4,5,M
395.0,E5 E4,5,M
395.25,F5 F4,5,M
395.5,G5 G4,5,M
395.75,G#5 G#4,5,M
396.0,B-5 B-4 G3 C4 E4 C2 C3,5,M
396.25,A5 A4 G3 C4 E4 C2 C3,7,m
396.5,B-5 B-4,7,m
396.75,A5 A4,7,m
397.0,C6 C5 G3 C4 E4 C2 C3,7,m
397.25,B-5 B-4 G3 C4 E4 C2 C3,7,m
397.5,G#5 G#4,7,m
397.75,G5 G4,7,m
398.0,F5 F4 G#3 C4 F2 F3,7,m
398.25,E5 E4 G#3 C4 F2 F3,7,m
398.5,F5 F4,7,m
398.75,G5 G4,7,m
399.0,B-5 B-4 G#3 C4 F2 F3,7,m
399.25,G#5 G#4 G#3 C4 F2 F3,7,m
399.5,G5 G4,7,m
399.75,F5 F4,7,m
400.0,D6 D5 A3 D4 F#2,7,m
401.0,E-6 E-5 B-3 E-4 G2,7,m
401.5,B5 B4 D4 G4 B-2,7,m
402.0,C6 C5 C4 F#4 A2,7,m
402.5,F#5,7,m
402.75,G5,7,m
403.0,A5 A4,7,m
403.25,B-5 B-4,7,m
403.5,C6 C5,7,m
403.75,C#6 C#5,7,m
404.0,D6 D5 A3 D4 F#2,7,m
405.0,E-6 E-5 B-3 E-4 G2,7,m
405.5,B5 B4 D4 G4 B-2,7,m
406.0,C5 C4 F#4 A2,7,m
406.5,F#5,7,m
406.75,G5,7,m
407.0,A5 A4,7,m
407.25,B-5 B-4,7,m
407.5,C6 C5,7,m
407.75,C#6 C#5,7,m
408.0,D6 D5 A3 D4 F#2,7,m
409.0,E-6 E-5 B-3 E-4 G2,7,m
409.5,C6 C5 C4 G4 A2,7,m
410.0,D6 D5 A3 D4 F#2,7,m
411.0,E-6 E-5 B-3 E-4 G2,10,M
411.5,C6 C5 C4 G4 A2,10,M
412.0,D6 D5 A3 D4 F#2,10,M
413.0,E-6 E-5 A3 E-4 F2,10,M
413.5,C6 C5 C4 F4 A2,10,M
414.0,E-6 E-5 A3 E-4 F2,10,M
414.5,C6 C5 C4 F4 A2,10,M
415.0,E-6 E-5 A3 E-4 F2,10,M
415.5,C6 C5 C4 F4 A2,10,M
416.0,B-5 D6 B-4 D5 B-2,10,M
416.5,B-3 D4 F4,10,M
417.0,B-5 D6 B-4 D5 F2,10,M
417.5,B-3 D4 F4,10,M
418.0,D6 B-4 B-2,10,M
418.25,E-6 C5 B-2,10,M
418.5,D6 B-4 B-3 D4 F4,10,M
418.75,E-6 C5 B-3 D4 F4,10,M
419.0,F6 D5 F2,10,M
419.25,F2,10,M
419.5,D6 B-4 B-3 D4 F4,10,M
419.75,B-3 D4 F4,10,M
420.0,C6 E-6 C5 E-5 A2,10,M
420.5,C4 E-4 F4,10,M
421.0,C6 E-6 C5 E-5 F2,10,M
421.5,C4 E-4 F4,10,M
422.0,E-6 C5 A2,10,M
422.25,F6 D5 A2,10,M
422.5,E-6 C5 C4 E-4 F4,10,M
422.75,F6 D5 C4 E-4 F4,10,M
423.0,G6 E-5 F2,10,M
423.25,F2,10,M
423.5,E-6 C5 C4 E-4 F4,10,M
423.75,C4 E-4 F4,10,M
424.0,D6 F6 D5 F5 B-2,10,M
424.5,D4 F4 B-4,10,M
425.0,D6 F6 D5 F5 F2,10,M
425.5,D4 F4 B-4,10,M
426.0,F6 D5 B-2,10,M
426.25,G6 E-5 B-2,10,M
426.5,F6 D5 D4 F4 B-4,10,M
426.75,G6 E-5 D4 F4 B-4,10,M
427.0,A6 F5 F2,10,M
427.25,F2,10,M
427.5,D6 B-6 D5 B-5 D4 F4 B-4,10,M
427.75,D4 F4 B-4,10,M
428.0,E-6 B-6 E-5 B-5 C3,10,M
428.5,A6 A5 F3 F4,10,M
429.0,E-6 A6 E-5 A5 F2,10,M
429.25,F2,10,M
429.5,G6 G5 F3 F4,10,M
429.75,F3 F4,10,M
430.0,C6 G6 C5 G5 A2,10,M
430.5,F6 F5 F3 F4,10,M
431.0,C6 F6 C5 F5 F2,10,M
431.25,F2,10,M
431.5,E-6 E-5 F3 F4,10,M
431.75,F3 F4,10,M
432.0,B-5 D6 B-4 D5 B-1 B-2,10,M
432.5,F3 B-3 D4 F4,10,M
433.0,B-5 D6 B-4 D5 F1 F2,10,M
433.5,F3 B-3 D4 F4,10,M
434.0,B-5 D6 B-4 D5 B-1 B-2,10,M
434.25,C6 E-6 C5 E-5 B-1 B-2,10,M
434.5,B-5 D6 B-4 D5 F3 B-3 D4 F4,10,M
434.75,C6 E-6 C5 E-5 F3 B-3 D4 F4,10,M
435.0,D6 F6 D5 F5 F1 F2,10,M
435.25,F1 F2,10,M
435.5,B-5 D6 B-4 D5 F3 B-3 D4 F4,10,M
435.75,F3 B-3 D4 F4,10,M
436.0,C6 E-6 C5 E-5 A1 A2,10,M
436.5,F3 C4 E-4 F4,10,M
437.0,C6 E-6 C5 E-5 F1 F2,10,M
437.5,F3 C4 E-4 F4,10,M
438.0,C6 E-6 C5 E-5 A1 A2,10,M
438.25,D6 F6 D5 F5 A1 A2,10,M
438.5,C6 E-6 C5 E-5 F3 C4 E-4 F4,10,M
438.75,D6 F6 D5 F5 F3 C4 E-4 F4,10,M
439.0,E-6 G6 E-5 G5 F1 F2,10,M
439.25,F1 F2,10,M
439.5,C6 E-6 C5 E-5 F3 C4 E-4 F4,10,M
439.75,F3 C4 E-4 F4,10,M
440.0,D6 F6 D5 F5 B-1 B-2,10,M
440.5,B-3 D4 F4 B-4,10,M
441.0,D6 F6 D5 F5 F1 F2,10,M
441.5,B-3 D4 F4 B-4,10,M
442.0,D6 F6 D5 F5 B-1 B-2,10,M
442.25,E-6 G6 E-5 G5 B-1 B-2,10,M
442.5,D6 F6 D5 F5 B-3 D4 F4 B-4,10,M
442.75,E-6 G6 E-5 G5 B-3 D4 F4 B-4,10,M
443.0,F6 A6 F5 A5 F1 F2,10,M
443.25,F1 F2,10,M
443.5,D6 B-6 D5 B-5 B-3 D4 F4 B-4,10,M
443.75,B-3 D4 F4 B-4,10,M
444.0,E-6 B-6 E-5 B-5 C2 C3,10,M
444.5,A6 A5 F3 C4 F4,10,M
445.0,E-6 A6 E-5 A5 F1 F2,10,M
445.25,F1 F2,10,M
445.5,G6 G5 F3 C4 F4,10,M
445.75,F3 C4 F4,10,M
446.0,C6 G6 C5 G5 A1 A2,10,M
446.5,F6 F5 F3 A3 F4,10,M
447.0,C6 F6 C5 F5 F1 F2,10,M
447.25,F1 F2,10,M
447.5,E-6 E-5 F3 A3 F4,10,M
447.75,F3 A3 F4,10,M
448.0,B-5 D6 B-4 D5 F3 F2,10,M
448.5,D6 B-6 F3 F2,10,M
448.75,B-5 F3 F2,10,M
449.0,D6 B-6 B-3 B-2,10,M
449.5,B-5 D6 B-6 B-3 B-2,10,M
450.0,D4 D3,10,M
450.5,D6 B-6 D4 D3,10,M
450.75,B-5 D4 D3,10,M
451.0,D6 B-6 F4 F3,10,M
451.5,B-5 D6 B-6 F4 F3,10,M
452.0,B-4 E4 E3,10,M
452.25,B-4,10,M
452.5,C#6 B-6 B-4 E-4 E-3,10,M
452.75,B-5 B-4,10,M
453.0,C#6 B-6 B4 C#4 C#3,10,M
453.5,B-5 C#6 B-6 B4 C#4 C#3,10,M
454.0,C5 C#4 C#3,10,M
454.5,E6 B-6 C5 E-4 E-3,?,?
454.75,B-5 C5 C#4 C#3,?,?
455.0,E6 B-6 C#5 B3 B2,?,?
455.25,E6 B-6 C#5,?,?
455.5,B-5 E6 B-6 C#5 B-3 B-2,?,?
455.75,B-5 E6 B-6 C#5,?,?
456.0,D5 F3 F2,?,?
456.5,F6 B-6 D5 F3 F2,10,m
456.75,B-5 D5 F3 F2,10,m
457.0,F6 B-6 A4 B-3 B-2,10,m
457.25,F6 B-6 B-3 B-2,10,m
457.5,B-5 F6 B-6 B-4 B-3 B-2,10,m
457.75,B-5 F6 B-6 B-3 B-2,10,m
458.0,C5 D4 D3,10,m
458.5,D6 B-6 C5 D4 D3,10,m
458.75,B-5 C5 D4 D3,10,m
459.0,D6 B-6 G4 F4 F3,10,m
459.25,D6 B-6 F4 F3,1,m
459.5,B-5 D6 B-6 A4 F4 F3,1,m
459.75,B-5 D6 B-6 F4 F3,1,m
460.0,B-4 E4 E3,1,m
460.25,B-4,1,m
460.5,C#6 B-6 B-4 E-4 E-3,1,m
460.75,B-5 B-4,1,m
461.0,C#6 B-6 B4 C#4 C#3,1,m
461.5,B-5 C#6 B-6 B4 C#4 C#3,1,m
462.0,C5 C#4 C#3,1,m
462.5,E6 B-6 C5 E-4 E-3,1,m
462.75,B-5 C5 C#4 C#3,1,m
463.0,E6 B-6 C#5 B3 B2,1,m
463.25,E6 B-6 C#5,1,m
463.5,B-5 E6 B-6 C#5 B-3 B-2,1,m
463.75,B-5 E6 B-6 C#5,1,m
464.0,E5 G#3 G#2,1,m
464.5,E6 C#7 E5 G#3 G#2,1,m
464.75,C#6 E5 G#3 G#2,1,m
465.0,E6 C#7 C5 C#4 C#3,1,m
465.25,E6 C#7 C#4 C#3,1,m
465.5,C#6 E6 C#7 C#5 C#4 C#3,1,m
465.75,C#6 E6 C#7 C#4 C#3,1,m
466.0,E-5 E4 E3,1,m
466.5,E6 C#7 E-5 E4 E3,1,m
466.75,C#6 E-5 E4 E3,1,m
467.0,E6 C#7 B-4 G#4 G#3,1,m
467.25,E6 C#7 G#4 G#3,1,m
467.5,C#6 E6 C#7 C5 G#4 G#3,1,m
467.75,C#6 E6 C#7 G#4 G#3,1,m
468.0,C#5 G4 G3,1,m
468.25,C#5,1,m
468.5,E6 C#7 C#5 F#4 F#3,1,m
468.75,C#6 C#5,1,m
469.0,E6 C#7 D5 E4 E3,1,m
469.5,C#6 E6 C#7 D5 E4 E3,1,m
470.0,E-5 E4 E3,1,m
470.5,E6 C#7 E-5 F#4 F#3,1,m
470.75,C#6 E-5 E4 E3,1,m
471.0,E6 C#7 E5 D4 D3,1,m
471.25,E6 C#7 E5,1,m
471.5,C#6 E6 C#7 E5 C#4 C#3,1,m
471.75,C#6 E6 C#7 E5,1,m
472.0,F5 G#3 G#2,1,m
472.5,F6 C#7 F5 G#3 G#2,10,m
472.75,C#6 F5 G#3 G#2,10,m
473.0,F6 C#7 C5 C#4 C#3,10,m
473.25,F6 C#7 C#4 C#3,10,m
473.5,C#6 F6 C#7 C#5 C#4 C#3,10,m
473.75,C#6 F6 C#7 C#4 C#3,10,m
474.0,E-5 F4 F3,10,m
474.5,F6 C#7 E-5 F4 F3,10,m
474.75,C#6 E-5 F4 F3,10,m
475.0,F6 C#7 B-4 G#4 G#3,10,m
475.25,F6 C#7 G#4 G#3,10,m
475.5,C#6 F6 C#7 C5 G#4 G#3,10,m
475.75,C#6 F6 C#7 G#4 G#3,10,m
476.0,C#5 G4 G3,10,m
476.5,B-6 C#7 C#5 G4 G3,10,m
476.75,C#6 C#5 G4 G3,10,m
477.0,B-6 C#7 D5 G4 G3,10,m
477.5,C#6 B-6 C#7 D5 E4 E3,10,m
477.75,C#6 B-6 C#7 D5,10,m
478.0,E-5 C#4 C#3,10,m
478.5,B-6 C#7 E-5 C#4 C#3,10,m
478.75,C#6 E-5 C#4 C#3,10,m
479.0,B-6 C#7 E5 C#4 C#3,10,m
479.5,C#6 B-6 C#7 E5 B-3 B-2,10,m
479.75,C#6 B-6 C#7 E5,10,m
480.0,F6 F7 F5 A3 A2,10,m
480.5,A3 C4 F4,10,m
481.0,C6 F6 C5 F5 A2,10,m
481.5,A3 C4 F4,0,m
482.0,B5 D6 B4 D5 G#2,0,m
482.25,C6 E-6 C5 E-5 G#2,0,m
482.5,B5 D6 B4 D5 G#3 D4 F4 G#2,0,m
482.75,C6 E-6 C5 E-5 G#3 D4 F4 G#2,0,m
483.0,D6 F6 D5 F5 G2,0,m
483.25,G2,0,m
483.5,B5 D6 B4 D5 G3 D4 F4,0,m
483.75,G3 D4 F4,0,m
484.0,C6 E-6 C5 E-5 G2,0,m
484.5,G3 C4 E-4,0,m
485.0,C6 E-6 C5 E-5 G2,0,m
485.5,G3 C4 E-4,0,m
486.0,A5 C6 A4 C5 F#2,0,m
486.25,B-5 D6 B-4 D5 F#2,0,m
486.5,A5 C6 A4 C5 F#3 C4 E-4 F#2,0,m
486.75,B-5 D6 B-4 D5 F#3 C4 E-4 F#2,0,m
487.0,C6 E-6 C5 E-5 F2,0,m
487.25,F2,0,m
487.5,A5 C6 A4 C5 F3 C4 E-4,0,m
487.75,F3 C4 E-4,0,m
488.0,C6 F6 C5 F5 A1 A2,0,m
488.5,A3 D4 F4,0,m
489.0,D6 F6 D5 F5 G#1 G#2,0,m
489.5,G#3 D4 F4,0,m
490.0,B5 D6 B4 D5 G#1 G#2,0,m
490.25,C6 E-6 C5 E-5 G#1 G#2,0,m
490.5,B5 D6 B4 D5 G#3 D4 F4 G#1 G#2,0,m
490.75,C6 E-6 C5 E-5 G#3 D4 F4 G#1 G#2,0,m
491.0,D6 F6 D5 F5 G1 G2,0,m
491.25,G1 G2,0,m
491.5,B5 D6 B4 D5 G3 D4 F4,0,m
491.75,G3 D4 F4,0,m
492.0,B5 E-6 B4 E-5 G1 G2,0,m
492.5,G3 B3 E-4,0,m
493.0,B5 E-6 B4 E-5 F#1 F#2,0,m
493.5,F#3 B3 E-4,10,M
494.0,A5 C6 A4 C5 F#1 F#2,10,M
494.25,B-5 D6 B-4 D5 F#1 F#2,10,M
494.5,A5 C6 A4 C5 F#3 C4 E-4 F#1 F#2,10,M
494.75,B-5 D6 B-4 D5 F#3 C4 E-4 F#1 F#2,10,M
495.0,C6 E-6 C5 E-5 F1 F2,10,M
495.25,F1 F2,10,M
495.5,A5 C6 A4 C5 F3 C4 E-4 F4,10,M
495.75,F3 C4 E-4 F4,10,M
496.0,B-5 D6 B-4 D5 B-2 B-3 B-1,10,M
496.5,B-5 E-6 B-4 E-5 C3 C4 C2,10,M
497.0,B-5 F6 B-4 F5 D3 D4 D2,10,M
497.5,B-5 G6 B-4 G5 E-3 E-4 E-2,10,M
498.0,B-5 F6 B-4 F5 D3 D4 D2,10,M
498.5,B-5 G6 B-4 G5 E-3 E-4 E-2,10,M
499.0,B-5 E-6 A6 B-4 E-5 C3 C4 C2,10,M
499.5,B-5 F6 B-6 B-4 F5 D3 D4 D2,10,M
500.0,B-5 G6 B-4 G5 E-3 E-4 E-2,10,M
500.5,E-6 A6 E-5 A5 C3 C4 C2,10,M
501.0,F6 B-6 F5 B-5 D3 D4 D2,10,M
501.5,D6 B6 D5 B5 F3 F4 F2,10,M
502.0,G6 C7 G5 C6 G3 G4 E-1 E-2,10,M
502.5,G#6 D7 G#5 D6 F3 F4 F1 F2,?,?
503.0,B-6 E-7 B-5 E-6 B-3 G1 G2,?,?
503.5,B-6 C7 B-5 C6 G3 G4 E-1 E-2,10,M
504.0,D7 D6 F3 B-3 D4 F4 F1 F2,10,M
504.25,E-7 E-6 F3 B-3 D4 F4 F1 F2,10,M
504.5,F7 F6,10,M
504.75,E-7 E-6,10,M
505.0,D7 D6,10,M
505.25,C7 C6,10,M
505.5,B-6 B-5,10,M
505.75,A6 A5,10,M
506.0,G6 G5 B-3 D4 F4 B-4 F1 F2,10,M
506.25,A6 A5 B-3 D4 F4 B-4 F1 F2,10,M
506.5,B-6 B-5,10,M
506.75,A6 A5,10,M
507.0,G6 G5,10,M
507.25,F6 F5,10,M
507.5,E-6 E-5,10,M
507.75,D6 D5,10,M
508.0,E-6 E-5 G3 C4 E-4 G4 F1 F2,10,M
508.25,F6 F5 G3 C4 E-4 G4 F1 F2,10,M
508.5,G6 G5,10,M
508.75,F6 F5,10,M
509.0,E-6 E-5,10,M
509.25,D6 D5,10,M
509.5,C6 C5,10,M
509.75,B-5 B-4,10,M
510.0,A5 A4 F3 A3 C4 E-4 F4 F1 F2,10,M
510.25,B-5 B-4 F3 A3 C4 E-4 F4 F1 F2,10,M
510.5,C6 C5,10,M
510.75,D6 D5,10,M
511.0,E-6 E-5,10,M
511.25,F6 F5,10,M
511.5,G6 G5,10,M
511.75,A6 A5,10,M
512.0,B-6 B-5 F3 B-3 D4 B-1 B-2,10,M
512.5,B-4 B-3,10,M
512.75,B-4 B-3,10,M
513.0,B-4 B-3,10,M
513.5,B-4 B-3,10,M
514.0,E-5 F#5 E-4 F#4 E-3 E-2,10,M
514.25,B5 B4 E-3 E-2,10,M
514.5,E-5 F#5 E-4 F#4 F3 F2,10,M
514.75,B5 B4 F3 F2,10,M
515.0,E-5 F#5 E-4 F#4 F#3 F#2,10,M
515.25,B5 B4 F#3 F#2,3,m
515.5,E-5 F#5 E-4 F#4 G#3 G#2,3,m
515.75,B5 B4 G#3 G#2,3,m
516.0,D5 F5 B-5 D4 F4 B-4 B-3 B-2,3,m
516.5,F5 F4 F3,3,m
517.0,B-5 B-4 B-3,3,m
518.0,F#5 A5 F#4 A4 D3 D2,3,m
518.25,D6 D5 D3 D2,3,m
518.5,F#5 A5 F#4 A4 E3 E2,3,m
518.75,D6 D5 E3 E2,3,m
519.0,F#5 A5 F#4 A4 F#3 F#2,3,m
519.25,D6 D5 F#3 F#2,5,M
519.5,F#5 A5 F#4 A4 G#3 G#2,5,M
519.75,D6 D5 G#3 G#2,5,M
520.0,E5 A5 C#6 E4 A4 C#5 A3 A2,5,M
520.5,E5 E4 E3,5,M
521.0,A5 A4 A3,5,M
522.0,A5 C6 A4 C5 F3 F2,5,M
522.25,F6 F5 F3 F2,5,M
522.5,A5 C6 A4 C5 G3 G2,5,M
522.75,F6 F5 G3 G2,5,M
523.0,A5 C6 A4 C5 A3 A2,5,M
523.25,F6 F5 A3 A2,5,M
523.5,A5 C6 A4 C5 B3 B2,5,M
523.75,F6 F5 B3 B2,5,M
524.0,G5 C6 E6 G4 C5 E5 C4 C3,5,M
524.5,G5 G4 G3,5,M
525.0,C6 C5 C4,5,M
526.0,A5 C6 E-6 A4 C5 E-5 F4 F2 F3,5,M
526.25,F6 F5 F4 F2 F3,5,M
526.5,A5 C6 E-6 A4 C5 E-5 E-4 E-2 E-3,5,M
526.75,F6 F5 E-4 E-2 E-3,5,M
527.0,A5 C6 E-6 A4 C5 E-5 D4 D2 D3,5,M
527.25,F6 F5 D4 D2 D3,5,M
527.5,A5 C6 E-6 A4 C5 E-5 C4 C2 C3,5,M
527.75,F6 F5 C4 C2 C3,5,M
528.0,B-5 D6 B-6 B-4 D5 B-3 B-1 B-2,5,M
528.5,B-5 B-4 B-3,5,M
528.75,B-5 B-4 B-3,5,M
529.0,B-5 B-4 B-3,5,M
529.5,B-5 B-4 B-3,3,m
530.0,B6 E-5 F#5 E-3 E-4 E-1 E-2,3,m
530.125,C#7 E-5 F#5 E-3 E-4 E-1 E-2,3,m
530.25,B5 E-3 E-4 E-1 E-2,3,m
530.3333333333334,B6 B5 E-3 E-4 E-1 E-2,3,m
530.4583333333334,B5 E-3 E-4 E-1 E-2,3,m
530.5,C#7 E-5 F#5 F3 F4 F1 F2,3,m
530.625,E-5 F#5 F3 F4 F1 F2,3,m
530.6666666666666,B6 E-5 F#5 F3 F4 F1 F2,3,m
530.75,B6 B5 F3 F4 F1 F2,3,m
530.7916666666666,B5 F3 F4 F1 F2,3,m
530.875,C#7 B5 F3 F4 F1 F2,3,m
531.0,B6 E-5 F#5 F#3 F#4 F#1 F#2,3,m
531.125,C#7 E-5 F#5 F#3 F#4 F#1 F#2,2,m
531.25,B5 F#3 F#4 F#1 F#2,2,m
531.3333333333334,B6 B5 F#3 F#4 F#1 F#2,2,m
531.4583333333334,B5 F#3 F#4 F#1 F#2,2,m
531.5,C#7 E-5 F#5 G#3 G#4 G#1 G#2,2,m
531.625,E-5 F#5 G#3 G#4 G#1 G#2,2,m
531.6666666666666,B6 E-5 F#5 G#3 G#4 G#1 G#2,2,m
531.75,B6 B5 G#3 G#4 G#1 G#2,2,m
531.7916666666666,B5 G#3 G#4 G#1 G#2,2,m
531.875,C#7 B5 G#3 G#4 G#1 G#2,2,m
532.0,B-6 D5 F5 B-5 B-3 D4 F4 B-4 B-1 D2 F2 B-2,2,m
532.5,F5 F3 F4,2,m
533.0,B-5 B-3 B-4,2,m
534.0,D7 F#5 A5 D3 D4 D1 D2,2,m
534.125,E7 F#5 A5 D3 D4 D1 D2,2,m
534.25,D6 D3 D4 D1 D2,2,m
534.3333333333334,D7 D6 D3 D4 D1 D2,2,m
534.4583333333334,D6 D3 D4 D1 D2,2,m
534.5,E7 F#5 A5 E3 E4 E1 E2,2,m
534.625,F#5 A5 E3 E4 E1 E2,2,m
534.6666666666666,D7 F#5 A5 E3 E4 E1 E2,2,m
534.75,D7 D6 E3 E4 E1 E2,2,m
534.7916666666666,D6 E3 E4 E1 E2,2,m
534.875,E7 D6 E3 E4 E1 E2,2,m
535.0,D7 F#5 A5 F#3 F#4 F#1 F#2,2,m
535.125,E7 F#5 A5 F#3 F#4 F#1 F#2,5,M
535.25,D6 F#3 F#4 F#1 F#2,5,M
535.3333333333334,D7 D6 F#3 F#4 F#1 F#2,5,M
535.4583333333334,D6 F#3 F#4 F#1 F#2,5,M
535.5,E7 F#5 A5 G#3 G#4 G#1 G#2,5,M
535.625,F#5 A5 G#3 G#4 G#1 G#2,5,M
535.6666666666666,D7 F#5 A5 G#3 G#4 G#1 G#2,5,M
535.75,D7 D6 G#3 G#4 G#1 G#2,5,M
535.7916666666666,D6 G#3 G#4 G#1 G#2,5,M
535.875,E7 D6 G#3 G#4 G#1 G#2,5,M
536.0,C#7 E5 A5 C#6 A3 C#4 E4 A4 A1 C#2 E2 A2,5,M
536.5,E5 E3 E4,5,M
537.0,A5 A3 A4,5,M
538.0,F7 A5 C6 F3 F4 F1 F2,5,M
538.125,G7 A5 C6 F3 F4 F1 F2,5,M
538.25,F6 F3 F4 F1 F2,5,M
538.3333333333334,F7 F6 F3 F4 F1 F2,5,M
538.4583333333334,F6 F3 F4 F1 F2,5,M
538.5,G7 A5 C6 G3 G4 G1 G2,5,M
538.625,A5 C6 G3 G4 G1 G2,5,M
538.6666666666666,F7 A5 C6 G3 G4 G1 G2,5,M
538.75,F7 F6 G3 G4 G1 G2,5,M
538.7916666666666,F6 G3 G4 G1 G2,5,M
538.875,G7 F6 G3 G4 G1 G2,5,M
539.0,F7 A5 C6 A3 A4 A1 A2,5,M
539.125,G7 A5 C6 A3 A4 A1 A2,5,M
539.25,F6 A3 A4 A1 A2,5,M
539.3333333333334,F7 F6 A3 A4 A1 A2,5,M
539.4583333333334,F6 A3 A4 A1 A2,5,M
539.5,G7 A5 C6 B3 B4 B1 B2,5,M
539.625,A5 C6 B3 B4 B1 B2,5,M
539.6666666666666,F7 A5 C6 B3 B4 B1 B2,5,M
539.75,F7 F6 B3 B4 B1 B2,5,M
539.7916666666666,F6 B3 B4 B1 B2,5,M
539.875,G7 F6 B3 B4 B1 B2,5,M
540.0,E7 G5 C6 E6 C4 E4 G4 C5 C2 E2 G2 C3,5,M
540.5,G5 G3 G4,5,M
541.0,C6 C4 C5,5,M
542.0,F7 A5 E-6 F3 A3 C4 F4 F1 F2,10,M
542.125,G7 A5 E-6 F3 A3 C4 F4 F1 F2,10,M
542.25,F6 F3 A3 C4 F4 F1 F2,10,M
542.3333333333334,F7 F6 F3 A3 C4 F4 F1 F2,10,M
542.4583333333334,F6 F3 A3 C4 F4 F1 F2,10,M
542.5,G7 A5 E-6 E-3 E-4 E-1 E-2,10,M
542.625,A5 E-6 E-3 E-4 E-1 E-2,10,M
542.6666666666666,F7 A5 E-6 E-3 E-4 E-1 E-2,10,M
542.75,F7 F6 E-3 E-4 E-1 E-2,10,M
542.7916666666666,F6 E-3 E-4 E-1 E-2,10,M
542.875,G7 F6 E-3 E-4 E-1 E-2,10,M
543.0,F7 A5 E-6 D3 F3 A3 D4 D1 D2,10,M
543.125,G7 A5 E-6 D3 F3 A3 D4 D1 D2,10,M
543.25,F6 D3 F3 A3 D4 D1 D2,10,M
543.3333333333334,F7 F6 D3 F3 A3 D4 D1 D2,10,M
543.4583333333334,F6 D3 F3 A3 D4 D1 D2,10,M
543.5,E7 A5 E-6 C3 C4 C1 C2,10,M
543.75,F7 F6 C3 C4 C1 C2,10,M
544.0,B-6 B-5 D6 B-2 B-3 B-0 B-1,10,M
544.5,B-4 B-3,10,M
544.75,B-4 B-3,10,M
545.0,D5 D4,10,M
545.5,B-4 B-3,10,M
546.0,F6 F7 F5 A3 C4 F4 A4 F1 F2,10,M
547.0,D6 D7 D5 G3 B-3 D4 G4 G1 G2,10,M
548.0,F6 F7 F5 A3 C4 F4 A4 F1 F2,10,M
549.0,D6 D7 D5 G3 B-3 D4 G4 G1 G2,10,M
550.0,E-6 E-7 E-5 G3 C4 E-4 G4 C1 C2,10,M
551.0,C6 C7 C5 A3 C4 E-4 F4 A4 F1 F2,10,M
552.0,B-6 B-5 B-3 D4 F4 B-4 B-1 B-2,10,M
552.25,A6 A5 B-3 D4 F4 B-4 B-1 B-2,10,M
552.5,B-6 B-5,10,M
552.75,C7 C6,10,M
553.0,D7 D6,10,M
553.25,C7 C6,10,M
553.5,D7 D6,10,M
553.75,E-7 E-6,10,M
554.0,F6 F7 F5 A3 C4 F4 A4 F1 F2,10,M
555.0,D6 D7 D5 G3 B-3 D4 G4 G1 G2,10,M
556.0,F6 F7 F5 A3 C4 F4 A4 F1 F2,10,M
557.0,D6 D7 D5 G3 B-3 D4 G4 G1 G2,10,M
558.0,E-6 E-7 E-5 G3 C4 E-4 G4 C1 C2,10,M
559.0,C6 C7 C5 A3 C4 E-4 F4 A4 F1 F2,10,M
560.0,D5 B-5 B-4 B-1 B-2,10,M
560.25,F5 C6 F6 B-4 B-1 B-2,10,M
560.5,D5 B-5 B-4,10,M
560.75,F5 C6 F6 B-4,10,M
561.0,D5 B-5 F4,10,M
561.25,F5 C6 F6,10,M
561.5,D5 B-5 G4,10,M
561.75,F5 C6 F6,10,M
562.0,D5 B-5 A4,10,M
562.25,F5 C6 F6 A4,10,M
562.5,D5 B-5 A4,10,M
562.75,F5 C6 F6 A4,10,M
563.0,D5 B-5 E4,10,M
563.25,F5 C6 F6,10,M
563.5,D5 B-5 F4,10,M
563.75,F5 C6 F6,10,M
564.0,D5 B-5 G4,10,M
564.25,F5 C6 F6 G4,10,M
564.5,D5 B-5 G4,10,M
564.75,F5 C6 F6 G4,10,M
565.0,D5 B-5 D4,10,M
565.25,F5 C6 F6,10,M
565.5,D5 B-5 E4,10,M
565.75,F5 C6 F6,10,M
566.0,D5 B-5 F4,10,M
566.25,F5 C6 F6 F4,10,M
566.5,D5 B-5 F4,10,M
566.75,F5 C6 F6 F4,10,M
567.0,D5 B-5 G4,10,M
567.25,F5 C6 F6,10,M
567.5,D5 B-5 A4,10,M
567.75,F5 C6 F6,10,M
568.0,D5 B-5 B-3 B-4 B-1 B-2,10,M
568.25,F5 C6 F6 B-3 B-4 B-1 B-2,10,M
568.5,D5 B-5 B-3 B-4 B-1 B-2,10,M
568.75,F5 C6 F6 B-3 B-4 B-1 B-2,10,M
569.0,D5 B-5 F3 F4 F1 F2,10,M
569.25,F5 C6 F6,10,M
569.5,D5 B-5 G3 G4 G1 G2,10,M
569.75,F5 C6 F6,10,M
570.0,D5 B-5 A3 A4 A1 A2,10,M
570.25,F5 C6 F6 A3 A4 A1 A2,10,M
570.5,D5 B-5 A3 A4 A1 A2,10,M
570.75,F5 C6 F6 A3 A4 A1 A2,10,M
571.0,D5 B-5 E3 E4 E1 E2,10,M
571.25,F5 C6 F6,10,M
571.5,D5 B-5 F3 F4 F1 F2,10,M
571.75,F5 C6 F6,10,M
572.0,D5 B-5 G3 G4 G1 G2,10,M
572.25,F5 C6 F6 G3 G4 G1 G2,10,M
572.5,D5 B-5 G3 G4 G1 G2,10,M
572.75,F5 C6 F6 G3 G4 G1 G2,10,M
573.0,D5 B-5 D3 D4 D1 D2,10,M
573.25,F5 C6 F6,10,M
573.5,D5 B-5 E3 E4 E1 E2,10,M
573.75,F5 C6 F6,10,M
574.0,D5 B-5 F3 F4 F1 F2,10,M
574.25,F5 C6 F6 F3 F4 F1 F2,10,M
574.5,D5 B-5 F3 F4 F1 F2,10,M
574.75,F5 C6 F6 F3 F4 F1 F2,10,M
575.0,D5 B-5 G3 G4 G1 G2,10,M
575.25,F5 C6 F6,10,M
575.5,D5 B-5 A3 A4 A1 A2,10,M
575.75,F5 C6 F6,10,M
576.0,D5 B-5 B-3 D4 F4 B-4 B-1 B-2,10,M
577.0,E-6 A6 C7 E-5 A5 C6 F3 C4 F4 F1 F2,10,M
578.0,D6 B-6 D5 B-5 F3 B-3 D4 F4 B-1 B-2,10,M
579.0,E-6 A6 C7 E-5 A5 C6 F3 C4 F4 F1 F2,10,M
580.0,D6 B-6 D5 B-5 F3 B-3 D4 F4 B-1 B-2,10,M
581.0,E-6 A6 C7 E-5 A5 C6 F3 C4 F4 F1 F2,10,M
582.0,D6 B-6 D5 B-5 F3 B-3 D4 F4 B-1 B-2,10,M
583.0,E-6 A6 C7 E-5 A5 C6 F3 C4 F4 F1 F2,10,M
584.0,D6 B-6 D5 B-5 F3 B-3 D4 F4 B-1 B-2,10,M
585.75,D6 D7 D5 B-3 D4 F4 B-4 B-2 F3,10,M
586.0,D6 D7 D5 B-3 D4 F4 B-4 B-2 F3,10,M
586.5,D6 D7 D5,10,M
587.75,F6 F7 F5 B-3 D4 F4 B-4 B-2 F3,10,M
588.0,F6 F7 F5 B-3 D4 F4 B-4 B-2 F3,10,M
589.75,B-6 B-7 B-5 B-3 D4 F4 B-4 B-2 F3,10,M
590.0,B-6 B-7 B-5 B-3 D4 F4 B-4 B-2 F3,10,M
591.75,B-4 B-3 B-2 B-0 B-1,10,M
592.0,B-4 B-3 B-2 B-0 B-1,10,M
