16.125,F5,?,?
16.25,B5 F5,?,?
16.625,G#1 F5 B5,?,?
20.25,F3 C4 F4 A4 F5 B5 G#1,?,?
20.5,F5 B5 G#1,?,?
20.875,G3 C4 F4 B-4 F5 B5 G#1,?,?
21,F5 B5 G#1 B-4,?,?
21.125,F5 B5 G#1,?,?
21.5,A3 C4 F4 C5 F5 B5 G#1,?,?
21.625,F5 B5 G#1 C5,?,?
21.75,F5 B5 G#1,?,?
22.125,B-3 F4 D5 F5 B5 G#1,?,?
22.75,C4 D4 F#4 F5 B5 G#1 B-3 F4 D5,?,?
22.875,F5 B5 G#1 B-3 F4 D5 F#4,?,?
23,F5 B5 G#1 B-3 F4 D5,?,?
23.375,D4 G4 F5 B5 G#1 F4 D5,?,?
23.5,F5 B5 G#1 D4 G4,?,?
23.625,F5 B5 G#1,?,?
24,A3 D4 A4 F5 B5 G#1,?,?
24.25,F5 B5 G#1,?,?
24.625,G3 D4 B-4 F5 B5 G#1,?,?
24.75,F5 B5 G#1 D4 B-4,?,?
24.875,F5 B5 G#1,?,?
25.25,B-3 E4 G4 C4 F5 B5 G#1,?,?
25.375,F5 B5 G#1 B-3 E4 G4,?,?
25.5,F5 B5 G#1,?,?
25.875,C4 E4 A4 F5 B5 G#1,?,?
26,F5 B5 G#1 A4,?,?
26.125,F5 B5 G#1,?,?
26.5,G3 C4 E4 B-4 F5 B5 G#1,?,?
26.625,F5 B5 G#1 B-4,?,?
26.75,F5 B5 G#1,?,?
27.25,A3 F4 C5 C4 F5 B5 G#1,?,?
27.875,B-3 E4 F5 B5 G#1 A3 F4 C5,?,?
28,F5 B5 G#1 A3 F4 C5 E4,?,?
28.125,F5 B5 G#1 A3 F4 C5,?,?
28.625,A3 F4 C5 F5 B5 G#1,0,m
29,G3 C4 G4 F5 B5 G#1 A3 F4 C5,0,m
29.125,F5 B5 G#1 A3 F4 G4,0,m
29.25,F5 B5 G#1 A3 F4,0,m
29.625,F3 C4 A4 F5 B5 G#1,0,m
29.75,F5 B5 G#1 C4 A4,0,m
30,F5 B5 G#1,0,m
30.25,A4 F5 B5 G#1,0,m
30.875,G4 F5 B5 G#1,0,m
31.5,F4 F5 B5 G#1,0,m
31.625,F5 B5 G#1,0,m
31.875,F4 G4 F5 B5 G#1,0,m
32.375,D3 F3 B3 B4 D2 F5 B5 G#1 F4 G4,0,m
32.45833333,B5 G#1 F4 G4 D3 F3 B3 B4 D2,0,m
32.5,B5 G#1 G4 D3 F3 B4 D2,0,m
32.625,G4 B5 G#1 D3 F3 B4 D2,0,m
33.875,G4 B5 G#1 F3 B4 D2,0,m
34,G4 B5 G#1 B4 D2,0,m
34.375,B5 G#1 B4 D2,0,m
34.5,D5 B5 G#1 B4 D2,0,m
35,B5 G#1 B4 D2,0,m
35.125,B5 G#1 D2,0,m
35.75,G4 B5 G#1 D2,0,m
36.25,B4 B5 G#1 D2,0,m
36.375,A4 B5 G#1 D2,0,m
36.625,F4 A4 B5 G#1,0,m
36.875,B5 G#1 F4,0,m
37,G4 B5 G#1 F4,0,m
37.25,E3 G4 B5 G#1 F4,?,?
37.375,B-3 G4 B5 G#1,?,?
37.5,B5 G#1 B-3,?,?
37.625,B5 G#1,?,?
37.875,G4 B-4 C5 G5 C3 E3 E2 B5 G#1,?,?
39.625,G4 B5 G#1 G5 C3 E3 E2,?,?
39.875,E5 G4 B5 G#1 C3 E3 E2,?,?
40.20833333,B5 G#1 E5 C3 E3 E2,?,?
40.5,B5 G#1 C3 E3 E2,?,?
40.625,C5 B5 G#1 C3 E3 E2,?,?
41.125,C#5 B5 G#1,?,?
41.625,B5 G#1,?,?
41.75,D5 B5 G#1,?,?
42.375,B-4 B5 G#1,?,?
42.875,B5 G#1,?,?
43,A4 B5 G#1,?,?
43.66666667,C#4 C5 B5 G#1,?,?
44.25,B-4 C#4 C5 B5 G#1,?,?
44.29166667,B5 G#1 B-4,?,?
44.33333333,D4 B5 G#1 B-4,?,?
44.95833333,B5 G#1 B-4,?,?
45,B-3 G4 B5 G#1 B-4,?,?
45.125,B-3 B5 G#1 G4,?,?
45.625,G3 D4 B-3 B5 G#1 G4,?,?
45.66666667,B-3 B5 G#1 G3 D4,?,?
46.375,B5 G#1 G3 D4,4,M
46.875,B5 G#1,4,M
47.125,G3 C#4 A2 E4 B5 G#1,4,M
47.625,B5 G#1 E4,4,M
47.75,B5 G#1,4,M
48.625,F4 D4 D3 F3 B5 G#1,4,M
50.125,F4 B5 G#1 D4,4,M
50.25,F4 B5 G#1,4,M
50.375,B5 G#1,4,M
51.33333333,C4 G4 G2 E3 B5 G#1,4,M
52.83333333,B5 G#1 G4 G2 E3,4,M
52.95833333,B5 G#1 G4 E3,4,M
53.08333333,B5 G#1 G4,4,M
53.20833333,B5 G#1,4,M
54.33333333,E5 B5 G#1,4,M
55,C4 E-4 F#4 C5 A4 E-3 B5 G#1,4,M
55.5,C4 B5 G#1 F#4 C5 A4 E-3,4,M
55.625,A5 C4 B5 G#1 F#4 C5 A4 E-3,4,M
55.66666667,C4 B5 G#1 A5 A4 E-3,4,M
55.875,C4 B5 G#1 A4 E-3,4,M
56,B5 G#1 A4 E-3,4,M
56.25,B5 G#1,4,M
56.375,G3 B3 D4 F4 G4 B4 G5 G2 D3 B5 G#1,4,M
56.5,G3 B5 G#1 B3 D4 F4 G4 B4 G2 D3,4,M
57,F5 G3 B5 G#1 B3 D4 F4 G4 B4 G2 D3,4,M
57.04166667,G3 B5 G#1 B3 D4 F4 G4 F5 G2 D3,4,M
57.375,G3 B5 G#1 B3 D4 F4 F5 G2 D3,4,M
57.5,G3 B5 G#1 B3 D4 F4 G2 D3,4,M
57.66666667,A4 G3 B5 G#1 B3 D4 F4 G2 D3,4,M
58.125,G3 B5 G#1 D4 F4 A4 G2 D3,4,M
58.25,B5 G#1 D4 F4 A4 G2 D3,4,M
58.29166667,B5 G#1 D4 F4 G2 D3,4,M
58.33333333,B4 B5 G#1 D4 F4 G2 D3,4,M
58.5,B4 B5 G#1 D4,4,M
58.70833333,B4 B5 G#1,4,M
58.95833333,B5 G#1,4,M
59,C4 E4 G4 C5 C2 C3 B5 G#1,4,M
59.625,C#5 C4 E4 B5 G#1 G4 C2 C3,4,M
59.875,C4 E4 B5 G#1 G4 C#5 C3,4,M
60,C4 E4 B5 G#1 G4 C#5,4,M
60.25,C4 E4 B5 G#1 C#5,?,?
60.29166667,C4 E4 B5 G#1,?,?
60.33333333,D5 C4 E4 B5 G#1,?,?
60.625,C4 E4 B5 G#1 D5,?,?
60.875,A4 C4 B5 G#1 D5 E4,?,?
60.95833333,C4 B5 G#1 E4 A4,?,?
61.5,C5 B5 G#1,?,?
62,B5 G#1,?,?
62.125,B-4 B5 G#1,?,?
62.75,D4 B-4 B5 G#1,?,?
62.79166667,B5 G#1 D4,?,?
63.375,E4 B5 G#1,?,?
64.125,F4 B5 G#1,?,?
64.79166667,B5 G#1,?,?
65.5,F5 F4 B5 G#1,?,?
66.875,F5 B5 G#1,?,?
67.25,B5 G#1,?,?
67.66666667,E4 F4 G4 G5 B5 G#1,?,?
67.91666667,E4 F4 B5 G#1 G5,?,?
68.29166667,E4 F4 B5 G#1,?,?
68.33333333,A5 A4 E4 F4 B5 G#1,?,?
68.54166667,B5 G#1 A5 A4,?,?
68.58333333,B5 G#1 A5,?,?
68.625,E4 F4 B5 G#1 A5,?,?
68.83333333,E4 B5 G#1 F4,?,?
68.875,B5 G#1 F4,?,?
69,B-5 B-4 B5 G#1 F4,?,?
69.125,D4 B-5 B-4 B5 G#1 F4,?,?
69.625,B5 G#1 D4,?,?
69.79166667,B5 G#1,?,?
70.25,A4 A5 F4 B5 G#1,?,?
70.33333333,C4 A4 A5 B5 G#1 F4,?,?
70.625,B5 G#1 F4 C4,?,?
71.5,D6 D5 B5 G#1 F4 C4,?,?
71.58333333,D6 D5 B5 G#1 F4,?,?
71.625,B-3 D6 D5 B5 G#1 F4,?,?
72.125,B5 G#1,?,?
72.75,C6 C5 B5 G#1,?,?
72.875,F4 A3 C6 B5 G#1 C5,?,?
73.25,B5 G#1 F4,5,m
73.375,B5 G#1,5,m
74,G#1,5,m
74.125,B4 F4 G3 G#1,5,m
74.875,F5 B4 F4 G#1 G3,5,m
75.375,B4 F4 G#1 G3,5,m
75.5,D5 B4 F4 G#1 G3,5,m
75.79166667,B4 G#1 G3 D5,5,m
76,B4 G#1 G3,5,m
76.125,G#1 G3,5,m
76.5,G#1,5,m
76.66666667,G4 G#1,5,m
77.16666667,G#1,5,m
77.25,G#4 G#1,5,m
77.625,G#1,5,m
77.75,B4 G#1,5,m
77.875,A4 G#1,5,m
78.5,F4 G#1,5,m
79.125,C4 B-4 E4 B-5 F4 G#1,5,m
79.16666667,C4 B-4 G#1 E4 B-5,5,m
79.45833333,C4 B-4 G#1 B-5,5,m
79.75,C2 C4 B-4 G#1 B-5,5,m
80,C3 C2 C4 B-4 G#1,5,m
80.125,C2 C4 B-4 G#1,5,m
80.5,G#1,5,m
80.625,C4 B-4 C2 G5 E3 G#1,5,m
80.75,C4 B-4 G#1 G5 E3,5,m
81.125,C4 B-4 G#1 E3,5,m
81.25,G3 E5 C4 B-4 G#1 E3,5,m
81.75,B-3 C5 C4 B-4 G#1 G3 E3,5,m
81.875,C4 B-4 G#1 G3 B-3 C5,5,m
82.29166667,B-4 G#1 G3 B-3 C5,5,m
82.375,C4 C#5 B-4 G#1,5,m
82.5,C4 G#1 C#5,5,m
82.70833333,G#1 C#5,5,m
83,E4 D5 G#1,5,m
83.5,G#1,5,m
83.625,G4 B-4 G#1,5,m
83.75,B-4 G#1,5,m
84.29166667,G#1,5,m
84.375,F3 F4 A4 G#1,5,m
84.625,F3 F4 G#1,5,m
84.70833333,F3 G#1,5,m
85.125,F5 F3 G#1,5,m
85.625,F3 G#1,5,m
85.75,F4 E5 F3 G#1,5,m
86.33333333,F5 F3 F4 G#1 E5,5,m
86.375,F4 G#1 F5,5,m
86.83333333,F4 G#1,5,m
87,E5 F4 G#1,5,m
87.41666667,E5 G#1,5,m
87.5,F5 G#1,5,m
87.875,G#1,5,m
88.25,E4 F4 G4 G5 G#1,5,m
88.58333333,E4 F4 G#1 G5,5,m
88.875,A4 A5 E4 F4 G#1,5,m
89,E4 F4 G#1 A5,5,m
89.125,E4 G#1,5,m
89.25,G#1,?,?
89.5,F4 C6 G#1,?,?
89.625,D4 C5 F4 C6 G#1,?,?
89.95833333,F4 C6 G#1 D4,?,?
90,F4 G#1 D4,?,?
90.25,B-5 B-4 F4 G#1 D4,?,?
90.375,B-5 G#1 D4 B-4,?,?
90.625,B-5 G#1 B-4,?,?
90.875,F4 C4 B-5 G#1 B-4,?,?
91,F4 G#1 C4 B-4,?,?
91.125,F4 G#1 C4,?,?
91.5,A4 A5 F4 G#1 C4,?,?
91.625,A4 G#1 C4 A5,?,?
91.75,A4 G#1 A5,?,?
92.125,B-3 F4 G#1 A5,?,?
92.16666667,B-3 F4 G#1,?,?
92.625,F4 G#1,?,?
92.75,D6 D5 G#1,?,?
93.375,A3 F4 D5 G#1,5,m
93.5,A3 G#1 F4,5,m
93.625,G#1,5,m
94,C6 C5 G#1,5,m
94.25,G#1,5,m
94.875,F4 G4 B5 G3 D4 B4 G#1,5,m
95.625,B4 G#1,5,m
95.66666667,F4 B4 G#1,5,m
95.75,F4 G#1,5,m
96.25,D4 F5 F4 G#1,5,m
96.29166667,D4 G#1 F5,5,m
96.625,G#1 F5,5,m
96.875,B3 G#1 F5,5,m
97.375,G#1 F5,5,m
97.5,G3 G#1 F5,5,m
97.875,G3 G#1,5,m
98,G#1,5,m
98.125,G#3 G#1,5,m
98.625,G#1,5,m
98.75,A3 B4 G#1,5,m
99,A3 G#1,5,m
99.125,C5 A3 G#1,5,m
99.375,B4 A3 C5 G#1,5,m
99.45833333,A3 G#1 B4,5,m
99.5,F3 G#1 B4,5,m
99.625,B-4 G#1,5,m
99.875,B4 G#1,5,m
100.25,G#1,5,m
100.3333333,C4 E4 B-4 B-5 D5 C3 E3 G#1,5,m
100.9583333,C4 E4 B-4 B-5 G#1 D5 C3,5,m
101,B-3 C4 E4 B-4 B-5 G#1 D5 C3,5,m
101.3333333,C4 E4 B-4 B-5 G#1 D5 B-3,5,m
101.6666667,C5 C4 E4 B-4 B-5 G#1 D5 B-3,5,m
101.75,G3 C4 E4 B-4 B-5 G#1 D5 C5 B-3,5,m
101.8333333,C4 E4 B-4 B-5 G#1 C5 B-3 G3,5,m
102.3333333,E3 C4 E4 B-4 B-5 G#1 C5 B-3 G3,5,m
102.625,C4 E4 B-4 B-5 G#1 E3 C5,5,m
102.9583333,C4 E4 B-4 B-5 G#1 C5,5,m
103,C3 C4 E4 B-4 B-5 G#1 C5,5,m
103.4583333,B-4 B-5 G#1 C3 C5,5,m
103.5,C#3 B-4 B-5 G#1 C5,5,m
103.5833333,C#3 G#1 C5,5,m
104,G#1 C5,5,m
104.0416667,G#1,5,m
104.125,C4 B-4 D3 G#1,5,m
104.5,C4 B-4 G#1,5,m
104.75,E3 C4 B-4 G#1,5,m
105.25,C4 G#1,5,m
105.375,F3 A4 C4 G#1,5,m
105.4583333,F3 G#1 A4,5,m
105.5,G#1 A4,5,m
105.625,G#1,5,m
106.125,A4 F3 F4 C4 G#1,5,m
106.25,G#1,5,m
106.6666667,B-4 G3 F4 G#1,5,m
106.75,C4 B-4 G3 F4 G#1,5,m
106.7916667,C4 G#1,5,m
106.875,G#1,5,m
107.3333333,C5 F4 C4 G#1,5,m
107.375,A3 C4 C5 F4 G#1,5,m
107.4583333,A3 C4 G#1,5,m
107.5,G#1,5,m
108,D5 F4 B-3 G#1,5,m
108.375,D5 F4 G#1,5,m
108.5,G#1,5,m
108.625,B-3 C4 E4 G4 G5 G#1,5,m
108.75,G#1,5,m
109.125,A3 C4 F4 A5 A4 G#1,5,m
109.25,A3 C4 F4 A5 G#1,?,?
109.375,G#1,?,?
109.75,G3 C4 E4 B-4 B-5 G#1,?,?
109.875,B-5 G#1,?,?
110,G#1,?,?
110.375,A3 C4 F4 C5 C6 G#1,?,?
110.625,C5 C6 G#1,?,?
110.75,G#1,?,?
111,F3 C4 F4 A4 G#1,?,?
111.125,A4 G#1,?,?
111.25,G#1,?,?
111.5,B-4 G#1,?,?
111.625,F4 G3 C4 B-4 G#1,?,?
111.75,G#1,?,?
112.125,A3 C4 F4 C5 G#1,?,?
112.25,C5 G#1,?,?
112.375,G#1,?,?
112.875,B-3 F4 D5 G#1,?,?
113.125,F4 D5 G#1,?,?
113.25,G#1,1,m
113.375,B-3 E4 G4 G5 G#1,1,m
113.5,G#1,1,m
114,A3 C4 F4 A4 A5 G#1,1,m
114.125,G#1,1,m
114.625,G3 E4 B-4 B-5 G#1,1,m
114.75,B-5 G#1,1,m
114.875,G#1,1,m
115.25,A3 C4 F4 C5 C6 G#1,1,m
115.5,C6 G#1,1,m
115.5833333,G#1,1,m
115.875,F3 F4 A4 C4 G#1,1,m
116,G#1,1,m
116.375,B-4 G3 G#1,1,m
116.5,G#1,1,m
117,C5 F4 A3 C4 G#1,1,m
117.125,G#1,1,m
117.625,F4 D5 B-3 G#1,1,m
117.75,G#1,1,m
118.25,E5 G4 B-3 C#4 G#1,1,m
118.375,G#1,1,m
118.75,F5 B-3 G#1,1,m
118.875,F4 D4 F5 B-3 G#1,1,m
119,G#1,1,m
119.5,G5 B-3 D4 D5 G#1,1,m
119.75,G5 G#1,1,m
119.8333333,G#1,1,m
120.375,A5 G#1,1,m
120.625,A3 E4 C#5 A5 G#1,1,m
122.125,A3 E4 C#5 G#1,1,m
122.25,G#1,1,m
123.375,F3 E-4 C5 A5 G#1,1,m
125.25,E-4 G#1 C5 A5,1,m
125.75,E-4 G#1 A5,1,m
125.875,G#1 A5,1,m
126,G#1,1,m
126.125,B-3 D4 D5 G#1,1,m
127,G#1,1,m
128.6666667,F3 A5 E-4 C5 G#1,?,?
130.5416667,E-4 G#1 C5,?,?
131,G#1 C5,?,?
131.1666667,G#1,?,?
131.25,B-3 D4 D5 G#1,?,?
131.5833333,D5 G#1,?,?
131.875,C#5 D5 G#1,?,?
131.9166667,C#5 G#1,?,?
132.125,G#1,?,?
132.625,D5 G#1,?,?
132.75,G#1,?,?
133.125,E5 G#1,?,?
133.25,G#1,?,?
133.6666667,F5 G#1,?,?
133.7916667,G#1,?,?
134.25,A4 G#1,?,?
134.5,G#1,?,?
134.875,B-4 G#1,?,?
135.125,G#1,?,?
135.5,C5 G#1,?,?
135.625,G#1,?,?
136.125,D5 G#1,?,?
136.375,G#1,?,?
136.6666667,F#4 G#1,?,?
136.9166667,G#1,?,?
137.25,G4 G#1,?,?
137.5,G#1,?,?
137.875,A4 G#1,?,?
138.125,G#1,?,?
138.5,B-4 G#1,?,?
139,G#1,?,?
139.125,D4 G#1,?,?
139.75,G#1,?,?
139.875,B-4 B-2 G#1,?,?
140.5,B-2 G#1,?,?
140.625,G4 B-2 G#1,?,?
140.75,G#1,?,?
141.5,B-3 C3 E4 C5 G#1,?,?
143.75,B-3 C3 G#1,?,?
143.8333333,G#1,?,?
144.375,A3 F4 F5 D3 G#1,?,?
145.875,F4 G#1 F5 D3,?,?
146,F4 G#1,?,?
146.125,G#1,?,?
147.125,G3 B-3 B-4 D4 G#1,?,?
148,G3 B-3 B-4 G#1,?,?
148.125,B-3 B-4 G#1,?,?
148.25,G#1,?,?
149.75,A3 F5 F4 D3 G#1,?,?
150.875,F4 G#1 D3,?,?
151,G#1 D3,?,?
151.4166667,G#1,?,?
152,G3 B-3 D4 B-4 G#1,?,?
152.125,D4 B-4 G#1,?,?
152.25,G#1,?,?
152.6666667,F#2 G#1,?,?
152.7916667,G#1,?,?
153.25,G2 G#1,?,?
153.5,G#1,?,?
153.875,A2 G#1,?,?
154.125,G#1,?,?
154.375,C3 G#1,?,?
154.5,B-2 G#1,?,?
154.625,G#1,?,?
155,F#3 A2 G#1,?,?
155.125,G#1,?,?
155.625,G3 B-2 G#1,?,?
155.875,G#1,?,?
156.25,C3 A3 G#1,?,?
156.375,A3 G#1,?,?
156.5833333,G#1,?,?
156.6666667,C4 G#1,?,?
156.75,B-3 D3 C4 G#1,?,?
156.875,C4 B-3 G#1,?,?
156.9166667,B-3 G#1,?,?
157,G#1,?,?
157.375,A3 F#4 C3 E-3 G#1,5,m
157.5,G#1,5,m
158,B-3 B-2 G4 D3 G#1,5,m
158.125,G4 G#1,5,m
158.25,G#1,5,m
158.625,C4 A4 C3 A2 G#1,5,m
158.75,G#1,5,m
159.125,C5 G#1,5,m
159.25,D4 B-4 G2 B-2 C5 G#1,5,m
159.375,D4 G#1 B-4 G2 B-2,5,m
159.75,A4 D4 G#1 G2 B-2,5,m
159.9166667,A4 D4 G#1,5,m
160,D4 G#1,5,m
160.5,G#1,5,m
160.625,G3 C#4 B-2 B-4 G#1,5,m
161,G3 C#4 B-2 G#1,5,m
161.125,G4 G3 C#4 B-2 G#1,5,m
161.375,G#1,5,m
162.125,B-3 E4 C5 E5 C6 C3 G#1,5,m
163.125,E4 G#1 C5 E5 C6 C3,5,m
164,G#1 C5 E5 C6 C3,5,m
164.4583333,G#1 C5 E5 C6,5,m
164.5,G#1 C5 C6,5,m
164.875,F3 A3 F4 F5 F2 G#1 C5 C6,5,m
165.375,F3 A3 G#1 C5 F4 F5 F2,5,m
165.875,A3 G#1 C5 F4 F5 F2,5,m
166,G#1 C5,5,m
166.25,A3 G#1,5,m
167.5,G#1,5,m
167.625,G3 C2 C3 G#1,5,m
168,E3 G3 C2 C3 G#1,5,m
168.25,G3 C2 C3 G#1,5,m
168.625,C2 C3 G3 G#1,5,m
168.875,C2 C3 G#1,5,m
169.25,E4 C2 C3 G#1,5,m
169.375,C2 C3 G#1,5,m
169.625,C4 C2 C3 G#1,5,m
169.9583333,C2 C3 G#1,5,m
170.125,G4 C2 C3 G#1,5,m
170.375,C2 C3 G#1,1,m
170.875,G#1,1,m
171.125,E4 G#1,1,m
172.25,G#1,1,m
172.375,G3 C4 G1 G2 E3 G#1,1,m
172.75,C4 G#1 G1 G2 E3,1,m
173.125,E4 C4 G#1 G1 G2 E3,1,m
173.25,C4 G#1 G1 G2 E3,1,m
173.375,C4 G#1 G1 E3,1,m
173.5,G#1 G1 E3,1,m
173.875,G4 G#1 G1 E3,1,m
174.125,G#1 G1 E3,1,m
174.25,E4 G#1 G1 E3,1,m
174.5,E4 G#1 E3,1,m
174.7083333,E4 G#1,1,m
174.75,C5 G#1,1,m
175,G#1,1,m
175.875,F#3 E-3 A4 G#1,1,m
176.5,A4 G#1,1,m
177.125,G#1,1,m
177.25,B3 G4 G2 F3 D3 G#1,1,m
177.375,G#1,1,m
177.875,G#5 G#1,1,m
178.5416667,G#1,1,m
178.75,G3 D4 B4 F4 B5 G#1,1,m
179.875,G3 G#1 F4 B5,?,?
180,G3 G#1,?,?
180.25,G#1,?,?
180.75,A5 G#1,?,?
181.25,G#1,?,?
181.3333333,F5 G#1,?,?
181.8333333,G#1,?,?
182,D5 G#1,?,?
182.125,G#1,?,?
182.5,B4 G4 G#1,?,?
182.8333333,G#1,?,?
183.125,G#4 G#1,?,?
183.4583333,G#1,?,?
183.5,B4 G#1,?,?
183.625,G#1,?,?
183.6666667,A4 G#1,?,?
184.1666667,G#1,?,?
184.25,F4 G#1,?,?
184.75,G#1,?,?
184.875,D4 G#1,?,?
185.5,G#1,?,?
185.625,B3 G#1,?,?
186.125,G#1,?,?
186.25,A3 G#1,?,?
186.5833333,G#1,?,?
187.25,G3 G#1,?,?
187.375,G#1,?,?
187.6666667,G3 C2 C3 E3 G#1,?,?
188.1666667,G3 C2 C3 G#1,1,m
188.5416667,G3 G#1,1,m
188.625,C4 C2 C3 G3 G#1,1,m
188.75,G3 G#1 C2 C3,1,m
188.9166667,G#1 C2 C3,1,m
189.3333333,E4 G#1 C2 C3,1,m
189.5833333,G#1 C2 C3,1,m
189.6666667,C4 G#1 C2 C3,1,m
189.75,C4 G#1,1,m
190,G#1,1,m
190.125,G4 G#1,1,m
190.75,G#1,1,m
191.375,E4 G#1,1,m
192.375,G#1,1,m
192.625,G3 C4 G1 E3 G2 G#1,1,m
192.75,G3 C4 G#1 G1 E3,1,m
193,C4 G#1 G1 E3,1,m
193.3333333,E4 C4 G#1 G1 E3,1,m
193.4583333,C4 G#1 G1 E3,1,m
193.75,G#1 G1 E3,1,m
194,G4 G#1 G1 E3,1,m
194.25,G#1 G1 E3,1,m
194.375,E4 G#1 G1 E3,1,m
194.75,G#1,1,m
194.875,C5 G#1,1,m
195.2083333,G#1,1,m
196.25,F#3 A4 E-3 G#1,1,m
196.75,F#3 A4 G#1,1,m
196.875,A4 G#1,1,m
197.5,G#1,1,m
197.625,G3 C#4 G4 G2 E3 B-3 G#1,1,m
198.3333333,A5 G3 C#4 G4 G2 E3 B-3 G#1,1,m
198.6666667,G3 C#4 G4 G2 E3 B-3 G#1,1,m
198.75,G3 C#4 G4 G2 E3 G#1,1,m
199.125,G3 B-3 C#4 E4 C#5 C6 G#1,1,m
200.75,G3 B-3 C#4 E4 G#1 C#5,1,m
201.25,B-5 G3 B-3 C#4 E4 G#1 C#5,1,m
201.375,G3 B-3 C#4 E4 G#1 B-5,1,m
201.75,G3 B-3 C#4 E4 G#1,1,m
201.875,G5 G3 B-3 C#4 E4 G#1,1,m
202.2083333,G3 B-3 C#4 E4 G#1,1,M
202.375,E5 G3 B-3 C#4 E4 G#1,1,M
202.875,G3 B-3 C#4 E4 G#1,1,M
203,C#5 G3 B-3 C#4 E4 G#1,1,M
203.125,G#1 C#5,1,M
203.5,G#1,1,M
203.625,A4 G#1,1,M
203.9583333,G#1,1,M
204.125,C5 G#1,1,M
204.25,B-4 C5 G#1,1,M
204.375,B-4 G#1,1,M
204.75,G#1,1,M
204.875,G4 G#1,1,M
205.375,E4 G#1,1,M
205.7083333,G#1,1,M
206,C#4 G#1,1,M
206.625,G#1,1,M
206.6666667,B-3 G#1,1,M
207.6666667,G#1,1,M
207.75,A3 G#1,1,M
207.875,G#1,1,M
208.25,A3 F1 F2 G#1,1,M
208.625,D3 A3 F1 F2 G#1,1,M
209,F1 F2 G#1 D3,1,M
209.3333333,F3 F1 F2 G#1 D3,1,M
209.6666667,D4 F3 F1 F2 G#1 D3,1,M
209.8333333,F1 F2 G#1 D3 D4,1,M
209.9166667,F1 F2 G#1 D3,1,M
210,A3 F1 F2 G#1 D3,1,M
210.3333333,F1 F2 G#1 D3,9,m
210.5,F4 F1 F2 G#1 D3,9,m
210.625,F4 F1 F2 G#1,9,m
210.8333333,F1 F2 G#1,9,m
211.375,G#1,9,m
211.75,F4 G#1,9,m
212.875,D4 E4 G#2 G#1,9,m
212.9583333,D4 E4 G#2,9,m
213.25,E3 D4 E4 G#2,9,m
213.375,D4 E4 G#2,9,m
213.625,E4 G#2,9,m
214,B3 E4 G#2,9,m
214.25,B3 G#2,9,m
214.6666667,D4 B3 G#2,9,m
215,B3 G#2,9,m
215.25,B4 B3 G#2,9,m
215.375,B4 G#2,9,m
215.5833333,G#2,9,m
216.125,B3,9,m
216.375,C4,9,m
216.6666667,B3,9,m
216.875,B-3 B3,9,m
216.9166667,B-3,9,m
217.25,B3,9,m
217.5,D4 A1 A2 B3,9,m
217.5833333,D4 A1 A2,9,m
217.625,D4 A1,9,m
217.875,E3 D4 A1,9,m
218.125,D4 A1,9,m
218.25,C4 D4 A1,9,m
218.375,D4 A1,9,m
218.625,A3 C4 D4 A1,9,m
218.875,A3 A1 C4,9,m
219,E4 A3 A1 C4,9,m
219.125,E4 A1 C4,9,m
219.25,E4 A1,9,m
219.3333333,A1,9,m
219.75,A4 A1,9,m
220.25,A4,9,m
220.625,C4 A2,9,m
221,C5 C4 A2,9,m
221.5,A2 C5,4,m
222.125,C4 E-4 B4 F#1 F#2 A2,4,m
222.375,C4 E-4 B4 F#1 F#2,4,m
222.5,E-3 C4 E-4 B4 F#1 F#2,4,m
222.625,C4 E-4 B4 F#1 F#2,4,m
222.875,E-4 B4 F#1 F#2,4,m
223.25,A3 E-4 B4 F#1 F#2,4,m
223.5,A3 B4 F#1 F#2,4,m
223.625,B4 F#1 F#2,4,m
224,C4 B4 F#1 F#2,4,m
224.3333333,B4 F#1 F#2,4,m
224.375,A4 B4 F#1 F#2,4,m
224.5,B4 F#1 F#2,4,m
224.625,C4 E-4 B4 F#1 F#2,4,m
225.125,C4 E-4 B4 F#2,4,m
225.375,C4 E-4 B4,4,m
225.6666667,A4,4,m
226.875,C4 E4 G4 G1 G2 A4,4,m
227,C4 E4 G4 G1 G2,4,m
227.25,E3 C4 E4 G4 G1 G2,4,m
227.5,C4 E4 G4 G1 G2,4,m
227.625,E4 G4 G1 G2,4,m
227.875,G3 E4 G4 G1 G2,4,m
228,E4 G4 G1 G2,4,m
228.375,G4 G1 G2,4,m
228.625,C4 G1 G2 G4,4,m
228.75,G4,4,m
230.25,E5,4,m
231.375,G3 C4 E4 C5 G1 G2 E5,0,M
231.5,G3 C4 E4 C5 G1 G2,0,M
231.75,C4 E4 C5 G1 G2,0,M
232.0416667,C4 C5 G1 G2,0,M
232.375,C5 G1 G2,0,M
232.625,G3 E4 C5 G1 G2,0,M
232.75,G4 G3 E4 C5 G1 G2,0,M
233,G3 E4 C5 G1 G2,0,M
233.0416667,G3 E4 C5 G2,0,M
233.125,G3 C5 G2,0,M
233.25,G3 C5,0,M
233.375,C5,0,M
234.875,F#3 A3 E-4 A4 A5 E-3,0,M
235.5,F#3 A3 E-4 A4 A5,0,M
236.125,F3 G4 G3 D4 B3 G5 G2 D3 F#3 A3 E-4 A4 A5,0,M
236.5416667,F3 G4 G3 D4 B3 G5 G2 D3,0,M
236.875,G#5 F3 G4 G3 D4 B3 G5 G2 D3,0,M
237.4583333,G#5 F3 G4 G3 D4 B3 G5,0,M
237.5,F4 B4 B5 G#5 F3 G4 B3 G5,0,M
237.625,F4 F3 G4 B4 B3 G5 B5,0,M
237.875,F4 B4 B3 G5 B5,0,M
238,F4 B4 B3 G5,0,M
238.125,A5 F4 B4 B3 G5,0,M
238.4583333,F4 B4 B3 G5,0,M
238.6666667,G2 F4 B4 B3 G5,0,M
238.75,F5 G2 F4 B4 B3 G5,0,M
239.0416667,F4 F5 B4 B3 G5,0,M
239.1666667,F4 F5 B3 G5,0,M
239.25,F4 B3 G5,0,M
239.3333333,D5 F4 B3 G5,0,M
239.7083333,F4 B3 G5,0,M
239.75,F4 B3,0,M
239.875,A4 F4,0,M
240.375,A4,0,M
240.625,B4,0,M
241.25,C4 E4 C5 C3 E3,0,M
241.625,C4 E4 C5 C3,0,M
241.75,C4 E4 C3,0,M
241.875,C#5 C4 E4 C3,0,M
241.9166667,C4 C#5 C3,0,M
242.125,C4 C#5,0,M
242.375,D5 C4,7,m
242.875,C4,7,m
243,A4 C4,7,m
243.5,C5,7,m
243.625,B-4 C5,7,m
243.75,B-4,7,m
244.25,G4,7,m
244.875,G3 C4 E-4 E-3,7,m
245.25,G3 C4 E-4,7,m
245.625,B-3 G3 C4 E-4,7,m
246.25,G3 C4 E-4,7,m
246.375,F#3 A3 D4 C2 C3 D3 E-4,7,m
246.5,F#3 A3 D4 C2 C3 D3,7,m
246.625,D4 C2 C3 D3,7,m
246.875,D4 C2 C3,7,m
247.3333333,A3 D4 C2 C3,7,m
247.5,A3 D4,7,m
247.5833333,D4,7,m
247.6666667,F#3 A3 D4,7,m
247.75,F#3 A3,7,m
248.125,D4,7,m
248.625,A3,7,m
248.875,F#4 A3,7,m
249,F#4,7,m
250,B-4 B-3,7,m
251.3333333,G4 B-1 B-2,7,m
251.75,D3 G4 B-1 B-2,7,m
252,G4 B-1 B-2,7,m
252.125,B-3 G4 B-1 B-2,7,m
252.375,G4 B-1 B-2,7,m
252.625,G3,7,m
252.75,D4 G3,7,m
253,G3,7,m
253.25,B-3 G3,7,m
253.625,G3,7,m
253.6666667,D4 G4 G3,7,m
253.75,D4 G4,7,m
255,E-4 E-5 G1 G2,7,m
256,E-5 G1 G2,7,m
256.125,G2,7,m
256.3333333,D4 D5 F#1 F#2 G2,7,m
256.375,D4 D5 F#1 F#2,7,m
256.8333333,D5 F#1 F#2,7,m
256.875,D6 D5 F#1 F#2,7,m
257.2083333,D5 F#1 F#2,7,m
257.4583333,F#1 F#2,7,m
257.75,C4 D4 A4 C5 D5 E-6 F#1 F#2,7,m
258.75,C4 D4 A4 F#1 F#2 C5 D5,7,m
258.875,C4 A4 F#1 F#2 C5 D5,7,m
259.4166667,C4 A4 F#1 F#2,7,m
259.5,A5 C4 A4 F#1 F#2,7,m
259.625,C4 A5 F#1 F#2,7,m
260.0833333,A5 F#1 F#2,7,m
260.125,F#1 F#2,7,m
260.25,A3 D2 D3 D4 A4 C5 D5 B-5 F#1 F#2,7,m
260.3333333,A3 D2 D3 D4 A4 C5 D5 F#2 B-5,7,m
260.5833333,A3 D2 D3 D5 B-5,7,m
260.75,A3 D2 D3 D5,7,m
260.875,C6 A3 D2 D3 D5,7,m
260.9166667,C6 D5,7,m
261.5,B-3 B-4 B-5 G1 G2 D5,7,m
261.625,B-3 B-4 D5 B-5 G2,7,m
261.75,B-3 B-4 D5 B-5,7,m
262,B-3 B-4 D5,7,m
262.125,G5 B-3 B-4 D5,7,m
262.1666667,B-4 D5 G5,7,m
262.375,B-4 G5,7,m
262.6666667,B-3 D4 G4 D5,7,m
262.7916667,B-3 D4 D5,7,m
263,B-3 D4,7,m
263.3333333,B-4 B-3 D4,7,m
263.4166667,B-3 B-4,7,m
263.7083333,B-3,7,m
264,D4 G4 B-3,7,m
264.5,B-3 D4,7,m
264.5416667,D4,7,m
265.25,F3 G3 B-3 D4 B-1 B-2 F4,7,m
265.875,F3 G3 B-3 D4 B-1 B-2,7,m
265.9166667,F3 G3,7,m
266,A3 F3 G3,7,m
266.125,A3,7,m
266.75,G#3 B3 E4 E3 D2 D3,7,m
267,B3 E4 E3 D2 D3,7,m
267.125,E4 E3 D2 D3,7,m
267.25,D2 D3,7,m
267.6666667,B3 D2 D3,7,m
267.9166667,D2 D3,7,m
268,G#3 D2 D3,7,m
268.3333333,D2 D3,7,m
268.375,E4 D2 D3,7,m
268.625,D2 D3,7,m
268.75,B3 D2 D3,7,m
269.25,G#4 D2 D3,9,m
269.625,D2 D3,9,m
270.5,G#3 C4 C5,9,m
271.75,A4 C2 C3 G#3 C4 C5,9,m
272.125,E3 A4 C2 C3,9,m
272.375,A4 C2 C3,9,m
272.5,A4,9,m
272.625,C4 C2 C3 A4,9,m
272.75,A4 C2 C3,9,m
273,A3 C4 A4 C2 C3,9,m
273.3333333,E4 A3 A4 C2 C3 C4,9,m
273.5833333,A3 A4 C2 C3 C4,9,m
273.75,C4 A3 A4 C2 C3,9,m
274.125,C2 C3,9,m
275.25,A4 A5 A1 A2,9,m
275.75,A1 A2,9,m
275.875,F4 F5 A1 A2,9,m
276,F4 F5,9,m
276.6666667,E4 E5 G#1 G#2,9,m
277.25,E6 E4 E5 G#1 G#2,9,m
277.3333333,E5 G#1 G#2 E6,9,m
277.7916667,G#1 G#2 E6,9,m
277.875,G#1 G#2,9,m
278,D4 B4 D5 E5 F6 G#1 G#2,9,m
279.25,E4 D4 B4 G#1 G#2 D5 E5 F6,9,m
279.625,D4 G#1 G#2 E4,9,m
279.6666667,B5 D4 G#2 E4,9,m
279.7916667,D4 B5 E4,9,m
279.9166667,D4 B5,9,m
280,B5,9,m
280.375,D4 E4 B4 D5 E5 E6 E2 E3,9,m
280.5,D4 E4 D5 E5 E6 E2 E3,9,m
280.625,D4 D5 E5 E6 E2 E3,9,m
280.875,D4 D5 E5 E2 E3,9,m
281,D6 D4 D5 E5 E2 E3,9,m
281.0416667,D4 D6 D5 E5,9,m
281.25,D4 D5 E5,9,m
281.375,D4 E5,9,m
281.625,D4,9,m
281.75,C6 A1 A2 D4,9,m
281.875,D4 C6 A2,9,m
282,C6 A2,9,m
282.0833333,C6,9,m
282.3333333,C4 C5 A5,9,m
282.5833333,C5 A5,9,m
282.875,B3 A4 E4 E5 B4 C5,9,m
283,B3 A4 E4 E5 B4,9,m
283.125,E4 E5 B4,9,m
283.375,B4,9,m
283.5,C4 C5,9,m
283.625,C5,9,m
284.25,D4 D5 A4,9,m
284.5,A4,9,m
284.875,C4 E4 C5,9,m
285.5,B3 E-4 F#4 B4 C2 C3,7,M
285.8333333,E-4 F#4 B4 C2 C3,7,M
285.875,E-4 F#4 C2 C3,7,M
286.125,A3 A4 E-4 F#4 C2 C3,7,M
286.25,A3 A4,7,M
286.4583333,A4,7,M
286.875,G3 D4 G4 B1 B2,7,M
287.375,D4 G4 B1 B2,7,M
287.75,F4 D4 G4 B1 B2,7,M
288,G3 D4 G4 B1 B2,7,M
288.125,G4 B1 B2,7,M
288.625,G4,7,M
288.875,F4,7,M
289.375,D5,7,M
290.625,C2 C3 E3,7,M
290.9583333,E3,7,M
291.25,D3 D2 E3,7,M
291.2916667,D3 D2,7,M
291.5,D3,7,M
291.875,C4 E-2 E-3,7,M
292.375,F#3 C4 E-2 E-3,0,m
292.5416667,E-2 E-3 F#3,0,m
292.625,C4 E-2 E-3,0,m
292.875,E-2 E-3,0,m
293.125,A3 E-2 E-3,0,m
293.5,E-4 A3 E-2 E-3,0,m
293.625,E-2 E-3 E-4,0,m
293.75,E-2 E-3,0,m
293.875,C4 E-2 E-3,0,m
294.2083333,E-2 E-3,0,m
294.3333333,A4 E-2 E-3,0,m
294.5416667,A4 E-2,0,m
294.5833333,E-2,0,m
295.5,C2 E-4 F#4 A4 C3,0,m
296.125,E-4 F#4 A4,0,m
296.875,G3 D4 F4 G4 B1 B2,0,m
297.125,G4 B1 B2,0,m
297.625,G#5,0,m
298.5,G3 D4 F4 B4 B5,0,m
299.625,G3 D4 F4 B4,0,m
300.625,A5 G3 D4 F4 B4,0,m
301,G3 D4 F4 B4,0,m
301.125,F5 G3 D4 F4 B4,0,m
301.625,G3 D4 F4 B4,0,M
301.75,D5 G3 D4 F4 B4,0,M
301.875,G3 D4 F4,0,M
302,G3 D4,0,M
302.3333333,G4 B4 G3 D4,0,M
302.75,G3 G4 B4,0,M
302.8333333,G3,0,M
302.875,G#4 G3,0,M
303,G#4,0,M
303.375,B4,0,M
303.5,A4 B4,0,M
303.625,A4,0,M
304.125,F4,0,M
304.6666667,D4,0,M
305.3333333,B3,0,M
306,A3,0,M
307.125,G3,0,M
307.625,G3 C2 C3 E3,0,M
307.75,G3 C2 C3,0,M
307.875,E3 G3 C2 C3,0,M
308,C2 C3,0,M
308.3333333,C4 C2 C3,0,M
308.5833333,C2 C3,0,M
308.625,C2 C3,0,M
308.75,G3 C2 C3,0,M
309.125,E4 C2 C3 G3,0,M
309.375,C2 C3 G3,0,M
309.5,C4 C2 C3 G3,0,M
309.75,C2 C3 C4,0,M
309.875,G4 C2 C3,0,M
310.125,C2 C3,0,M
311.125,E4,0,M
312.3333333,G3 C4 G1 G2 E3,0,M
312.7083333,C4 G1 G2 E3,0,M
313.125,E4 C4 G1 G2 E3,0,M
313.25,C4 G1 G2 E3,0,M
313.4583333,G1 G2 E3,0,M
313.5,C4 G1 G2 E3,0,M
313.875,G4 C4 G1 G2 E3,0,M
314.125,C4 G1 G2 E3,0,M
314.25,E4 C4 G1 G2 E3,0,M
314.3333333,C4 E4 G1 G2,0,M
314.625,G1 G2,0,M
314.6666667,C5 G2,0,M
314.8333333,C5,0,M
315.875,C4 E4 A4,?,?
316.6666667,G4 C4 E4 A4,?,?
316.75,G4,?,?
317.25,G3 B-3 C#4 E4 G4 G1 G2,?,?
318,A5 G3 B-3 C#4 E4 G4 G1 G2,?,?
318.25,A5,?,?
318.875,G3 B-3 C#4 E4 C#5 C6,?,?
320.2083333,G3 B-3 C#4 E4 C#5,?,?
320.625,G3 B-3 C#4 E4,?,?
320.875,B-5 G3 B-3 C#4 E4,?,?
321.125,G3 B-3 C#4 E4,?,?
321.625,G5 G3 B-3 C#4 E4,?,?
321.9583333,G3 B-3 C#4 E4,?,?
322.125,E5 G3 B-3 C#4 E4,?,?
322.5,G3 B-3 C#4 E4,?,?
322.75,C#5 G3 B-3 C#4 E4,?,?
323.3333333,A4,?,?
323.875,C5,?,?
324,B-4 C5,?,?
324.125,B-4,?,?
324.625,G4,?,?
325.125,E4,?,?
325.75,C#4,?,?
326.375,B-3,?,?
327.625,A3 B-3,?,?
327.75,B-3,?,?
328,A3 F1 F2 B-3,?,?
328.125,A3 F1 F2,?,?
328.625,D3 A3 F1 F2,9,m
328.75,A3 F1 F2,9,m
328.875,F1 F2,9,m
329.25,F3 F1 F2,9,m
329.5833333,F1 F2,9,m
329.6666667,D4 F1 F2,9,m
329.9166667,F1 F2,9,m
330.125,A3 F1 F2,9,m
330.4583333,F1 F2,9,m
330.5,F4 F1 F2,9,m
330.75,F4 F1,9,m
331,F4,9,m
331.625,F4,9,m
333,D4 E4 G#1 G#2,9,m
333.375,E3 D4 E4 G#1 G#2,9,m
333.625,D4 E4 G#1 G#2,9,m
333.6666667,E4 G#1 G#2,9,m
333.75,D4 E4 G#1 G#2,9,m
333.875,E4 G#1 G#2,9,m
334.125,B3 E4 G#1 G#2,9,m
334.5,B3 G#1 G#2,9,m
334.875,D4 B3 G#1 G#2,9,m
335.25,B4 B3 G#1 G#2,9,m
335.375,B4 G#1 G#2,9,m
335.625,B4 G#2,9,m
335.75,G#2,9,m
336.625,B3,9,m
337.625,D4 A1 A2 B3,9,m
337.75,D4 A1 A2,9,m
338,E3 D4 A1 A2,9,m
338.25,D4 A1 A2,9,m
338.375,C4 D4 A1 A2,9,m
338.5,D4 A1 A2,9,m
338.625,D4 A2,9,m
338.75,A3 C4 D4 A2,9,m
338.9583333,A3 C4 A2,9,m
339,C4 A2,9,m
339.25,E4 C4 A2,9,m
339.375,C4 A2,9,m
339.5,A2,9,m
340,A4 A2,9,m
340.625,C4,9,m
341.25,E4 C5 C4,9,m
342.125,C4 C5,9,m
342.25,C4,9,m
342.5,B4 F#1 F#2 C4,9,m
342.875,E-3 C4 B4 F#1 F#2,9,m
343,C4 B4 F#1 F#2,9,m
343.2916667,B4 F#1 F#2,4,m
343.625,A3 B4 F#1 F#2,4,m
343.875,E-4 A3 B4 F#1 F#2,4,m
344.125,B4 F#1 F#2 E-4,4,m
344.25,C4 B4 F#1 F#2 E-4,4,m
344.5,E-4,4,m
344.625,F#1 F#2,4,m
344.6666667,A4 F#1 F#2,4,m
344.7916667,F#1 F#2,4,m
345.25,F#2,4,m
345.75,A4 A5,4,m
346.5,A5,4,m
347,G4 G5 G2,4,m
347.125,G1 G4 G5,4,m
347.5,E3 G4 G5 G1,4,m
347.75,G4 G5 G1,4,m
347.875,C4 G4 G5 G1,4,m
348,G4 G5 G1,4,m
348.25,G3 G4 G5 G1,4,m
348.5,G4 G5 G1,4,m
348.625,E4 G4 G5 G1 G2,4,m
348.875,G4 G5 G1 G2,4,m
349,C4 G4 G5 G1 G2,4,m
349.25,C4 G5 G1 G2,4,m
349.3333333,G4 C4 G5 G1 G2,4,m
349.375,G4 G5 G1 G2,4,m
349.4583333,G5 G1 G2,4,m
349.5,G1 G2,4,m
349.625,G1,4,m
350.3333333,E5 E6 G1,4,m
350.8333333,E6 G1,4,m
351.4583333,G1,?,?
351.5,F#3 E-3 G3 F#4 C5 C6 E-4 G1,?,?
352,A3 G3 F#4 C5 C6 E-4 G1,?,?
352.25,A3 G3 F#4 C5 C6 G1,?,?
352.375,G3 F#4 C5 C6 G1,?,?
352.5,G1,?,?
352.625,G3 F#4 C5 C6 G1 G2 C4,?,?
352.9583333,G3 F#4 C5 C6 G1 G2,?,?
353,A4 G3 F#4 C5 C6 G1 G2,?,?
353.375,E-4 G3 F#4 C5 C6 G1 G2,?,?
353.5,G3 F#4 C6 G1 G2,?,?
353.75,G3 F#4 G1 G2,?,?
353.875,C5 G3 F#4 G1 G2,?,?
354.125,G3 C5 G1 G2,?,?
354.375,G3 G1 G2,?,?
354.75,G3 G2,?,?
354.9583333,G3,?,?
355,F#4 A4 A6 A5 G3,?,?
355.2916667,F#4 A4 A6 A5,0,M
356,F#4 A4 A6,0,M
356.125,F3 G3 B3 G4 G2 D3 D4 F4 B4 G5 G6 F#4 A4 A6,0,M
356.25,F3 G3 B3 G4 G2 D3 D4 F4 B4 G5 G6,0,M
356.5,F3 G3 D4 F4 B4 G5 G6,0,M
356.625,G3 D4 F4 B4 G5 G6,0,M
356.875,G#5 G3 D4 F4 B4 G5 G6,0,M
357.25,G#5 D4 F4 B4 G5 G6,0,M
357.5,G#5 G5 G6,0,M
357.625,G3 B5 G5 G6,0,M
358.125,G3 G5 G6,0,M
358.25,A5 G3 G5 G6,0,M
358.5833333,G3 G5 G6,0,M
358.875,F5 G3 G5 G6,0,M
359.375,G3 G5,0,M
359.5,D5 G3,0,M
359.875,G3,0,M
360,A4 G3,0,M
360.125,G3,0,M
360.625,D4 B4,0,M
361.3333333,C4 E4 C6 C5 C3,0,M
361.8333333,C4 E4 C6 C3,0,M
362,C#5 C4 E4 C6 C3,0,M
362.4583333,C#5 C3,0,M
362.5,C3,0,M
362.625,D5 C3,0,M
363.125,C3,0,M
363.25,A4 C3,0,M
363.5,C3,0,M
363.75,C5 C3,0,M
363.875,B-4 C3,0,M
363.9583333,B-4,0,M
364.625,F3 C4 A4,0,M
365.125,G3 C4 F4 B-4,0,M
365.25,B-4,5,M
365.875,A3 C4 F4 C5,5,M
366,C5,5,M
366.5,B-3 F4 D5,5,M
367,C4 D4 F#4 B-3 F4 D5,5,M
367.125,B-3 F4 D5 F#4,5,M
367.25,B-3 F4 D5,5,M
367.6666667,B-3 G4 D4,5,M
367.7916667,B-3 G4,5,M
368.25,A4 A3 D4,5,M
368.875,B-4 D4 G3,5,M
369.375,B-3 G4 C4 E4,5,M
369.5,B-3 G4,5,M
370,A4 A3 F4 C4,5,M
370.625,B-4,5,M
370.6666667,G3 E4 C4 B-4,5,M
370.7916667,B-4,5,M
371.3333333,C5 F4,5,M
371.375,C4 A3 C5 F4,5,M
371.7083333,C5 F4,5,M
371.875,B-3 E4 C4,5,M
372,B-3 E4,5,M
372.625,C4 F4,5,M
373.125,G4 C4 G3,5,M
373.75,C4 A4 F3,5,M
374,C4 A4,5,M
374.3333333,A4,5,M
374.875,G4,5,M
375.5,F4,5,M
375.875,F4 G4,5,M
376.25,G3 B3 F4 B4 F5 D2 D3,5,M
377,B3 F4 B4 F5 D2 D3,5,M
377.5,F3 B3 F4 B4 F5 D2 D3,0,M
378.125,F3 B3 F4 B4 D2 D3,0,M
378.3333333,D5 F3 B3 F4 B4 D2 D3,0,M
378.625,F3 B3 F4 B4 D5 D2,0,M
378.75,B3 F4 B4 D5 D2,0,M
378.8333333,B3 F4 B4 D2,0,M
378.875,F4 B4 D2,0,M
378.9166667,F4 D2,0,M
379.625,G4 F4 D2,0,M
380,B4 F4,0,M
380.25,A4 B4 F4,0,M
380.3333333,A4 F4,0,M
380.5833333,A4,0,M
380.625,F4 B4 A4,0,M
380.875,G4,0,M
381.125,E3 G4,0,M
381.2083333,E3,0,M
381.25,B-3,0,M
381.375,C4,0,M
381.75,G5 C5 E2 E3 C3,0,M
381.875,G4 B-4 G5 C5 E2 E3 C3,0,M
383.5,E2 E3 C3 G4 B-4,0,M
383.625,E2 E3 C3 G4,0,M
383.75,E5 E2 E3 C3 G4,0,M
384.375,E2 E3 C3,2,m
384.625,C5 E2 E3 C3,2,m
384.875,C5 E2 E3,2,m
385,C#5,2,m
385.625,D5,2,m
386.25,B-4,2,m
386.875,A4,2,m
387.5,C#4 C5,2,m
388.125,D4 B-4,2,m
388.75,B-3 G4,0,M
389.375,G3 D4 B-3,0,M
389.875,D4,0,M
390.75,G3 C#4 E4 A2,0,M
391.25,E4 A2,0,M
391.375,E4,0,M
392.125,F3 D4 D3 F4,0,M
393.5,F4,0,M
395.125,C4 G4 G2 E3,0,M
396.625,G4 G2 E3,0,M
396.875,G2 E3,0,M
397.375,E3,0,M
398.125,E5,0,M
398.75,F#3 E-3 C4 C5 E-4 F#4 A4 E5,0,M
398.7916667,F#3 E-3 C4 C5 E-4 F#4 A4,0,M
399.375,A5 F#3 E-3 C4 C5 E-4 F#4 A4,0,M
399.5,A5 F#3 E-3 C4 C5 A4,0,M
399.625,F#3 E-3 A4,0,M
399.75,A4,0,M
400.25,F3 D3 G3 G4 B3 D4 G5 F4 B4 G2,0,M
400.625,F3 D3 G3 G4 B3 F4 B4 G2,0,M
401,F5 F3 D3 G3 G4 B3 F4 G2,0,M
401.25,F3 D3 G3 G4 B3 F5 G2,0,M
401.375,F3 D3 G3 G4 B3 G2,0,M
401.625,A4 F3 D3 B3 G2,0,M
402.125,B3,0,M
402.25,B4 B3,0,M
402.375,B4,0,M
402.875,C4 E4 G4 C5 C2 C3,0,M
403,C4 E4 C5 C2 C3,0,M
403.375,C4 E4 C2 C3,0,M
403.5,C#5 C4 E4 C2 C3,0,M
404.125,D5 C4 E4 C2 C3,0,M
404.375,D5 C2 C3,0,M
404.625,D5 C3,0,M
404.75,A4,0,M
405.375,C5,0,M
406,B-4,0,M
406.625,D4,0,M
407.25,E4,0,M
408,F4,0,M
409.25,F5,5,M
409.3333333,F4 F5,5,M
410.8333333,F5,10,M
411.625,G5 G4,10,M
411.6666667,E4 F4 G5 G4,10,M
411.875,G5 E4 F4,10,M
411.9583333,E4 F4,10,M
412.25,A5 A4 E4 F4,10,M
412.375,A5 E4 F4,10,M
412.5416667,A5,10,M
412.625,E4 F4,10,M
412.875,F4 B-5 B-4,10,M
413,D4 F4 B-5 B-4,10,M
413.375,F4 D4,10,M
413.625,D4,10,M
414.125,A5 A4,10,M
414.25,F4 C4 A5 A4,10,M
414.625,A5 F4 C4,10,M
414.75,F4 C4,10,M
415.375,D6 D5 B-3 F4 C4,10,M
415.5833333,D6 D5 F4 B-3,10,M
416,D6 D5 F4,10,M
416.125,D5 F4,10,M
416.6666667,C6 C5,?,?
416.75,F4 A3 C6 C5,?,?
417.125,C6 C5 F4,?,?
417.1666667,F4,?,?
418,B5 F4 B4,?,?
418.125,G3 B5 F4 B4,?,?
418.625,G3,?,?
418.75,F5 G3,?,?
419.25,G3,?,?
419.5,D5 G3,?,?
419.875,D5,?,?
420,B4,?,?
420.625,G4,?,?
421.125,G#4,?,?
421.6666667,B4,?,?
421.875,A4,?,?
422.375,F4 A4,?,?
422.5,F4,?,?
423.125,E4 B-4 B-5,?,?
423.25,C4 B-4 B-5,?,?
423.5,C2 C4 B-4 B-5,?,?
423.8333333,C4 B-4 B-5,?,?
423.875,C3 C4 B-4,?,?
424,C4 B-4,?,?
424.5833333,B-4,?,?
424.625,C4 E4 B-4 G5 E3,?,?
425,C4 E4 B-4 E3,?,?
425.125,E5 G3 C4 E4 B-4 E3,?,?
425.375,C4 E4 B-4 E5 G3,?,?
425.625,C4 E4 B-4,?,?
425.6666667,B-3 C5 C4 E4 B-4,?,?
425.75,E4 B-4 B-3 C5,?,?
425.875,B-3 C5,?,?
426.25,C#5,?,?
426.3333333,C4 C#5,?,?
426.5833333,C#5,?,?
426.875,D5 E4,?,?
427.25,E4,?,?
427.5,B-4 G4,?,?
427.875,B-4,?,?
428.125,F3 F4 A4,?,?
428.375,F3,10,m
428.875,F5 F3,10,m
429.375,F3,10,m
429.5,F4 E5 F3,10,m
430,F5 F3 F4,10,m
430.25,F4 F5,10,m
430.5,F4,10,m
430.6666667,E5 F4,10,m
431.1666667,F4,10,m
431.25,F5 F4,10,m
431.375,F5,10,m
431.875,E-4 F4 G4 G5,10,m
432.125,E-4 F4 G5,10,m
432.375,E-4 F4,10,m
432.625,A5 E-4,10,m
433.125,C#4 F4 C5 C6,10,m
433.5,C#4 F4 C6,10,m
433.625,C#4 F4,10,m
433.875,B-4 B-5,10,m
434.5,C4 F4 B-4 B-5,10,m
434.625,B-5 C4 F4,10,m
434.75,C4 F4,10,m
435.125,G#4 G#5 C4 F4,10,m
435.625,G#4 G#5 F4,10,m
435.75,B-3 G#4 G#5 F4,10,m
435.875,B-3 F4,10,m
436.3333333,C#5 C#6 B-3 F4,10,m
436.4166667,C#5 C#6 F4,10,m
436.625,F4 C#5 C#6,10,m
436.75,C#5 C#6,10,m
437,G#3 F4 C#5 C#6,10,m
437.2083333,G#3 F4,5,M
437.625,C5 C6 G#3 F4,5,M
437.75,C5 C6,5,M
438.5,G3 B4 B5 F4,5,M
438.875,G3 B4 B5,5,M
439.25,F4,5,M
439.875,D4 F5,5,M
440.375,F5,5,M
440.625,B3 F5,5,M
441.125,G3 F5,5,M
441.5416667,G3,5,M
441.75,G#3,5,M
442.375,B4 A3,5,M
442.7083333,A3,5,M
442.75,C5 A3,5,M
443,B4 C5 A3,5,M
443.0833333,A3 B4,5,M
443.125,F3 A3 B4,5,M
443.25,B-4 F3,5,M
443.375,B-4,5,M
443.625,B4,5,M
444,B-4 D5 B-5 E3 C4 E4,5,M
444.125,C3 B-4 D5 B-5 E3 C4 E4,5,M
444.6666667,B-4 D5 B-5 C4 E4 C3,5,M
444.75,B-3 B-4 D5 B-5 C4 E4 C3,5,M
445.125,B-4 D5 B-5 B-3 C4 E4,5,M
445.25,B-4 B-5 C4 E4,5,M
445.3333333,C5 B-4 B-5 C4 E4,5,M
445.375,G3 B-4 C5 B-5 C4 E4,5,M
445.625,B-4 C5 B-5 C4 E4,5,M
445.875,E3 B-4 C5 B-5 C4 E4,5,M
446.5,C3 B-4 C5 B-5 E3 C4 E4,5,M
446.5416667,B-4 C5 B-5 C4 E4 C3,5,M
446.875,B-4 C5 B-5 C4 E4,5,M
447.125,C#3 B-4 C5 B-5 C4 E4,5,M
447.3333333,B-4 C5 C#3 C4 E4,5,M
447.375,C5 C#3 C4 E4,5,M
447.625,C5 C4 E4,5,M
447.6666667,E4,5,M
447.75,D3 B-4 E4,5,M
447.875,D3 B-4,5,M
448.375,E3 B-4,5,M
448.875,E3,5,M
449,F3 A4,5,M
449.625,F3 C4 F4 A4,5,M
449.75,A4,5,M
450.125,G3 F4 B-4 C4,5,M
450.25,G3 F4 B-4,5,M
450.75,A3 C4 F4 C5,5,M
450.875,C5,5,M
451.375,B-3 F4 D5,5,M
451.625,F4 D5,5,M
452,B-3 G5 C4 E4 G4,5,M
452.625,A3 C4 F4 A4 A5,5,M
453.25,G3 E4 B-4 B-5,5,M
453.375,B-5,5,M
453.875,A3 C4 F4 C5 C6,5,M
454.125,C5 C6,5,M
454.5,F3 C4 F4 A4,5,M
454.625,A4,5,M
455.125,G3 C4 F4 B-4,5,M
455.25,B-4,5,M
455.6666667,A3 C4 F4 C5,5,M
455.7916667,C5,5,M
456.25,B-3 F4 D5,5,M
456.75,B-3 E5 C#4 G4,5,M
456.875,B-3 E5,5,M
457.375,B-3 F5 D4 F4,5,M
457.5,B-3 F5,5,M
458,B-3 G5 D4 D5,5,M
458.125,B-3 G5,5,M
458.75,A3 E4 C#5 A5,10,M
460.5,E4 C#5 A5,10,M
460.625,C#5 A5,10,M
461,C#5,10,M
461.5,F3 E-4 C5 A5,10,M
463.25,E-4 C5 A5,10,M
463.625,C5 A5,10,M
463.8333333,A5,10,M
464.125,B-3 D5 D4,10,M
465.25,B-3 D5,10,M
466.75,F3 E-4 C5 A5,10,M
468.5,E-4 C5 A5,10,M
468.875,C5 A5,10,M
469.0833333,A5,10,M
469.5,B-3 D5 D4,10,M
470.625,B-3 D5,10,M
472.125,F3 E-4 F2 A3 A4,10,M
473.125,A3 A4,10,M
473.25,A4,2,m
474.5,G#3 D4 E2 E3,2,m
475.25,C#4 C#5,2,m
475.75,D4 D5,2,m
476.3333333,E5 E4,2,m
477,G5 G4,2,m
477.5,F4 F5 G5,2,m
477.625,F5,2,m
478.125,E5 E4,2,m
478.75,D4 D5,2,m
479.375,C5,0,m
479.5,C4 C5,0,m
482,G3 G4 E-2 E-3 C#4,0,m
483.125,G3 G4 E-2 E-3,0,m
484.625,F#3 C4 D2 D3,0,m
485.25,B3 B4,0,m
485.875,C4 C5,0,m
486.375,D4 D5,0,m
486.5,D5,0,m
487,F4 F5,0,m
487.5,F5,3,M
487.625,E-4 E-5,3,M
487.75,E-5,3,M
488.125,D4 D5,3,M
488.75,C4 C5,10,m
489.375,B-3 B-4,10,m
490.375,B-3,10,m
492,F3 B3 C#2 C#3 F4,10,m
493,F3 F4,10,m
493.25,F4,10,m
494.5,B-3 C2 C3 E3,10,m
495.125,A3 A4,10,m
495.25,A3,10,m
495.75,B-3 B-4,10,m
496.25,C5 C4,10,m
496.875,E-4 E-5,10,m
497.5,C#5 C#4,10,m
498.125,C5 C4,10,m
498.6666667,B-4 B-3,10,m
499.25,A3 A4,10,m
499.5833333,A4,10,m
499.875,G#3 G#4,10,m
500.625,A3 A4,9,m
501.125,B3 B4,9,m
501.25,B4,9,m
501.75,D4 D5 F3 A3 E-4 F2 A4,9,m
502.0833333,D5 F3 A3 E-4 F2 A4,9,m
502.25,F3 A3 E-4 F2 A4,9,m
502.375,C4 C5 F3 A3 E-4 F2 A4,9,m
502.625,C5 F3 A3 E-4 F2 A4,9,m
502.75,F3 A3 E-4 F2 A4,9,m
502.875,A3 E-4 F2 A4,9,m
503,B3 B4 E-4 F2 A4,9,m
503.25,B4 E-4 F2 A4,9,m
503.375,E-4 F2 A4,9,m
503.5,A3 E-4 F2,9,m
503.625,E-4 F2,9,m
504.125,E4 E2 E3,9,m
504.25,G#3 G#4 E4 E2 E3,9,m
504.5,E2 E3 G#3 G#4,9,m
504.625,E4 E2 E3 G#3 G#4,9,m
505,C#5 C#6 E4 E2 E3 G#3 G#4,9,m
505.125,E4 E2 E3 G#3 G#4,9,m
505.375,G#3 G#4,9,m
505.5,D5 D6 G#3 G#4,9,m
505.75,G#3 G#4,9,m
506.125,E5 E6 G#3 G#4,9,m
506.25,E6 G#3 G#4,9,m
506.375,G#4,9,m
506.6666667,F5 F6,9,m
507.25,B-4 B-5,9,m
507.875,B4 B5,9,m
508.375,C5 C6,9,m
509,D5 D6,9,m
509.625,G#3,9,m
510.125,A3,9,m
510.75,B3,9,m
511.5,A3 D4 F1 F2 E-3,9,m
512.125,A3 F1 F2 E-3,9,m
512.1666667,F1 F2 E-3,9,m
512.25,C4 F1 F2 E-3,9,m
512.5,C4 F1 F2,9,m
512.5833333,F1 F2,9,m
512.75,B3 F1 F2,9,m
513.0833333,F1 F2,9,m
513.5,A3 F1 F2,9,m
513.625,A3,9,m
514.25,G#3 E1 E4 E2,9,m
514.75,E4 E2,9,m
514.875,C#4 C#5,9,m
515.375,D4 D5,9,m
516,E4 E5,9,m
516.125,E5,9,m
516.625,F4 F5,11,m
517.125,B-3 B-4,11,m
517.75,B3 B4,11,m
518.25,C4 C5,11,m
518.375,C5,11,m
518.875,D4 D5,11,m
519.375,C#4 C#5,11,m
520.125,D4 D5,11,m
520.625,E4 E5,11,m
520.75,E5,11,m
521.25,F4 F5,11,m
521.75,B-3 B-4,11,m
521.875,B-4,11,m
522.375,B3 B4,11,m
522.875,C4 C5,11,m
523,C5,11,m
523.625,D4 D5,11,m
523.75,D5,11,m
524.75,C#4,11,m
526,D4,9,m
527.125,E4,9,m
528.3333333,F4,9,m
532.625,E4,9,M
537.25,A3 C#4 A4 C#5,9,M
539.125,A3,9,M
540.125,B3 B4 E4 E3,9,M
541.25,B3 B4 E4,9,M
541.375,E4,9,M
542.25,A3 C#4 A4 C#3,9,m
543.125,A3 C#4 C#3 A4,9,m
543.25,A4,9,m
544.25,G#5 D6 F6 B6,9,m
544.5,G#5 B6,9,m
544.5833333,B6,9,m
545.125,A5 C#6 E6,9,m
546,G#4 D5 F5 B5,9,m
546.3333333,F5 B5,9,m
546.625,F5,9,m
546.75,A4 C#5 E5,9,m
546.875,E5,9,m
547.6666667,G#3 D4 F4 B4,9,m
548.0416667,D4 F4 B4,9,m
548.625,A3 C#4 E4,9,m
548.875,E4,9,m
549.5,F3 B3 D3 G#2,9,m
549.8333333,G#2,9,m
550.875,A3 C4 A4 C5,9,m
552.75,A3,9,m
553.75,B3 B4 E4 E3,9,m
554.875,B3 B4 E4,9,m
555,E4,9,m
556,A3 C4 A4 C3,9,m
556.875,A3 C4 C3 A4,9,m
557,A4,9,m
557.875,G#5 D6 F6 B6,9,m
558.125,G#5 B6,9,m
558.2083333,B6,9,m
558.75,A5 C6 E6,9,m
559.625,G#4 D5 F5 B5,9,m
559.9583333,F5 B5,9,m
560.25,F5,9,m
560.625,E5,9,m
561.375,G#3 D4 F4 B4,9,m
561.75,D4 F4 B4,9,m
562.25,A3 C4 E4,9,m
562.5,E4,9,m
563.125,F3 B3 D3 G#2,9,m
563.4583333,G#2,9,M
564.625,A3 C#4 A4 C#5,9,M
565.75,A3,9,M
566.375,B3 E3 E4 B4,9,M
566.875,B3 E3 B4,9,M
567.25,B3 E3,9,M
567.625,C#4 A4 C#3,9,M
567.75,C#3,9,M
568.125,A3 A5 C#4 C#6 E6 E3,9,M
569,C#4 E6 E3,9,M
569.125,C#4 E6,9,M
569.25,E6,9,M
569.6666667,G#3 B3 E5 B5 E3 E6,9,M
569.7916667,G#3 B3 E6 B5 E3,9,M
569.875,G#3 B3 B5 E3,9,M
569.9166667,G#3 B3 E3,9,M
570.1666667,G#3 B3,9,M
570.25,A4 G#3 B3,9,M
570.2916667,G#3 A4,9,M
570.375,B4 G#3,9,M
570.5,G#3,9,M
570.625,C#5 A3 C#3 G#3,9,M
570.6666667,C#5 A3 C#3,9,M
570.75,D5 A3 C#3,9,M
570.875,E5 A3 C#3,9,M
571,F#5 A3 C#3,9,M
571.125,G#5 F#5 A3,9,M
571.25,G#5,9,M
571.5,A3 C#4 A4 E5 A5 A1 A2 C#5,9,M
572.125,A4 E5 A5 A1 A2 C#5,9,M
572.25,C#5,?,?
