0.75,B-4,?,?
1.0,G#4,3,M
1.25,B-4,3,M
1.5,G4 E-3,3,M
1.625,E-3,3,M
2.0,E-5 E-3,3,M
2.125,E-3,3,M
2.5,G#4 F3,3,M
2.625,F3,3,M
3.0,E-5 F3,3,M
3.125,F3,3,M
3.5,B-4 G3,3,M
3.625,G3,3,M
4.0,E-5 G3,3,M
4.125,G3,3,M
4.5,C5 G#3,3,M
4.625,G#3,3,M
5.0,E-5 G#3,3,M
5.125,G#3,3,M
5.5,B-4 G3,3,M
5.75,E-5 G3,3,M
6.0,D5 G#3,3,M
6.25,C5 G#3,3,M
6.5,B-4 B-3,3,M
6.625,B-3,3,M
7.0,G#4 B-2,3,M
7.125,B-2,3,M
7.5,G#4 E-3,3,M
7.625,G4 E-3,3,M
7.666666666666667,G#4 G4 E-3,3,M
7.75,G4 G#4 E-3,3,M
7.791666666666667,G4 E-3,3,M
8.0,F4 E-3,3,M
8.125,E-3,3,M
8.5,E-4,3,M
9.0,F4 D3,3,M
9.5,G4 E-3,3,M
9.625,G4,3,M
9.75,B-4,3,M
10.0,G4 B-3,3,M
10.125,G4,3,M
10.25,E-4,3,M
10.5,F4 D3,3,M
10.625,F4,3,M
10.75,G#4,3,M
11.0,F4 B-3,3,M
11.125,F4,3,M
11.25,D4,3,M
11.5,G4 E-3,3,M
11.625,G4,3,M
11.75,B-4,3,M
12.0,G4 B-3,3,M
12.125,G4,3,M
12.25,E-4,3,M
12.5,F4 D3,3,M
12.625,F4,3,M
12.75,G#4,3,M
13.0,F4 B-3,3,M
13.125,F4,3,M
13.25,D4,3,M
13.5,G4 E-3,3,M
13.625,G4,3,M
13.75,B-4,3,M
14.0,G4 B-3,3,M
14.125,G4,3,M
14.25,E-4,3,M
14.5,A4 E-3,3,M
14.625,A4,3,M
14.75,C5,3,M
15.0,A4 C4,3,M
15.125,A4,3,M
15.25,F4,3,M
15.5,B-4 D3,3,M
15.75,B-4 F3,3,M
16.0,D3,10,M
16.25,B-2,10,M
16.5,E-5 C3,10,M
16.75,E-5 E-3,10,M
17.0,C3,10,M
17.25,A2,10,M
17.5,D5 B-2,10,M
17.75,F5 B-2,10,M
18.0,D5,10,M
18.25,B-4,10,M
18.5,C5 E-3,10,M
18.75,E-5 E-3,10,M
19.0,C5,10,M
19.25,A4,10,M
19.5,B-4 D3,10,M
19.75,B-4 F3,10,M
20.0,D3,10,M
20.25,B-2,10,M
20.5,E-5 C3,10,M
20.75,E-5 E-3,10,M
21.0,C3,10,M
21.25,A2,10,M
21.5,D5 B-2,10,M
21.75,F5 B-2,10,M
22.0,D5,10,M
22.25,B-4,10,M
22.5,C5 E-3,10,M
22.75,E-5 E-3,10,M
23.0,C5,10,M
23.25,A4,10,M
23.5,B-4 D3,10,M
23.75,D5 D3,10,M
24.0,B-4,5,M
24.25,A4,5,M
24.5,B-4 G3,5,M
24.75,D5 G3,5,M
25.0,B-4,5,M
25.25,A4,5,M
25.5,B-4 E3,5,M
25.75,G4 E3,5,M
26.0,A4,5,M
26.25,B-4,5,M
26.5,C5 C3,5,M
26.75,B-4 C3,5,M
27.0,A4,5,M
27.25,G4,5,M
27.5,A4 F3,5,M
27.75,B-4 F3,5,M
28.0,A4 F3,5,M
28.25,G4 F3,5,M
28.375,G4,5,M
28.5,A4,5,M
28.75,F4,5,M
29.0,A4,5,M
29.25,C5,5,M
29.5,F5 A3,5,M
29.625,A3,5,M
29.75,C4,5,M
30.0,A3,5,M
30.25,F3,5,M
30.5,F5 A3,5,M
30.625,A3,5,M
30.75,C4,5,M
31.0,A3,5,M
31.25,F3,5,M
31.5,G5 B-3,5,M
31.625,F5,5,M
31.75,G5,5,M
31.875,F5 E5,5,M
32.0,F5 D4,5,M
32.125,F5,5,M
32.5,G5 B-3,5,M
32.625,F5,5,M
32.75,G5,5,M
32.875,F5 E5,10,M
33.0,F5 D4,10,M
33.125,F5,10,M
33.5,F5 A3,10,M
33.625,A3,10,M
33.75,C4,10,M
34.0,A3,10,M
34.25,F3,10,M
34.5,F5 A3,10,M
34.625,A3,10,M
34.75,C4,10,M
35.0,A3,10,M
35.25,F3,10,M
35.5,G5 B-3,10,M
35.625,F5,10,M
35.75,G5,10,M
35.875,F5 E5,10,M
36.0,F5 D4,10,M
36.125,F5,10,M
36.5,G5 B-3,10,M
36.625,F5,10,M
36.75,G5,10,M
36.875,F5 E5,10,M
37.0,F5 D4,10,M
37.125,F5,10,M
37.5,F5 D3,10,M
38.0,G5 D3,10,M
38.25,A5 D3,10,M
38.375,A5,10,M
38.5,B-5,10,M
39.0,F5,10,M
39.5,B-5 D3,10,M
39.625,B-5,10,M
40.0,A5 C3,10,M
40.125,A5,10,M
40.25,G5,10,M
40.5,F5 D3,10,M
41.0,E-5 A3,10,M
41.5,D5 B-3,10,M
41.625,D5,10,M
41.75,C5,10,M
42.0,B-4 G3,10,M
42.125,B-4,10,M
42.5,D5 B-4 E-3,10,M
42.625,C5 B-4,10,M
42.75,D5 B-4,10,M
42.875,C5 B-4,10,M
43.0,A4 C5 F3,10,M
43.125,A4 C5,10,M
43.5,B-4 B-3,10,M
43.75,F4 F3,10,M
44.0,D4 D3,10,M
44.25,B-3 B-2,10,M
44.5,B-4 B-3,10,M
44.75,F4 F3,10,M
45.0,D4 D3,10,M
45.25,B-3 B-2,10,M
45.5,B-4 B-3,10,M
45.75,F4 F3,10,M
46.0,D4 D3,10,M
46.25,B-3 B-2,10,M
46.5,E-4 E-3,10,M
47.0,F4 F3,10,M
47.5,B-3 B-2,10,M
47.75,B-3 F3,10,M
48.0,B-3 E-3,10,M
48.25,B-3 F3,10,M
48.375,F3,10,M
48.5,D3,10,M
48.75,F5,10,M
49.0,E-5 C3,10,M
49.125,E-5,10,M
49.25,F5,10,M
49.5,D5 B-2,10,M
49.625,B-2,10,M
50.0,B-5 B-2,10,M
50.125,B-2,10,M
50.5,E-5 C3,10,M
50.625,C3,10,M
51.0,B-5 C3,10,M
51.125,C3,10,M
51.5,F5 D3,10,M
51.625,D3,10,M
52.0,B-5 D3,10,M
52.125,D3,10,M
52.5,G5 E-3,10,M
52.625,E-3,10,M
53.0,B-5 E-3,10,M
53.125,E-3,10,M
53.5,F5 D3,10,M
53.625,F5,10,M
53.75,B-5,10,M
54.0,A5 E-3,10,M
54.125,A5,10,M
54.25,G5,10,M
54.5,F5 F3,10,M
55.0,E-5 F2,3,M
55.5,E-5 B-2,3,M
55.625,D5 B-2,3,M
55.666666666666664,E-5 D5 B-2,3,M
55.75,D5 E-5 B-2,3,M
55.791666666666664,D5 B-2,0,m
56.0,C5 B-2,0,m
56.375,C5,0,m
56.5,B-4,0,m
57.0,C5 G#2,0,m
57.125,G#2,0,m
57.5,B4 G2,0,m
57.75,B4 G3,0,m
58.0,B4 F3,0,m
58.25,B4 G3,0,m
58.375,G3,0,m
58.5,E-3,0,m
58.75,G5,0,m
59.0,F5 D3,0,m
59.125,F5,0,m
59.25,G5,0,m
59.5,E-5 C3,0,m
59.625,C3,0,m
60.0,C6 C3,0,m
60.125,C3,0,m
60.5,F5 D3,0,m
60.625,D3,0,m
61.0,C6 D3,0,m
61.125,D3,0,m
61.5,G5 E-3,0,m
61.625,E-3,0,m
62.0,C6 E-3,0,m
62.125,E-3,0,m
62.5,G#5 F3,0,m
62.625,F3,0,m
63.0,C6 F3,0,m
63.125,F3,0,m
63.5,G5 E-3,0,m
63.625,G5,0,m
63.75,C6,0,m
64.0,B-5 F3,0,m
64.125,B-5,0,m
64.25,G#5,0,m
64.5,G5 G3,0,m
65.0,F5 G2,0,m
65.5,F5 C3,0,m
65.625,E-5 C3,0,m
65.66666666666667,F5 E-5 C3,0,m
65.75,E-5 F5 C3,0,m
65.79166666666667,E-5 C3,0,m
66.0,D5 C3,0,m
66.125,C3,0,m
66.5,C5,0,m
67.0,E5 B-3,10,M
67.125,B-3,10,M
67.5,F5 A3,10,M
67.625,A3,10,M
67.75,C4,10,M
68.0,F4 A3,3,M
68.125,A3,3,M
68.25,F3,3,M
68.5,C5 A3,3,M
68.625,A3,3,M
68.75,C4,3,M
69.0,E-5 A3,3,M
69.125,A3,3,M
69.25,F3,3,M
69.5,D5 B-3,3,M
69.75,D5 F3,3,M
70.0,D5 D3,3,M
70.25,D5 F3,3,M
70.375,F3,3,M
70.5,B-2,3,M
70.75,B-4,3,M
71.0,C5 G#3,3,M
71.125,C5,3,M
71.25,D5,3,M
71.5,E-5 G3,3,M
71.625,G3,3,M
71.75,B-3,3,M
72.0,E-4 G3,3,M
72.125,G3,3,M
72.25,E-3,3,M
72.5,B-4 G3,3,M
72.625,G3,3,M
72.75,B-3,3,M
73.0,C#5 G3,3,M
73.125,G3,3,M
73.25,E-3,3,M
73.5,C5 G#3,3,M
73.75,C5 E-3,3,M
74.0,C5 C3,3,M
74.25,C5 E-3,3,M
74.375,E-3,3,M
74.5,G#2,3,M
74.75,G#4,3,M
75.0,B-4 E-3,3,M
75.125,B-4,3,M
75.25,C5,3,M
75.5,B-4 G2,3,M
75.625,B-4,3,M
75.75,G4,3,M
76.0,G#4 E-3,3,M
76.125,G#4,3,M
76.25,B-4,3,M
76.5,G#4 F2,3,M
76.625,G#4,3,M
76.75,F4,3,M
77.0,G4 D3,3,M
77.125,G4,3,M
77.25,G#4,3,M
77.5,G4 E-2,3,M
77.625,G4,3,M
77.75,E-4,3,M
78.0,F4 E-3,3,M
78.125,F4,3,M
78.25,G4,3,M
78.5,G#4 F2,3,M
78.625,G#4,3,M
78.75,F4,3,M
79.0,G4 E-3,3,M
79.125,G4,3,M
79.25,G#4,3,M
79.5,B-4 G2,3,M
79.625,B-4,3,M
79.75,G4,3,M
80.0,G#4 E-3,3,M
80.125,G#4,3,M
80.25,B-4,3,M
80.5,G#4 F2,3,M
80.625,G#4,3,M
80.75,F4,3,M
81.0,G4 D3,3,M
81.125,G4,3,M
81.25,G#4,3,M
81.5,G4 E-2,3,M
81.625,G4,3,M
81.75,B-4,3,M
82.0,G4,3,M
82.25,E-4,3,M
82.5,F4 G#3,3,M
82.75,G#4 G#3,3,M
83.0,F4,3,M
83.25,D4,3,M
83.5,E-4 G3,3,M
83.75,E-4 B-3,3,M
84.0,G3,3,M
84.25,E-3,3,M
84.5,G#4 F3,3,M
84.75,G#4 G#3,3,M
85.0,F3,3,M
85.25,D3,3,M
85.5,G4 E-3,3,M
85.75,B-4 E-3,3,M
86.0,G4,3,M
86.25,E-4,3,M
86.5,F4 G#2,3,M
86.75,G#4 G#2,3,M
87.0,F4,10,M
87.25,D4,10,M
87.5,E-4 G2,10,M
87.75,G4 G2,10,M
88.0,E-4,10,M
88.25,D4,10,M
88.5,E-4 C3,10,M
88.75,G4 C3,10,M
89.0,E-4,10,M
89.25,D4,10,M
89.5,E-4 A2,10,M
89.75,C4 A2,10,M
90.0,D4,10,M
90.25,E-4,10,M
90.5,F4 F2,10,M
90.75,E-4 F2,10,M
91.0,D4,10,M
91.25,C4,10,M
91.5,D4 B-2,10,M
91.75,E-4 B-2,10,M
92.0,D4 B-2,10,M
92.25,C4 B-2,10,M
92.375,C4,10,M
92.5,D4,10,M
92.75,B-3,10,M
93.0,D4,10,M
93.25,F4,10,M
93.5,B-4 D3,10,M
93.625,D3,10,M
93.75,F3,10,M
94.0,D3,10,M
94.25,B-2,10,M
94.5,B-4 D3,10,M
94.625,D3,10,M
94.75,F3,10,M
95.0,D3,10,M
95.25,B-2,10,M
95.5,C5 E-3,10,M
95.625,B-4,10,M
95.66666666666667,C5 B-4,10,M
95.75,B-4 C5,10,M
95.79166666666667,B-4,10,M
95.875,A4,10,M
96.0,B-4 G3,10,M
96.125,B-4,10,M
96.5,C5 E-3,10,M
96.625,B-4,10,M
96.66666666666667,C5 B-4,10,M
96.75,B-4 C5,10,M
96.79166666666667,B-4,3,M
96.875,A4,3,M
97.0,B-4 G3,3,M
97.125,B-4,3,M
97.5,B-4 D3,3,M
97.625,D3,3,M
97.75,F3,3,M
98.0,D3,3,M
98.25,B-2,3,M
98.5,B-4 D3,3,M
98.625,D3,3,M
98.75,F3,3,M
99.0,D3,3,M
99.25,B-2,3,M
99.5,C5 E-3,3,M
99.625,B-4,3,M
99.66666666666667,C5 B-4,3,M
99.75,B-4 C5,3,M
99.79166666666667,B-4,3,M
99.875,A4,3,M
100.0,B-4 G3,3,M
100.125,B-4,3,M
100.5,C5 E-3,3,M
100.625,B-4,3,M
100.66666666666667,C5 B-4,3,M
100.75,B-4 C5,3,M
100.79166666666667,B-4,3,M
100.875,A4,3,M
101.0,B-4 G3,3,M
101.125,B-4,3,M
101.5,B-4 G2,3,M
102.0,C5 G2,3,M
102.25,D5 G2,3,M
102.375,D5,3,M
102.5,E-5,3,M
103.0,B-4,3,M
103.5,E-5 G3,3,M
103.625,E-5,3,M
104.0,D5 F3,3,M
104.125,D5,3,M
104.25,C5,3,M
104.5,B-4 G3,3,M
105.0,G#4 D3,3,M
105.5,G4 E-3,3,M
105.625,G4,3,M
105.75,F4,3,M
106.0,E-4 G2,3,M
106.125,E-4,3,M
106.5,G4 E-4 G#2,3,M
106.625,F4 E-4,3,M
106.75,G4 E-4,3,M
106.875,F4 E-4,3,M
107.0,D4 F4 B-2,3,M
107.125,D4 F4,3,M
107.5,E-4 E-3,3,M
107.75,E-4 B-2,3,M
108.0,E-4 G2,3,M
108.25,E-4 E-2,3,M
108.375,E-2,3,M
108.5,E-3,3,M
108.75,B-2,3,M
109.0,G2,3,M
109.25,E-2,3,M
109.5,E-5 G2,3,M
109.75,B-4 G2,3,M
110.0,G4 G2,3,M
110.25,E-4 G2,3,M
110.375,E-4,3,M
110.5,E-5,3,M
110.75,B-4,3,M
111.0,G4,3,M
111.25,E-4,3,M
111.5,E-5 C4,3,M
111.75,E-5 G3,3,M
112.0,E-5 E-3,?,?
112.25,E-5 C3,?,?
112.375,C3,?,?
112.5,C4,?,?
112.75,G3,?,?
113.0,E-3,?,?
113.25,C3,?,?
113.5,E-5 A3,?,?
113.75,C5 A3,?,?
114.0,A4 A3,3,M
114.25,F4 A3,3,M
114.375,F4,3,M
114.5,E-5,3,M
114.75,C5,3,M
115.0,A4,3,M
115.25,F4,3,M
115.5,D5 B-3,3,M
115.75,E-5 B-3,3,M
116.0,D5 B-3,3,M
116.25,C5 B-3,3,M
116.375,C5,3,M
116.5,D5 B-3,3,M
116.625,D5,3,M
116.75,B-4,3,M
117.0,D5 G#3,3,M
117.125,D5,3,M
117.25,F5,3,M
117.5,B-5 G3,3,M
117.625,G3,3,M
117.75,B-3,3,M
118.0,G3,3,M
118.25,E-3,3,M
118.5,G#5 F3,3,M
118.625,F3,3,M
118.75,G#3,3,M
119.0,F3,3,M
119.25,D3,3,M
119.5,G#5 E-3,3,M
119.625,G5,3,M
119.66666666666667,G#5 G5,3,M
119.75,G5 G#5,3,M
119.79166666666667,G5,3,M
120.0,F5 G3,3,M
120.125,F5,3,M
120.25,E-5,3,M
120.5,F5 G#3,3,M
121.0,D5 B-3,3,M
121.5,E-5 G3,3,M
121.75,B-4 G3,3,M
122.0,E-5,3,M
122.25,G5,3,M
122.5,F5 D3,3,M
122.75,B-4 D3,3,M
123.0,F5,3,M
123.25,G#5,3,M
123.5,G5 E-3,3,M
123.75,B-4 E-3,3,M
124.0,E-5,3,M
124.25,G5,3,M
124.5,G#5 D3,3,M
124.75,B-4 D3,3,M
125.0,F5,3,M
125.25,G#5,3,M
125.5,G5 E-3,3,M
125.75,B-4 E-3,3,M
126.0,E-5,3,M
126.25,G5,3,M
126.5,F5 B-2,3,M
126.75,B-4 B-2,3,M
127.0,D5,3,M
127.25,F5,3,M
127.5,B-5 G3,3,M
127.625,G3,3,M
127.75,B-3,3,M
128.0,G3,3,M
128.25,E-3,3,M
128.5,G#5 F3,3,M
128.625,F3,3,M
128.75,G#3,3,M
129.0,F3,3,M
129.25,D3,3,M
129.5,G#5 E-3,3,M
129.625,G5,3,M
129.66666666666666,G#5 G5,3,M
129.75,G5 G#5,3,M
129.79166666666666,G5,3,M
130.0,F5 G3,3,M
130.125,F5,3,M
130.25,E-5,3,M
130.5,F5 G#3,3,M
131.0,D5 B-3,3,M
131.5,E-5 E-4,3,M
131.75,B-4 B-3,3,M
132.0,G4 G3,3,M
132.25,E-4 E-3,3,M
132.5,E-5 E-4,3,M
132.75,B-4 B-3,3,M
133.0,G4 G3,3,M
133.25,E-4 E-3,3,M
133.5,E-5 E-4,3,M
133.75,B-4 B-3,3,M
134.0,G4 G3,3,M
134.25,E-4 E-3,3,M
134.5,G#4 G#3,3,M
135.0,B-4 B-3,?,?
135.5,E-4 E-3,?,?
139.0,E-3,3,M
139.5,G3 E-3,3,M
140.0,B-3 E-3 G3,3,M
140.5,G4 E-3 G3 B-3,3,M
140.83333333333334,G4 E-3 B-3,3,M
140.875,G4,3,M
141.0,B-4 G4,3,M
141.5,E-5 G4 B-4,3,M
142.0,E-3,3,M
142.5,G#3 E-3,3,M
143.0,C4 E-3 G#3,3,M
143.5,G#4 E-3 G#3 C4,3,M
143.83333333333334,G#4 E-3 C4,3,M
143.875,G#4,3,M
144.0,C5 G#4,3,M
144.5,E-5 G#4 C5,3,M
145.0,D3,3,M
145.5,F3 D3,3,M
146.0,B-3 D3 F3,3,M
146.5,F5 D3 F3 B-3,3,M
146.83333333333334,F5 D3 B-3,3,M
146.875,F5,3,M
147.0,B-4 F5,3,M
147.5,G#4 F5 B-4,3,M
148.0,E-3,3,M
148.5,G3 E-3,3,M
149.0,B-3 E-3 G3,3,M
149.5,G4 E-3 G3 B-3,3,M
149.83333333333334,G4 E-3 B-3,3,M
149.875,G4,3,M
150.0,B-4 G4,3,M
150.5,E-5 G4 B-4,3,M
151.0,E-3,3,M
151.5,A3 E-3,3,M
152.0,C4 E-3 A3,10,M
152.5,A4 E-3 A3 C4,10,M
152.83333333333334,A4 E-3 C4,10,M
152.875,A4,10,M
153.0,C5 A4,10,M
153.5,F5 A4 C5,10,M
154.0,D3,10,M
154.5,F3 D3,10,M
155.0,B-3 D3 F3,10,M
155.5,B-4 D3 F3 B-3,10,M
155.83333333333334,B-4 D3 B-3,10,M
155.875,B-4,10,M
156.0,D5 B-4,10,M
156.5,F5 B-4 D5,10,M
157.0,A2,10,M
157.5,C3 A2,10,M
158.0,F3 A2 C3,10,M
158.5,C5 A2 C3 F3,10,M
158.83333333333334,C5 A2 F3,10,M
158.875,C5,10,M
159.0,F5 C5,10,M
159.5,E-5 C5 F5,10,M
160.0,B-2,10,M
160.5,D3 B-2,10,M
161.0,F3 B-2 D3,10,M
161.5,D5 B-2 D3 F3,10,M
161.83333333333334,D5 B-2 F3,10,M
161.875,D5,10,M
162.0,F5 D5,10,M
162.5,B-5 D5 F5,10,M
163.0,B-2,10,M
163.5,E-3 B-2,10,M
164.0,G3 B-2 E-3,10,M
164.5,B-4 B-2 E-3 G3,10,M
164.83333333333334,B-4 B-2 G3,3,M
164.875,B-4,3,M
165.0,E-5 B-4,3,M
165.5,G5 B-4 E-5,3,M
166.0,A2,3,M
166.5,C3 A2,3,M
167.0,E-3 A2 C3,3,M
167.5,C5 A2 C3 E-3,3,M
167.83333333333334,C5 A2 E-3,3,M
167.875,C5,3,M
168.0,E-5 C5,3,M
168.5,G5 C5 E-5,3,M
169.0,B-2,3,M
169.5,E-5 G5 B-2,3,M
170.0,D5 F5 B-2,3,M
170.5,C5 E-5 B-2,3,M
170.75,C5 E-5,3,M
171.0,B-4 D5,3,M
171.5,C5 E-5,3,M
172.0,D5 F5 B-2,3,M
172.5,F5 G#5 B-2,3,M
172.875,F5 G#5,3,M
173.0,E-5 G5 B-2,3,M
173.5,D5 F5 B-2,3,M
173.875,D5 F5,3,M
174.0,E-5 G5 B-2,3,M
174.5,C5 E-5 B-2,3,M
174.875,C5 E-5,3,M
175.0,G#4 C5 B-2,3,M
175.125,E-5 G#4 C5 B-2,3,M
175.625,G#4 C5 E-5 B-3,3,M
176.0,B-3,3,M
176.125,G#4 C5 E-5 F3,3,M
176.375,F3,3,M
176.625,B-3,3,M
177.125,G#4 C5 E-5 D3,3,M
177.375,D3,3,M
177.625,F3,3,M
178.125,G#4 C5 B-2,8,M
178.25,E-5 G#4 C5 B-2,8,M
182.0,B-4,3,M
182.25,G#4,3,M
182.5,B-4,3,M
182.75,G4 E-3,3,M
182.875,E-3,3,M
183.25,E-5 E-3,3,M
183.375,E-3,3,M
183.75,G#4 F3,3,M
183.875,F3,3,M
184.25,E-5 F3,3,M
184.375,F3,3,M
184.75,B-4 G3,3,M
184.875,G3,3,M
185.25,E-5 G3,3,M
185.375,G3,3,M
185.75,C5 G#3,3,M
185.875,G#3,3,M
186.25,E-5 G#3,3,M
186.375,G#3,3,M
186.75,B-4 G3,3,M
187.0,E-5 G3,3,M
187.25,D5 G#3,3,M
187.5,C5 G#3,3,M
187.75,B-4 B-3,3,M
187.875,B-3,3,M
188.25,G#4 B-2,3,M
188.375,B-2,3,M
188.75,G4 E-3,3,M
189.25,F4 E-3,3,M
189.375,E-3,3,M
189.75,E-4,3,M
190.25,F4 D3,3,M
190.75,G4 E-3,3,M
190.875,G4,3,M
191.0,B-4,3,M
191.25,G4 B-3,3,M
191.375,G4,3,M
191.5,E-4,3,M
191.75,F4 D3,3,M
191.875,F4,3,M
192.0,G#4,3,M
192.25,F4 B-3,3,M
192.375,F4,3,M
192.5,D4,3,M
192.75,G4 E-3,3,M
192.875,G4,3,M
193.0,B-4,3,M
193.25,G4 B-3,3,M
193.375,G4,3,M
193.5,E-4,3,M
193.75,F4 D3,3,M
193.875,F4,3,M
194.0,G#4,3,M
194.25,F4 B-3,3,M
194.375,F4,3,M
194.5,D4,3,M
194.75,G4 E-3,3,M
194.875,G4,3,M
195.0,B-4,3,M
195.25,G4 B-3,3,M
195.375,G4,3,M
195.5,E-4,3,M
195.75,A4 E-3,3,M
195.875,A4,10,M
196.0,C5,10,M
196.25,A4 C4,10,M
196.375,A4,10,M
196.5,F4,10,M
196.75,B-4 D3,10,M
197.0,B-4 F3,10,M
197.25,D3,10,M
197.5,B-2,10,M
197.75,E-5 C3,10,M
198.0,E-5 E-3,10,M
198.25,C3,10,M
198.5,A2,10,M
198.75,D5 B-2,10,M
199.0,F5 B-2,10,M
199.25,D5,10,M
199.5,B-4,10,M
199.75,C5 E-3,10,M
200.0,E-5 E-3,10,M
200.25,C5,10,M
200.5,A4,10,M
200.75,B-4 D3,10,M
201.0,B-4 F3,10,M
201.25,D3,10,M
201.5,B-2,10,M
201.75,E-5 C3,10,M
202.0,E-5 E-3,10,M
202.25,C3,10,M
202.5,A2,10,M
202.75,D5 B-2,10,M
203.0,F5 B-2,10,M
203.25,D5,10,M
203.5,B-4,10,M
203.75,C5 E-3,10,M
204.0,E-5 E-3,10,M
204.25,C5,10,M
204.5,A4,10,M
204.75,B-4 D3,10,M
205.0,D5 D3,5,M
205.25,B-4,5,M
205.5,A4,5,M
205.75,B-4 G3,5,M
206.0,D5 G3,5,M
206.25,B-4,5,M
206.5,A4,5,M
206.75,B-4 E3,5,M
207.0,G4 E3,5,M
207.25,A4,5,M
207.5,B-4,5,M
207.75,C5 C3,5,M
208.0,B-4 C3,5,M
208.25,A4,5,M
208.5,G4,5,M
208.75,A4 F3,5,M
209.0,B-4 F3,5,M
209.25,A4 F3,5,M
209.5,G4 F3,5,M
209.625,G4,5,M
209.75,A4,5,M
210.0,F4,5,M
210.25,A4,5,M
210.5,C5,5,M
210.75,F5 A3,5,M
210.875,A3,5,M
211.0,C4,5,M
211.25,A3,5,M
211.5,F3,5,M
211.75,F5 A3,5,M
211.875,A3,5,M
212.0,C4,5,M
212.25,A3,5,M
212.5,F3,5,M
212.75,G5 B-3,5,M
212.875,F5,5,M
213.0,G5,5,M
213.125,F5 E5,5,M
213.25,F5 D4,5,M
213.375,F5,5,M
213.75,G5 B-3,5,M
213.875,F5,10,M
214.0,G5,10,M
214.125,F5 E5,10,M
214.25,F5 D4,10,M
214.375,F5,10,M
214.75,F5 A3,10,M
214.875,A3,10,M
215.0,C4,10,M
215.25,A3,10,M
215.5,F3,10,M
215.75,F5 A3,10,M
215.875,A3,10,M
216.0,C4,10,M
216.25,A3,10,M
216.5,F3,10,M
216.75,G5 B-3,10,M
216.875,F5,10,M
217.0,G5,10,M
217.125,F5 E5,10,M
217.25,F5 D4,10,M
217.375,F5,10,M
217.75,G5 B-3,10,M
217.875,F5,10,M
218.0,G5,10,M
218.125,F5 E5,10,M
218.25,F5 D4,10,M
218.375,F5,10,M
218.75,F5 D3,10,M
219.25,G5 D3,10,M
219.5,A5 D3,10,M
219.625,A5,10,M
219.75,B-5,10,M
220.25,F5,10,M
220.75,B-5 D3,10,M
220.875,B-5,10,M
221.25,A5 C3,10,M
221.375,A5,10,M
221.5,G5,10,M
221.75,F5 D3,10,M
222.25,E-5 A3,10,M
222.75,D5 B-3,10,M
222.875,D5,10,M
223.0,C5,10,M
223.25,B-4 G3,10,M
223.375,B-4,10,M
223.75,D5 B-4 E-3,10,M
223.875,C5 B-4,10,M
224.0,D5 B-4,10,M
224.125,C5 B-4,10,M
224.25,A4 C5 F3,10,M
224.375,A4 C5,10,M
224.75,B-4 B-3,10,M
225.0,F4 F3,10,M
225.25,D4 D3,10,M
225.5,B-3 B-2,10,M
225.75,B-4 B-3,10,M
226.0,F4 F3,10,M
226.25,D4 D3,10,M
226.5,B-3 B-2,10,M
226.75,B-4 B-3,10,M
227.0,F4 F3,10,M
227.25,D4 D3,10,M
227.5,B-3 B-2,10,M
227.75,E-4 E-3,10,M
228.25,F4 F3,10,M
228.75,B-3 B-2,10,M
229.0,B-3 F3,10,M
229.25,B-3 E-3,10,M
229.5,B-3 F3,10,M
229.625,F3,10,M
229.75,D3,10,M
230.0,F5,10,M
230.25,E-5 C3,10,M
230.375,E-5,10,M
230.5,F5,10,M
230.75,D5 B-2,10,M
230.875,B-2,10,M
231.25,B-5 B-2,10,M
231.375,B-2,10,M
231.75,E-5 C3,10,M
231.875,C3,10,M
232.25,B-5 C3,10,M
232.375,C3,10,M
232.75,F5 D3,10,M
232.875,D3,10,M
233.25,B-5 D3,10,M
233.375,D3,10,M
233.75,G5 E-3,10,M
233.875,E-3,10,M
234.25,B-5 E-3,10,M
234.375,E-3,10,M
234.75,F5 D3,10,M
234.875,F5,10,M
235.0,B-5,10,M
235.25,A5 E-3,10,M
235.375,A5,10,M
235.5,G5,10,M
235.75,F5 F3,10,M
236.25,E-5 F2,3,M
236.75,D5 B-2,3,M
237.25,C5 B-2,0,m
237.625,C5,0,m
237.75,B-4,0,m
238.25,C5 G#2,0,m
238.375,G#2,0,m
238.75,B4 G2,0,m
239.0,B4 G3,0,m
239.25,B4 F3,0,m
239.5,B4 G3,0,m
239.625,G3,0,m
239.75,E-3,0,m
240.0,G5,0,m
240.25,F5 D3,0,m
240.375,F5,0,m
240.5,G5,0,m
240.75,E-5 C3,0,m
240.875,C3,0,m
241.25,C6 C3,0,m
241.375,C3,0,m
241.75,F5 D3,0,m
241.875,D3,0,m
242.25,C6 D3,0,m
242.375,D3,0,m
242.75,G5 E-3,0,m
242.875,E-3,0,m
243.25,C6 E-3,0,m
243.375,E-3,0,m
243.75,G#5 F3,0,m
243.875,F3,0,m
244.25,C6 F3,0,m
244.375,F3,0,m
244.75,G5 E-3,0,m
244.875,G5,0,m
245.0,C6,0,m
245.25,B-5 F3,0,m
245.375,B-5,0,m
245.5,G#5,0,m
245.75,G5 G3,0,m
246.25,F5 G2,0,m
246.75,E-5 C3,0,m
247.25,D5 C3,0,m
247.375,C3,0,m
247.75,C5 C3,0,m
247.875,C3,10,M
248.25,E5 B-3,10,M
248.375,B-3,10,M
248.75,F5 A3,10,M
248.875,A3,3,M
249.0,C4,3,M
249.25,F4 A3,3,M
249.375,A3,3,M
249.5,F3,3,M
249.75,C5 A3,3,M
249.875,A3,3,M
250.0,C4,3,M
250.25,E-5 A3,3,M
250.375,A3,3,M
250.5,F3,3,M
250.75,D5 B-3,3,M
251.0,D5 F3,3,M
251.25,D5 D3,3,M
251.5,D5 F3,3,M
251.625,F3,3,M
251.75,B-2,3,M
252.0,B-4,3,M
252.25,C5 G#3,3,M
252.375,C5,3,M
252.5,D5,3,M
252.75,E-5 G3,3,M
252.875,G3,3,M
253.0,B-3,3,M
253.25,E-4 G3,3,M
253.375,G3,3,M
253.5,E-3,3,M
253.75,B-4 G3,3,M
253.875,G3,3,M
254.0,B-3,3,M
254.25,C#5 G3,3,M
254.375,G3,3,M
254.5,E-3,3,M
254.75,C5 G#3,3,M
255.0,C5 E-3,3,M
255.25,C5 C3,3,M
255.5,C5 E-3,3,M
255.625,E-3,3,M
255.75,G#2,3,M
256.0,G#4,3,M
256.25,B-4 E-3,3,M
256.375,B-4,3,M
256.5,C5,3,M
256.75,B-4 G2,3,M
256.875,B-4,3,M
257.0,G4,3,M
257.25,G#4 E-3,3,M
257.375,G#4,3,M
257.5,B-4,3,M
257.75,G#4 F2,3,M
257.875,G#4,3,M
258.0,F4,3,M
258.25,G4 D3,3,M
258.375,G4,3,M
258.5,G#4,3,M
258.75,G4 E-2,3,M
258.875,G4,3,M
259.0,E-4,3,M
259.25,F4 E-3,3,M
259.375,F4,3,M
259.5,G4,3,M
259.75,G#4 F2,3,M
259.875,G#4,3,M
260.0,F4,3,M
260.25,G4 E-3,3,M
260.375,G4,3,M
260.5,G#4,3,M
260.75,B-4 G2,3,M
260.875,B-4,3,M
261.0,G4,3,M
261.25,G#4 E-3,3,M
261.375,G#4,3,M
261.5,B-4,3,M
261.75,G#4 F2,3,M
261.875,G#4,3,M
262.0,F4,3,M
262.25,G4 D3,3,M
262.375,G4,3,M
262.5,G#4,3,M
262.75,G4 E-2,3,M
262.875,G4,3,M
263.0,B-4,3,M
263.25,G4,3,M
263.5,E-4,3,M
263.75,F4 G#3,3,M
264.0,G#4 G#3,3,M
264.25,F4,3,M
264.5,D4,3,M
264.75,E-4 G3,3,M
265.0,E-4 B-3,3,M
265.25,G3,3,M
265.5,E-3,3,M
265.75,G#4 F3,3,M
266.0,G#4 G#3,3,M
266.25,F3,3,M
266.5,D3,3,M
266.75,G4 E-3,3,M
267.0,B-4 E-3,3,M
267.25,G4,3,M
267.5,E-4,3,M
267.75,F4 G#2,3,M
268.0,G#4 G#2,3,M
268.25,F4,3,M
268.5,D4,3,M
268.75,E-4 G2,3,M
269.0,G4 G2,10,M
269.25,E-4,10,M
269.5,D4,10,M
269.75,E-4 C3,10,M
270.0,G4 C3,10,M
270.25,E-4,10,M
270.5,D4,10,M
270.75,E-4 A2,10,M
271.0,C4 A2,10,M
271.25,D4,10,M
271.5,E-4,10,M
271.75,F4 F2,10,M
272.0,E-4 F2,10,M
272.25,D4,10,M
272.5,C4,10,M
272.75,D4 B-2,10,M
273.0,E-4 B-2,10,M
273.25,D4 B-2,10,M
273.5,C4 B-2,10,M
273.625,C4,10,M
273.75,D4,10,M
274.0,B-3,10,M
274.25,D4,10,M
274.5,F4,10,M
274.75,B-4 D3,10,M
274.875,D3,10,M
275.0,F3,10,M
275.25,D3,10,M
275.5,B-2,10,M
275.75,B-4 D3,10,M
275.875,D3,10,M
276.0,F3,10,M
276.25,D3,10,M
276.5,B-2,10,M
276.75,C5 E-3,10,M
276.875,B-4 C5,10,M
277.0,B-4,10,M
277.125,A4,10,M
277.25,B-4 G3,10,M
277.375,B-4,10,M
277.75,C5 E-3,10,M
277.875,B-4 C5,3,M
278.0,B-4,3,M
278.125,A4,3,M
278.25,B-4 G3,3,M
278.375,B-4,3,M
278.75,B-4 D3,3,M
278.875,D3,3,M
279.0,F3,3,M
279.25,D3,3,M
279.5,B-2,3,M
279.75,B-4 D3,3,M
279.875,D3,3,M
280.0,F3,3,M
280.25,D3,3,M
280.5,B-2,3,M
280.75,C5 E-3,3,M
280.875,B-4 C5,3,M
281.0,B-4,3,M
281.125,A4,3,M
281.25,B-4 G3,3,M
281.375,B-4,3,M
281.75,C5 E-3,3,M
281.875,B-4 C5,3,M
282.0,B-4,3,M
282.125,A4,3,M
282.25,B-4 G3,3,M
282.375,B-4,3,M
282.75,B-4 G2,3,M
283.25,C5 G2,3,M
283.5,D5 G2,3,M
283.625,D5,3,M
283.75,E-5,3,M
284.25,B-4,3,M
284.75,E-5 G3,3,M
284.875,E-5,3,M
285.25,D5 F3,3,M
285.375,D5,3,M
285.5,C5,3,M
285.75,B-4 G3,3,M
286.25,G#4 D3,3,M
286.75,G4 E-3,3,M
286.875,G4,3,M
287.0,F4,3,M
287.25,E-4 G2,3,M
287.375,E-4,3,M
287.75,G4 E-4 G#2,3,M
287.875,F4 E-4,3,M
288.0,G4 E-4,3,M
288.125,F4 E-4,3,M
288.25,D4 F4 B-2,3,M
288.375,D4 F4,3,M
288.75,E-4 E-3,3,M
289.0,E-4 B-2,3,M
289.25,E-4 G2,3,M
289.5,E-4 E-2,3,M
289.625,E-2,3,M
289.75,E-3,3,M
290.0,B-2,3,M
290.25,G2,3,M
290.5,E-2,3,M
290.75,E-5 G2,3,M
291.0,B-4 G2,3,M
291.25,G4 G2,3,M
291.5,E-4 G2,3,M
291.625,E-4,3,M
291.75,E-5,3,M
292.0,B-4,3,M
292.25,G4,3,M
292.5,E-4,3,M
292.75,E-5 C4,3,M
293.0,E-5 G3,3,M
293.25,E-5 E-3,3,M
293.5,E-5 C3,3,M
293.625,C3,3,M
293.75,C4,3,M
294.0,G3,?,?
294.25,E-3,?,?
294.5,C3,?,?
294.75,E-5 A3,?,?
295.0,C5 A3,3,M
295.25,A4 A3,3,M
295.5,F4 A3,3,M
295.625,F4,3,M
295.75,E-5,3,M
296.0,C5,3,M
296.25,A4,3,M
296.5,F4,3,M
296.75,D5 B-3,3,M
297.0,E-5 B-3,3,M
297.25,D5 B-3,3,M
297.5,C5 B-3,3,M
297.625,C5,3,M
297.75,D5 B-3,3,M
297.875,D5,3,M
298.0,B-4,3,M
298.25,D5 G#3,3,M
298.375,D5,3,M
298.5,F5,3,M
298.75,B-5 G3,3,M
298.875,G3,3,M
299.0,B-3,3,M
299.25,G3,3,M
299.5,E-3,3,M
299.75,G#5 F3,3,M
299.875,F3,3,M
300.0,G#3,3,M
300.25,F3,3,M
300.5,D3,3,M
300.75,G5 E-3,3,M
300.875,G5,3,M
301.25,F5 G3,3,M
301.375,F5,3,M
301.5,E-5,3,M
301.75,F5 G#3,3,M
302.25,D5 B-3,3,M
302.75,E-5 G3,3,M
303.0,B-4 G3,3,M
303.25,E-5,3,M
303.5,G5,3,M
303.75,F5 D3,3,M
304.0,B-4 D3,3,M
304.25,F5,3,M
304.5,G#5,3,M
304.75,G5 E-3,3,M
305.0,B-4 E-3,3,M
305.25,E-5,3,M
305.5,G5,3,M
305.75,G#5 D3,3,M
306.0,B-4 D3,3,M
306.25,F5,3,M
306.5,G#5,3,M
306.75,G5 E-3,3,M
307.0,B-4 E-3,3,M
307.25,E-5,3,M
307.5,G5,3,M
307.75,F5 B-2,3,M
308.0,B-4 B-2,3,M
308.25,D5,3,M
308.5,F5,3,M
308.75,B-5 G3,3,M
308.875,G3,3,M
309.0,B-3,3,M
309.25,G3,3,M
309.5,E-3,3,M
309.75,G#5 F3,3,M
309.875,F3,3,M
310.0,G#3,3,M
310.25,F3,3,M
310.5,D3,3,M
310.75,G5 E-3,3,M
310.875,G5,3,M
311.25,F5 G3,3,M
311.375,F5,3,M
311.5,E-5,3,M
311.75,F5 G#3,3,M
312.25,D5 B-3,3,M
312.75,E-5 E-4,3,M
313.0,B-4 B-3,3,M
313.25,G4 G3,3,M
313.5,E-4 E-3,3,M
313.75,E-5 E-4,3,M
314.0,B-4 B-3,3,M
314.25,G4 G3,3,M
314.5,E-4 E-3,3,M
314.75,E-5 E-4,3,M
315.0,B-4 B-3,3,M
315.25,G4 G3,3,M
315.5,E-4 E-3,3,M
315.75,G#4 G#3,3,M
316.25,B-4 B-3,?,?
316.75,E-4 E-3,?,?
