3.75,A4,9,m
4.0,E4 E5,9,m
5.0,A2 C3 E3 A3 E4 E5,9,m
6.0,F4 F5,9,m
7.0,D2 A2 D3 F4 F5,9,m
7.75,D2 A2 D3,9,m
8.0,E4 G#4 D3 B3,9,m
9.0,C4 E4 A4 C3,9,m
10.75,A4,9,m
11.0,E4 B4 G3,9,m
12.0,C5 A3 C4 E4,9,m
12.666666666666666,E4 A3 C4,9,m
12.75,C5 E4 A3 C4,9,m
12.875,C5,9,m
13.0,A3 C#5 G3 E4,9,m
14.0,D5 F3 D4 A3,9,m
14.666666666666666,A3 F3 D4,9,m
14.75,D5 A3 F3 D4,9,m
14.875,D5,9,m
15.0,B3 E-5 F3 A3,9,m
15.875,B3,9,m
16.0,E5 E3 G#3 B3,9,m
16.5,B3 E3 G#3,9,m
16.75,E-3,9,m
17.0,E3,9,m
17.75,E-3,9,m
18.0,E3,9,m
18.75,D3,9,m
19.0,C3,9,m
19.75,B2,9,m
20.0,A2,9,m
20.5,E3 A3 C4,9,m
21.0,C5 E3 A3 C4,9,m
21.5,E3 A3 C4 C5,9,m
22.0,A2 C5,9,m
22.5,E3 A3 C4 C5,9,m
22.75,E3 A3 C4,9,m
23.0,B4 E3 A3 C4,9,m
23.5,A4 E3 A3 C4,9,m
24.0,A4 E3,9,m
24.5,E4 D4 A4 E3,9,m
24.875,E3 E4 D4,9,m
25.0,E4 D4 G#4 E3,9,m
25.5,E4 D4 E3 G#4,9,m
25.875,E4 D4 E3,9,m
26.0,G#3 B3 E4 E3,9,m
26.666666666666668,G#3 B3 E4,9,m
26.75,D3 G#3 B3 E4,9,m
27.0,C3 G#3 B3 E4,9,m
27.666666666666668,G#3 B3 E4,9,m
27.75,B2,9,m
28.0,A2,9,m
28.5,E3 A3 C4,9,m
29.0,C5 E3 A3 C4,9,m
29.5,E3 A3 C4 C5,9,m
30.0,A2 C5,9,m
30.5,E3 A3 C4 C5,9,m
30.75,E3 A3 C4,9,m
31.0,B4 E3 A3 C4,9,m
31.5,A4 E3 A3 C4,9,m
32.0,C4 A4 E3,9,m
32.666666666666664,C4 A4,9,m
32.75,E-3 C4 A4,9,m
33.0,E3 C4 A4,9,m
33.75,E-3,9,m
34.0,G#4 E3 B3,9,m
35.0,E5 E4,9,m
36.0,A4 A5,0,M
37.0,G4 G5,0,M
38.0,E4 E5,0,M
39.0,F4 F5,9,m
40.0,A4 C5 A3,9,m
41.0,B4 D5 G3,9,m
42.0,C5 E5 C3,9,m
43.0,A2 C5 E5,9,m
44.0,D5 F5 D3,9,m
45.0,B4 B2,9,m
45.75,B4 B2,9,m
46.0,E5 E3,9,m
47.0,B4 E5 G#5 E2 E3,9,m
48.0,C5 E5 A5 A2 A3,9,m
49.0,A4 A2,9,m
50.5,C5,9,m
50.75,C6,9,m
51.0,B4,9,m
51.25,B5,9,m
51.5,A4 C4 E-4,9,m
51.75,A5 C4 E-4,9,m
52.0,G4 B3 D4,9,m
52.25,G5 B3 D4,9,m
52.5,F#4 C4 E-4,9,m
52.75,F#5 C4 E-4,9,m
53.0,G4 B3 D4,0,M
53.25,G5 B3 D4,0,M
53.5,F#4 C4 E-4,0,M
53.75,F#5 C4 E-4,0,M
54.0,G5 B3 D4 G4,0,M
54.5,A4,0,M
54.75,A5,0,M
55.0,G4,0,M
55.25,G5,0,M
55.5,F4 B2 G3,0,M
55.75,F5 B2 G3,0,M
56.0,E4 C3 G3,0,M
56.25,E5 C3 G3,0,M
56.5,E-4 B2 G3,0,M
56.75,E-5 B2 G3,0,M
57.0,E4 C3 G3,0,M
57.25,E5 C3 G3,0,M
57.5,E-4 B2 G3,0,M
57.75,E-5 B2 G3,0,M
58.0,E4 E5 C3 G3,0,M
58.5,G4 G3,0,M
58.75,G5 G3,0,M
59.0,F4 F3,0,M
59.25,F5 F3,0,M
59.5,E4 E3,0,M
59.75,E5 E3,0,M
60.0,D3 D5,0,M
60.5,A5 A3 A4,0,M
61.0,E5 E3,0,M
61.5,A5 A3 A4,0,M
62.0,F5 F3,0,M
62.5,A5 A3 A4,0,M
63.0,E5 E3,2,m
63.5,A5 A3 A4,2,m
64.0,D3 D5,2,m
64.5,A5 A3 A4,2,m
65.0,E5 E3,2,m
65.5,A5 A3 A4,2,m
66.0,F5 F3,2,m
66.5,A5 A3 A4,2,m
67.0,E5 E3,9,m
67.5,A5 A3 A4,9,m
68.0,E-5 E-3,9,m
68.5,A5 A3,9,m
69.0,C6 C4,9,m
71.0,E-4,9,m
71.75,E4,9,m
72.0,E4,9,m
73.0,C5,9,m
74.0,A2 C5,9,m
74.5,A3 C5,9,m
75.0,B4 C3,9,m
75.5,A4 A3,9,m
76.0,A4 E3,9,m
76.5,B3 D4 A4,9,m
77.0,B3 D4 G#4,9,m
77.5,B3 D4 B4,9,m
78.0,E4 G#3,9,m
78.5,B3 D4 E4,9,m
79.0,B3 D4 G#4,9,m
79.125,F4 B3 D4,9,m
79.5,B3 D4 E4,9,m
80.0,E4 A3,9,m
80.5,B3 D4 E4,9,m
80.875,B3 D4,9,m
81.0,C5 C4 E4,9,m
81.5,D4 B3 C5,9,m
82.0,A2 C5,9,m
82.5,E3 A3 C5,9,m
82.75,E3 A3,9,m
83.0,B4 C3,9,m
83.5,A4 E3 A3,9,m
84.0,A4 E3,9,m
84.5,C4 A3 A4,9,m
85.0,C4 A3 A4,9,m
85.5,A3 C4 A4,9,m
86.0,E4 G#4 E3 B3,9,m
86.75,E5,9,m
87.0,E5,9,m
87.125,F5,9,m
87.25,E5,9,m
87.375,F5,9,m
87.5,E5,9,m
87.625,F5,9,m
87.75,E5,9,m
87.875,F5,9,m
88.0,F5 D3 F3,9,m
88.25,A3 F5,9,m
88.5,D3 F3 F5,9,m
88.66666666666667,D3 F3,9,m
88.75,D5 D3 A3,9,m
89.0,D5 C3 F3,0,M
89.125,E5 C3 F3,0,M
89.25,D3 A3 D5,0,M
89.375,E5 D3 A3,0,M
89.5,D5 C3 F3,0,M
89.625,E5 C3 F3,0,M
89.75,A3 D5,0,M
89.875,E5 A3,0,M
90.0,G5 B2 D3 F3,0,M
90.25,G3 G5,0,M
90.5,B2 D3 F3 G5,0,M
90.66666666666667,B2 D3 F3,0,M
90.75,D5 G3,0,M
91.0,D5 G2 D3,0,M
91.125,E5 G2 D3,0,M
91.25,G3 D5,0,M
91.375,E5 G3,0,M
91.5,D5 G2 D3,0,M
91.625,E5 G2 D3,0,M
91.75,G3 D5,0,M
91.875,E5 G3,0,M
92.0,E5 C3 E3,0,M
92.25,G3 E5,0,M
92.5,C3 E3 E5,0,M
92.66666666666667,C3 E3,0,M
92.75,C5 C3 G3,0,M
93.0,C5 B2 E3,0,M
93.125,D5 B2 E3,0,M
93.25,C3 G3 C5,0,M
93.375,D5 C3 G3,0,M
93.5,C5 B2 E3,0,M
93.625,D5 B2 E3,0,M
93.75,G3 C5,0,M
93.875,D5 G3,0,M
94.0,F5 A2 C3 E3,0,M
94.25,F3 F5,0,M
94.5,A2 C3 E3 F5,0,M
94.66666666666667,A2 C3 E3,0,M
94.75,C5 F3,0,M
95.0,C5 F2 C3,0,M
95.125,D5 F2 C3,0,M
95.25,F3 C5,0,M
95.375,D5 F3,0,M
95.5,C5 F2 C3,0,M
95.625,D5 F2 C3,0,M
95.75,F3 C5,0,M
95.875,D5 F3,0,M
96.0,D5 B2 D3,0,M
96.25,F3 D5,0,M
96.5,B2 D3 D5,0,M
96.66666666666667,B2 D3,0,M
96.75,B4 F3,0,M
97.0,B4 A2 B2 D3,0,M
97.125,C5 A2 B2 D3,0,M
97.25,F3 B4,0,M
97.375,C5 F3,0,M
97.5,B4 A2 B2 D3,0,M
97.625,C5 A2 B2 D3,0,M
97.75,F3 B4,0,M
97.875,C5 F3,0,M
98.0,E5 G#2 B2 D3,0,M
98.25,E3 E5,0,M
98.5,G#2 B2 D3 E5,0,M
98.66666666666667,G#2 B2 D3,0,M
98.75,B4 E3,0,M
99.0,B4 E2 B2,9,m
99.125,C5 E2 B2,9,m
99.25,E3 B4,9,m
99.375,C5 E3,9,m
99.5,B4 E2 B2,9,m
99.625,C5 E2 B2,9,m
99.75,E3 B4,9,m
99.875,C5 E3,9,m
100.0,A2 C3 E3,9,m
102.0,D4 F4 B-4 D3,5,M
104.5,G5,5,M
105.0,F5,5,M
105.5,D5,5,M
106.0,C5,5,M
107.0,D5,10,M
108.0,F5,10,M
110.0,F#4 E-3 C4 A4,9,m
111.75,C4 A4,9,m
112.0,E3 E4 C4 A4,9,m
112.5,G#4 E3,9,m
112.875,G#4,9,m
113.0,A4,9,m
113.5,C5,9,m
114.0,E5,9,m
115.0,E3 B3 D4 G#4,9,m
116.0,A3 C4 E4 A4,3,M
118.0,F4 B-4 D3 D4,3,M
120.0,G#2 G#3 D4 F4 B-4,3,M
120.5,G5 G#2 G#3,3,M
121.0,F5 G#2 G#3,3,M
121.5,D5 G#2 G#3,3,M
122.0,C5 G#2 G#3,3,M
122.5,B-4 G#2 G#3,3,M
122.66666666666667,B-4,3,M
123.0,G#2 F3 B-2 B-4,3,M
123.375,G#2 F3 B-2,3,M
123.5,D5 G#2 F3 B-2,3,M
123.875,D5 B-2,9,m
124.0,E-5 G2 E-3 B-2,9,m
126.0,F4 B4 D5 G#2 G#3,9,m
128.0,E4 A4 C5 A2 A3,9,m
129.0,D4 F4 B4 D3,9,m
130.0,E4 A4 E3 C4,9,m
131.0,B3 D4 E4 G#4 E2,9,m
132.0,C4 E4 A4 A2,9,m
133.0,A5 F3,9,m
133.5,A5,9,m
134.0,B4 D5 B2 A5,9,m
134.5,A5 B4 D5,9,m
134.75,B4 D5,9,m
135.0,G#5 E3 B4 D5,9,m
135.125,A5 B4 D5 E3,9,m
135.25,E3 G#5 B4 D5,9,m
135.375,A5 E3 B4 D5,9,m
135.5,G#5 F3 B4 D5,9,m
135.625,A5 B4 D5 F3,9,m
135.75,E3 G#5,9,m
135.875,A5 E3,9,m
136.0,A4 C5 A2,9,m
137.0,A4 F3,9,m
137.5,A4,9,m
138.0,B3 D4 B2 A4,9,m
138.5,A4 B3 D4,9,m
138.75,B3 D4,9,m
139.0,G#4 E3 B3 D4,9,m
139.125,A4 B3 D4 E3,9,m
139.25,E3 G#4 B3 D4,9,m
139.375,A4 E3 B3 D4,9,m
139.5,G#4 F3 B3 D4,9,m
139.625,A4 B3 D4 F3,9,m
139.75,E3 G#4,9,m
139.875,A4 E3,9,m
140.0,C4 A4 A2,9,m
141.0,A5 F3,9,m
141.5,A5,9,m
142.0,B4 D5 B2 A5,9,m
142.5,A5 B4 D5,9,m
142.75,B4 D5,9,m
143.0,G#5 E3 B4 D5,9,m
143.125,A5 B4 D5 E3,9,m
143.25,E3 G#5 B4 D5,9,m
143.375,A5 E3 B4 D5,9,m
143.5,G#5 F3 B4 D5,9,m
143.625,A5 B4 D5 F3,9,m
143.75,E3 G#5 B4 D5,9,m
143.875,A5 E3 B4 D5,9,m
144.0,C5 A2,9,m
145.0,A4 F3,9,m
145.5,A4,9,m
146.0,B3 D4 B2 A4,9,m
146.5,A4 B3 D4,9,m
146.75,B3 D4,9,m
147.0,G#4 E3 B3 D4,9,m
147.5,B3 D4,9,m
147.75,E5 E3 B3 D4,9,m
147.875,E5 B3 D4,9,m
148.0,A5 A3 A4,9,m
149.75,A5 A3 A4,9,m
150.0,E5 E3 E4,9,m
151.75,E5 E3 E4,9,m
152.0,C5 C3 C4,9,m
153.0,A5 A3 A4,9,m
154.0,E5 E3 E4,9,m
155.0,C5 C3 C4,9,m
156.0,A4 A2 A3,9,m
158.0,E5 A5 C6 A2 E3 A3,9,m
160.0,C5 E5 A5 A2 C3 E3 A3,9,m
163.75,A5,9,m
164.0,E6,9,m
165.0,E6 E4 A4 C5 E5 A2 A3,9,m
165.5,E4 A4 C5 E5 A2 A3,9,m
166.0,F6,9,m
167.0,F6 F4 A4 D5 F5 D2 D3,9,m
167.25,D6 F4 A4 D5 F5 D2 D3,9,m
167.375,B5 F4 A4 D5 F5 D2 D3,9,m
167.5,G#5 F4 A4 D5 F5 D2 D3,9,m
167.625,F5 F4 A4 D5 D2 D3,9,m
167.75,D5 F4 A4 F5 D2 D3,9,m
167.875,B4,9,m
168.0,G#4,9,m
169.0,G#4 D4 B4 E4,9,m
170.0,A4 C4 C5 E4,9,m
170.5,C4 A4 C5 E4,9,m
170.75,A4 C4 C5 E4,9,m
170.875,C4 A4 C5 E4,9,m
171.0,B4 G#3 B3 D4 E4,9,m
171.125,C5 G#3 B3 D4 E4,9,m
171.25,B4 G#3 B3 D4 E4,9,m
171.375,C5 G#3 B3 D4 E4,9,m
171.5,B4 G#3 B3 D4 E4,9,m
171.625,C5 G#3 B3 D4 E4,9,m
171.75,A4 G#3 B3 D4 E4,9,m
171.875,B4 G#3 B3 D4 E4,9,m
172.0,C5 A3 C4 E4,9,m
172.75,A4,9,m
173.0,A5,9,m
173.75,A5 C5 A4,9,m
174.0,A5 C5 E5,9,m
174.5,G#5 C5 E5,9,m
174.75,A5 C5 E5,9,m
174.875,A5 C5,9,m
175.0,C6 A4 C5,9,m
175.25,B5 C5 A4,9,m
175.33333333333334,C6 B5 C5 A4,9,m
175.375,G#5 C6 C5 A4,9,m
175.45833333333334,G#5 C5 A4,9,m
175.625,A5 C5 A4,9,m
175.75,F5 A5 C5 A4,9,m
175.875,F5,9,m
176.0,E5 G#4 B4,9,m
177.0,E5 E3 G#4 B4,9,m
177.5,D5 G#4 B4 E3,9,m
177.75,D5 E3,9,m
178.0,C5 A4 A3,9,m
178.5,C5,9,m
179.0,A2,9,m
180.0,B4 F4 D3,9,m
180.5,B4 F4 D3,9,m
181.0,B4 F4 D3,9,m
181.5,B4 F4 D3,9,m
182.0,D6 F4 B4 D3,9,m
182.25,F6 F4 B4 D3,9,m
182.375,E6 F4 B4 D3,9,m
182.5,C#6 F4 B4 D3,9,m
182.75,D6 F4 B4 D3,9,m
183.0,E-6 F4 B4 D3,9,m
183.25,E6 F4 B4 D3,9,m
183.375,F6 E6 F4 B4 D3,9,m
183.5,F6 F4 B4 D3,9,m
183.625,D6 F4 B4 D3,9,m
183.75,B5 D6 F4 B4 D3,9,m
183.875,B5 F4 B4 D3,9,m
184.0,A5 B4 D4 E4,9,m
184.5,A5 B4 D4 E4,9,m
185.0,A5 B4 D4 E4,9,m
185.5,A5 B4 D4 E4,9,m
185.75,G#5 B4 E4,9,m
186.0,B5 A4 C4 E4,9,m
186.25,A5 A4 C4 E4,9,m
186.5,G#5 A4 C4 E4,9,m
186.75,A5 A4 C4 E4,9,m
187.0,C6 B4 G#3 E4,9,m
187.25,B5 B4 G#3 E4,9,m
187.5,B-5 B4 G#3 E4,9,m
187.625,B-5 B4 G#3,9,m
187.75,B5 B4 G#3,9,m
188.0,D6 C5 A3 E4,9,m
188.75,C6 C5 A3 E4,9,m
189.0,B5 C5 A3 E4,9,m
189.25,A5 C5 A3 E4,9,m
189.5,G#5 C5 A3 E4,9,m
189.75,A5,9,m
190.0,B5,9,m
190.25,A5,9,m
190.5,G5,9,m
190.75,F5,9,m
191.0,E5,9,m
191.125,F5,9,m
191.33333333333334,G5,9,m
191.5,F5,9,m
191.66666666666666,E5,9,m
191.875,E-5,9,m
192.0,E-5,9,m
192.5,E-5 E-4 C5,9,m
193.0,E-5 B4 B3 E-4,9,m
193.375,E-5 B4 B3,9,m
193.5,E-5 F#4 A4 B3,9,m
194.0,E5 E4 G#4 E3,9,m
194.5,E5 D3 E4 G#4,9,m
194.875,E5 D3,9,m
195.0,E5 C3,9,m
195.5,E5 B2,9,m
195.75,A5 B2,9,m
195.875,B2,9,m
196.0,E6,9,m
197.0,E4 A4 C5 E5 A2 A3,9,m
198.0,F6,9,m
199.0,F6 F4 A4 D5 F5 D2 D3,9,m
199.25,D6 F4 A4 D5 F5 D2 D3,9,m
199.375,B5 F4 A4 D5 F5 D2 D3,9,m
199.5,G#5 F4 A4 D5 F5 D2 D3,9,m
199.625,F5 F4 A4 D5 D2 D3,9,m
199.75,D5 F4 A4 F5 D2 D3,9,m
199.875,B4,9,m
200.0,G#4,9,m
201.0,G#4 D4 B4 E4,9,m
202.0,C4 A4 C5 E4,9,m
202.5,E4,9,m
202.75,A4 E4,9,m
202.875,E4,9,m
203.0,B4 E4 G#3 B3 D4,9,m
203.125,C5 E4 G#3 B3 D4,9,m
203.25,B4 E4 G#3 B3 D4,9,m
203.375,C5 E4 G#3 B3 D4,9,m
203.5,B4 E4 G#3 B3 D4,9,m
203.625,C5 E4 G#3 B3 D4,9,m
203.75,A4 E4 G#3 B3 D4,9,m
203.875,B4 E4,9,m
204.0,C5 A3 C4 E4,9,m
204.75,A4,9,m
205.0,C6,9,m
205.75,C6 C5 A4,9,m
206.0,C6 C5 E5,9,m
206.5,B5 C5 E5,9,m
206.75,C6 C5 E5,9,m
206.875,C6 C5,0,M
207.0,D6 A4 C5,0,M
207.25,C6 C5 A4,0,M
207.375,B5 C6 C5 A4,0,M
207.5,B5 C5 A4,0,M
207.625,C6 C5 A4,0,M
207.75,A5 C6 C5 A4,0,M
207.875,A5,0,M
208.0,G5 D5 B4,0,M
208.875,G5,0,M
209.0,G5 G4 B4 G3 D4,0,M
209.5,F5 G4 B4 G3 D4,0,M
210.0,E5 E4 C5 C3 G4,0,M
210.5,E5,0,M
210.75,E5 C4,0,M
211.0,E5 D4,0,M
211.5,D4,0,M
211.75,E5 C4 E4 C3,0,M
212.0,F5 D4 F4 D3,0,M
212.125,G5 D4 F4 D3,0,M
212.25,F5 D4 F4 D3,0,M
212.375,G5 D4 F4 D3,0,M
212.5,F5,0,M
212.625,G5,0,M
212.75,E5,0,M
212.875,F5,0,M
213.0,F6 F5 D5,0,M
213.66666666666666,F6,0,M
213.75,E6 G5 E5,0,M
214.0,E6 A5 F5,9,m
214.25,D6 A5 F5,9,m
214.5,D6 G5 E5,9,m
214.75,C6 G5 E5,9,m
215.0,C6 F5 D5,9,m
215.25,B5 F5 D5,9,m
215.5,B5 E5 C5,9,m
215.75,A5 E5 C5,9,m
216.0,A5 B4 D5 E3,9,m
216.75,G#5 B4 D5 E3,9,m
216.875,G#5,9,m
217.0,B5 B4 G#4,9,m
217.75,A5 C5 A4,9,m
218.0,A5 D5 B4,9,m
218.25,G#5 D5 B4,9,m
218.5,G#5 C5 A4,9,m
218.75,F5 C5 A4,9,m
219.0,F5 G#4 B4 E3,9,m
219.25,E5 G#4 B4 E3,9,m
219.5,E5 B4 G#4 E3,9,m
219.75,D5 E3,9,m
220.0,D5 A4 C5 A3,9,m
220.25,C5 A4 A3,9,m
220.5,A5,9,m
221.0,A5 D4 F4 B4 D3,9,m
221.25,F5 D4 F4 B4 D3,9,m
221.5,D5,9,m
221.75,B4,9,m
222.0,A4 E4 E3 C4,9,m
222.125,B4 E4 A4 E3 C4,9,m
222.25,E4 A4 E3 C4,9,m
222.33333333333334,A4 E4 E3 C4,9,m
222.45833333333334,E4 A4 E3 C4,9,m
222.5,G#4,9,m
222.66666666666666,A4,9,m
222.875,E4,9,m
223.0,C5 B3 D4 G#4 E2,9,m
223.5,C5,9,m
223.75,B4,9,m
224.0,A4 C4 E4 A2,9,m
224.5,A4 A2,9,m
225.0,C5 E3 A2,9,m
225.25,E5 C5 E3 A2,9,m
225.5,F5 C5 E3 A2,9,m
225.75,E5 C5 E3 A2,9,m
226.0,E-5 A4 F#3 A2,9,m
226.25,B5 A4 F#3 A2,9,m
226.5,B5 A4 F#3 A2,9,m
227.0,B4 G#3 A2,9,m
227.25,D5 B4 G#3 A2,9,m
227.5,E5 B4 G#3 A2,9,m
227.625,E5 B4 G#3,9,m
227.75,D5 B4 G#3,9,m
227.875,D5,9,m
228.0,C#5 A2 A3 E4,9,m
228.25,A5 A2 A3 E4,9,m
228.5,A5 A2,9,m
229.0,A4 F4 A2,9,m
229.25,C5 A2 A4 F4,9,m
229.5,D5 A2 A4 F4,9,m
229.75,C5 A2 A4 F4,9,m
229.875,C5 A2 A4,9,m
230.0,B4 D4 A2 A4,9,m
230.25,F5 A2 A4 D4,9,m
230.5,F5 A2 A4 D4,9,m
230.75,F5 A2 D4,9,m
231.0,F5 E4 G#4 A2,9,m
231.5,E5 A2 E4 G#4,9,m
231.625,E5 E4 G#4,9,m
231.75,D5 E4 G#4,9,m
231.875,D5,9,m
232.0,C5 A3 A4 A2,9,m
232.25,B4 A3 A4 A2,9,m
232.5,A4 A2,9,m
232.75,A2,9,m
233.0,C5 E5 E3,9,m
233.25,E4 C5 E5 E3,9,m
233.5,F#4 C5 E5 E3,9,m
233.75,E4 C5 E5 E3,9,m
233.875,E4,9,m
234.0,E-4 A4 E-5 F#3,9,m
234.25,F#4 A4 E-5 F#3,9,m
234.5,B4 A4 E-5 F#3,9,m
234.75,A4 E-5 F#3,9,m
234.875,A4,9,m
235.0,G#4 B4 D5 G#3,9,m
235.25,B4 D5 G#3,9,m
235.5,E5 B4 D5 G#3,9,m
235.75,D5 B4 G#3,9,m
235.875,D5,9,m
236.0,C#5 A3 E4,9,m
236.25,E5 A3 E4 C#5,9,m
236.5,A5 A3 E4 C#5,9,m
236.75,G5 A3 E4 C#5,9,m
236.875,G5,9,m
237.0,F#5 D3 F#4 D5,9,m
237.25,A5 D3 F#4 D5,9,m
237.5,D6 D3 F#4 D5,9,m
237.75,C6 D3 F#4 D5,9,m
237.875,C6,9,m
238.0,B5 B4 G3 D4,9,m
238.25,D5 B4 G3 D4,9,m
238.5,G5 B4 G3 D4,9,m
238.75,F5 B4 G3 D4,9,m
238.875,F5,9,m
239.0,E5 E4 C5 C3,9,m
239.25,G5 E4 C5 C3,9,m
239.5,C6 E4 C5 C3,9,m
239.75,B5 E4 C5 C3,9,m
239.875,B5,9,m
240.0,A5 A4 F3 C4,9,m
240.25,C5 A4 F3 C4,9,m
240.5,F5 A4 F3 C4,9,m
240.75,E5 A4 F3 C4,9,m
240.875,E5,9,m
241.0,D5 D4 B4 B2,9,m
241.25,F5 D4 B4 B2,9,m
241.5,B5 D4 B4 B2,9,m
241.75,A5 D4 B4 B2,9,m
241.875,A5,9,m
242.0,G#5 E3 B3 G#4,9,m
242.25,B4 E3 B3 G#4,9,m
242.5,E5 E3 B3 G#4,9,m
242.75,D5 E3 B3 G#4,9,m
242.875,D5,9,m
243.0,C5 A2 C4 A4,9,m
243.25,A4 A2 C4,9,m
243.5,G4 A2 C4 A4,9,m
243.75,A4 A2 C4,9,m
243.875,A4,9,m
244.0,F4,9,m
244.375,A4,9,m
244.5,E4,9,m
244.875,A4,9,m
245.0,E-4,9,m
245.25,F#4,9,m
245.5,A4,9,m
245.75,C5,9,m
246.0,E-5,9,m
246.25,F#5,9,m
246.5,A5,9,m
246.75,C6,9,m
247.0,C6 F#4 A4 E-3,9,m
247.25,F#4 A4 E-3,9,m
247.75,E-4 F#4 A4 E-3,9,m
247.875,F#4 A4 E-3,9,m
248.0,E4 A4 C5 E3,9,m
248.25,A4 C5 E3,9,m
248.5,C5,9,m
248.75,E5,9,m
249.0,A5,9,m
249.25,C6,9,m
249.5,E6,9,m
249.75,F6,9,m
250.0,E6,9,m
251.0,G#4 D4 B4 E3,9,m
251.125,G#5 D4 G#4 B4 E3,9,m
251.875,G#5,9,m
252.0,A4 A3 C4 E4,9,m
252.125,A5 A3 C4 E4 A4,9,m
252.875,A5,9,m
253.0,C6 C5 E5 A5 A3,9,m
253.5,C5 E5 A5 A3,9,m
254.0,A4 C4 E4 A2,9,m
254.5,C4 E4 A4 A2,9,m
255.75,A5,9,m
256.0,E6,9,m
257.0,E6 E4 A4 C5 E5 A2 A3,9,m
257.875,E6,9,m
258.0,F6,9,m
259.0,F6 F4 A4 D5 F5 D2 D3,9,m
259.25,D6 F4 A4 D5 F5 D2 D3,9,m
259.375,B5 F4 A4 D5 F5 D2 D3,9,m
259.5,G#5 F4 A4 D5 F5 D2 D3,9,m
259.625,F5 F4 A4 D5 D2 D3,9,m
259.75,D5 F4 A4 F5 D2 D3,9,m
259.875,B4,9,m
260.0,G#4,9,m
261.0,G#4 D4 B4 E4,9,m
262.0,A4 C4 C5 E4,9,m
262.5,C4 A4 C5 E4,9,m
262.75,A4 C4 C5 E4,9,m
262.875,C4 A4 C5 E4,4,m
263.0,C5,4,m
263.75,B4,4,m
264.0,B4 B3 F#4 A4 E-3,4,m
264.5,B4 B3 F#4 A4 E-3,4,m
265.0,E-6 B3 F#4 A4 E-3,4,m
265.125,E6 B3 F#4 A4 E-3,4,m
265.25,E-6 B3 F#4 A4 E-3,4,m
265.375,E6 B3 F#4 A4 E-3,4,m
265.5,E-6 B3 F#4 A4 E-3,4,m
265.625,E6 B3 F#4 A4 E-3,4,m
265.75,E6 B3 F#4 A4 E-3,4,m
266.0,F#6 B3 F#4 A4 E-3,4,m
266.5,F#6 B3 F#4 A4 E-3,4,m
266.75,B4 B3 F#4 A4 E-3,4,m
267.0,C5 B3 F#4 A4 E-3,4,m
267.5,C5 B3 F#4 A4 E-3,4,m
267.625,C5 B3 F#4 A4,4,m
267.75,B4 B3 F#4 A4,4,m
268.0,B4 E4 G4 E3 B3,4,m
268.5,B4 E4 G4 E3 B3,4,m
269.0,E6 E4 G4 E3 B3,4,m
269.125,F6 E4 G4 E3 B3,4,m
269.25,E6 E4 G4 E3 B3,4,m
269.375,F6 E4 G4 E3 B3,4,m
269.5,E6 E4 G4 E3 B3,4,m
269.625,F6 E4 G4 E3 B3,4,m
269.75,F#6 E4 G4 E3 B3,4,m
270.0,G6 E4 G4 E3 B3,4,m
270.5,G6 E4 G4 E3 B3,4,m
270.75,B4 E4 G4 E3 B3,4,m
271.0,C5 E4 G4 E3 B3,4,m
271.5,C5 E4 G4 E3 B3,4,m
271.75,B4 E4 G4 E3 B3,4,m
272.0,B-4 E4 G4 E3,4,m
272.5,B-4 E4 G4 E3,4,m
272.75,E6 E4 G4 B-4 E3,4,m
273.0,E6 E4 G4 B-4 E3,4,m
273.5,E6 E4 G4 B-4 E3,4,m
274.0,E6 G4 B-4 E5 A2,4,m
274.5,E-6 G4 B-4 E5 A2,4,m
274.75,E6 G4 B-4 E5 A2,4,m
275.0,E-6 F#4 B-4 E5 A2,4,m
275.25,E6 F#4 B-4 E5 A2,4,m
275.5,F#6 F#4 B-4 E5 A2,4,m
275.75,E6 F#4 B-4 E5 A2,4,m
276.0,E-6 F#4 B4 E-5 B2,4,m
276.25,F#4 B4 E-5 B2,4,m
276.75,B4,4,m
277.0,B5,4,m
277.75,B5 B3,4,m
278.0,B5 B2,4,m
278.5,B4 B2,4,m
279.0,B5 E-4 F#4 B2,4,m
279.75,A5 B2 E-4 F#4,4,m
280.0,A5 G4 E4 B2,4,m
280.25,G5 B2 G4 E4,4,m
280.5,F#5 B2 G4 E4,4,m
280.75,G5 B2 G4 E4,4,m
281.0,A5 B2 G4 E4,4,m
281.25,G5 B2 G4 E4,4,m
281.5,F#5 B2 G4 E4,4,m
281.75,E5 B2 G4 E4,4,m
282.0,E-5 B2 G4 E4,4,m
282.25,E5 B2 G4 E4,4,m
282.5,F#5 B2 G4 E4,4,m
282.6666666666667,F#5 B2 E4,4,m
282.75,E5 B2 E4,4,m
283.0,D5 F#4 B2 E4,4,m
283.25,C5 B2 F#4 E4,4,m
283.5,B4 B2 F#4 E4,4,m
283.75,B-4 B2 F#4 E4,4,m
283.875,B-4 B2,4,m
284.0,B-4 E-4 F#4 B2,4,m
284.75,B4 B2 E-4 F#4,4,m
284.875,B4,4,m
285.0,B5,4,m
285.75,B5 F#4 A4 E-5 B2 B3,4,m
286.0,B5 F#4 A4 E-5 B2 B3,4,m
286.5,B4 F#4 A4 E-5 B2 B3,4,m
286.75,F#4 A4 E-5 B2 B3,4,m
287.0,B5 F#4 A4 E-5 B2 B3,4,m
287.75,A5 F#4 A4 E-5 B2 B3,4,m
288.0,G5 G4 E5 E3 E4,4,m
288.125,A5 G4 E5 E3 E4,4,m
288.25,F#5 G4 E5 E3 E4,4,m
288.5,G5 G4 E5 E3 E4,4,m
288.75,B5 G4 E5 E3 E4,4,m
289.0,E6 E5 E3,4,m
289.125,F6 E5 E3,4,m
289.25,E-6 E5 E3,4,m
289.5,E6 E5 E3,4,m
289.6666666666667,E6,4,m
289.75,F6 F#5 F#3,4,m
290.0,G6 G5 G3,4,m
290.25,G5 G3,4,m
290.5,E4,4,m
290.75,F4,4,m
291.0,G4 E5,4,m
291.25,G#4 E5,4,m
291.5,A4 E5,4,m
291.75,B-4 E5,4,m
291.875,B-4,4,m
292.0,B4 F#4 E-5 B2 B3,4,m
292.25,E-4 F#4 B4 E-5 B2 B3,4,m
292.5,F#4 B4 E-5 B2 B3,4,m
292.75,B4 F#4 E-5 B2 B3,4,m
292.875,B4,4,m
293.0,B4 G4 E5 B2 B3,4,m
293.25,E4 G4 B4 E5 B2 B3,4,m
293.5,G4 B4 E5 B2 B3,4,m
293.75,B4 G4 E5 B2 B3,4,m
293.875,B4,4,m
294.0,B4 F#4 E-5 B2 B3,4,m
294.25,E-4 F#4 B4 E-5 B2 B3,4,m
294.5,F#4 B4 E-5 B2 B3,4,m
294.75,B4 F#4 E-5 B2 B3,4,m
294.875,B4,4,m
295.0,B4 G4 E5 B2 B3,4,m
295.25,E4 G4 B4 E5 B2 B3,4,m
295.5,G4 B4 E5 B2 B3,4,m
295.75,B4 G4 E5 B2 B3,4,m
295.875,B4,4,m
296.0,B4 F#4 E-5 B2 B3,4,m
296.25,E-4 F#4 B4 E-5 B2 B3,4,m
296.5,F#4 B4 E-5 B2 B3,4,m
296.75,B4 F#4 E-5 B2 B3,4,m
296.875,B4,4,m
297.0,B4 E4 G4 B2,4,m
297.25,E4 G4 B2,4,m
297.5,G4 E4 B2,4,m
297.75,B4 E4 G4 B2,4,m
297.875,B4,4,m
298.0,B4 E-4 F#4 B2,4,m
298.25,E-4 F#4 B2,4,m
298.5,F#4 E-4 B2,4,m
298.75,B4 E-4 F#4 B2,4,m
298.875,B4,4,m
299.0,B4 E4 G4 B2,4,m
299.25,E4 G4 B2,4,m
299.5,G4 E4 B2,4,m
299.75,B4 E4 G4 B2,4,m
299.875,B4,4,m
300.0,B4 E-4 B2,4,m
300.6666666666667,B4 B2,4,m
300.75,B4 B-4 B2,4,m
300.875,B4 B-4,4,m
301.0,B4,4,m
301.75,B-4,4,m
302.0,B4,4,m
302.75,B-4,4,m
303.0,B4,4,M
303.75,B-4,4,M
304.0,A4,4,M
304.75,B4,4,M
305.0,A4,4,M
305.75,B4,4,M
306.0,A4,4,M
306.75,B4,4,M
307.0,A4,4,M
307.75,B4,4,M
308.0,B4 G#4 E3 G#3 B3,4,M
308.125,B5 G#4 E3 G#3 B3,4,M
308.6666666666667,B5 E3 G#3 B3,4,M
308.75,B5 B4 E3 G#3 B3,4,M
309.0,B5 G#4 E3 G#3 B3,4,M
309.75,B5 B4 E3 G#3 B3,4,M
310.0,B5 G#4 E3 G#3 B3,4,M
310.5,G#5 G#4 E3 G#3 B3,4,M
310.75,G#5 B4 E3 G#3 B3,4,M
311.0,E5 G#4 E3 G#3 B3,4,M
311.5,F#5 G#4 E3 G#3 B3,4,M
311.625,F#5 G#4 B3,4,M
311.75,F#5 B4 B3,4,M
312.0,E5 A4 B2 B3,4,M
312.5,E-5 A4 B2 B3,4,M
312.6666666666667,E-5 B2 B3,4,M
312.75,E-5 B4 B2 B3,4,M
313.0,B4 A4 B2 B3,4,M
313.75,B4,4,M
314.0,B4 A4 E-3 F#3,4,M
314.6666666666667,B4 E-3 F#3,4,M
314.75,B4 E-3 F#3,4,M
315.0,B4 A4 E-3 F#3,4,M
315.6666666666667,B4 E-3 F#3,4,M
315.75,B4,4,M
316.0,B4 G#4 E3 G#3,4,M
316.125,B5 G#4 E3 G#3,4,M
316.6666666666667,B5 E3 G#3,4,M
316.75,B5 B4 E3 G#3,4,M
317.0,B5 G#4 E3 G#3,4,M
317.75,B5 B4 E3 G#3,4,M
318.0,B5 G#4 E3 G#3,4,M
318.3333333333333,G#5 B5 G#4 E3 G#3,4,M
318.375,G#5 G#4 E3 G#3,4,M
318.6666666666667,E-5 G#4 E3 G#3,4,M
318.75,E-5 B4 E3 G#3,4,M
319.0,E5 G#4 E3 G#3,4,M
319.3333333333333,G#5 G#4 E3 G#3,4,M
319.625,G#5 G#4,4,M
319.6666666666667,F#5 G#4,4,M
319.75,F#5 B4,4,M
320.0,E5 A4 B2 B3,4,M
320.3333333333333,E-5 A4 B2 B3,4,M
320.6666666666667,F#5 B2 B3,4,M
320.75,F#5 B4 B2 B3,4,M
321.0,B4 A4 B2 B3,4,M
321.75,B4,4,M
322.0,B4 A4 E-3 F#3,4,M
322.6666666666667,B4 E-3 F#3,4,M
322.75,B4 E-3 F#3,4,M
323.0,A4 E-3 F#3,4,M
323.5,B4 A4 E-3 F#3,4,M
323.75,B4 A4,4,M
323.875,B4,4,M
324.0,G#5 E3 G#3,4,M
324.5,B5 B3 E3,4,M
324.625,A5 E3 B3,4,M
325.0,G#5 G#4 G#3 E3,4,M
325.5,G#5 B3 E3 G#4,4,M
325.6666666666667,G#5 E3 B3,4,M
325.75,G#5 C#5 E3 B3,4,M
326.0,G#5 E5 G#3 E3,4,M
326.5,G#5 B3 E3,4,M
327.0,G#5 G#3 E3,4,M
327.5,A5 B3 E3,4,M
328.0,G#5 A3 E3,4,M
328.5,F5 C#4 E3,4,M
329.0,F#5 A4 A3 E3,4,M
329.5,F#5 C#4 E3 A4,4,M
329.6666666666667,F#5 E3 C#4,4,M
329.75,F#5 E-5 E3 C#4,4,M
330.0,F#5 A3 E3,9,M
330.5,F#5 C#4 E3,9,M
331.0,A3 E3,9,M
331.5,C#5 C#4 E3,9,M
331.625,C#5 C#4,9,M
331.75,C#4,9,M
332.0,F#5 E3 A3,9,M
332.5,G#5 C#4 E3,9,M
333.0,F#5 A4 A3 E3,4,M
333.5,F#5 C#4 E3 A4,4,M
333.6666666666667,F#5 E3 C#4,4,M
333.75,F#5 E-5 E3 C#4,4,M
334.0,F#5 A3 E3,4,M
334.5,F5 C#4 E3,4,M
334.625,F#5 E3 C#4,4,M
334.6666666666667,F5 F#5 E3 C#4,4,M
334.75,E-5 F5 E3 C#4,4,M
334.7916666666667,E-5 E3 C#4,4,M
334.875,F5 E3 C#4,4,M
335.0,F#5 A3 E3,4,M
335.5,G#5 C#4 E3,4,M
335.625,G#5 C#4,4,M
336.0,F#5 E3 G#3,4,M
336.25,E-5 E3 G#3,4,M
336.5,F#5 B3 E3,4,M
336.75,E5 G#4 E3 B3,4,M
337.0,B4 G#3 E3,4,M
337.5,B4 B3 E3,4,M
337.6666666666667,B4 E3 B3,4,M
337.75,B4 E5 E3 B3,4,M
338.0,B4 G#5 G#3 E3,4,M
338.5,B4 B3 E3,4,M
339.0,G#3 E3,4,M
339.5,B4 B3 E3,4,M
340.0,G#5 G#3 E3,8,m
340.5,B5 B3 E3,8,m
340.625,A5 E3 B3,8,m
341.0,G#5 B4 G#3 E3,8,m
341.5,G#5 B3 E3 B4,8,m
341.6666666666667,G#5 E3 B3,8,m
341.75,G#5 E5 B3,8,m
342.0,G#5 G#3 D3,8,m
342.5,G5 B3 D3,8,m
343.0,G#5 G#3 D3,8,m
343.5,B-5 F3 D3,8,m
343.75,B-5 F3,8,m
344.0,G#5 E-3 G3,8,m
344.5,G5 B-3 E-3,8,m
345.0,E-5 E-4 G3 E-3,8,m
345.25,E5 E-3 E-4 G3,8,m
345.375,E-5 E5 E-3 E-4 G3,8,m
345.5,E-5 B-3 E-3 E-4,8,m
345.625,D5 E-3 E-4 B-3,8,m
345.75,E-5 D5 E-3 E-4 B-3,8,m
345.875,E-5 E-3 E-4 B-3,8,m
346.0,E-6 E-5 G3 E-3,8,m
346.5,E-6 B-3 E-3 E-5,8,m
347.0,E-6 E-5 G3 E-3,8,m
347.5,E-6 B-3 E-3 E-5,8,m
347.625,E-6 E-5 B-3,8,m
347.6666666666667,E-6 B-3,8,m
347.75,C#6 C#5 B-3,8,m
348.0,B5 C#5 G#3 E-4,8,m
348.6666666666667,B5 G#3 E-4,8,m
348.75,B5 B4 G#3 E-4,8,m
348.875,B5 B4,8,m
349.0,B5 E4 C#3 B4,8,m
349.6666666666667,B5 E4 C#3,8,m
349.75,B-5 B-4 E4 C#3,8,m
349.875,B-5 B-4,8,m
350.0,B-5 E-4 E-3 B3 B-4,8,m
350.6666666666667,B-5 E-4 E-3 B3,8,m
350.75,G#5 G#4 E-4 E-3 B3,8,m
350.875,G#5 G#4,8,m
351.0,G#5 C#4 E-3 B-3 G#4,8,m
351.6666666666667,G#5 C#4 E-3 B-3,8,m
351.75,G5 G4 C#4 E-3 B-3,8,m
351.875,G5 G4,8,m
352.0,G#5 G#3 B3 E-4 G#4,8,m
352.25,G#3 B3 E-4 G#4,8,m
352.75,G#5 G#4 G#3,8,m
353.0,B5 B4 B2 B3,8,m
355.25,B-5 B4 B2 B3,8,m
355.5,A5 B4 B2 B3,8,m
355.75,G#5 B4 B2 B3,8,m
356.0,B5 B4 B2 B3,4,M
356.75,A5 B4 B2 B3,4,M
357.0,A5 B4 B2 B3,4,M
357.75,F#5,4,M
358.0,F#5,4,M
358.75,E-5,4,M
359.0,E-5,4,M
359.75,B4,4,M
360.0,C5,11,M
360.75,B4,11,M
361.0,C#5,4,M
361.75,B4,4,M
362.0,D5,4,M
362.75,B4,4,M
363.0,E-5,4,M
363.75,B4,4,M
364.0,E5,4,M
364.75,B4,4,M
365.0,F5,4,M
365.75,B4,4,M
366.0,F#5,4,M
366.75,B4,4,M
367.0,G5,4,M
367.75,B4,4,M
368.0,G#5 G#4 E2,4,M
368.5,B5 B4 E3,4,M
368.625,A5 B4 E3,4,M
369.0,G#5 G#4 G#3,4,M
369.5,G#5 B4 B3,4,M
370.0,G#5 G#4 E4,4,M
370.5,G#5 B4,4,M
371.0,G#5 G#4,4,M
371.5,A5 B4,4,M
371.75,B4,4,M
372.0,G#5 A4 E2,4,M
372.5,F5 C#5 A2,4,M
373.0,F#5 A4 C#3,4,M
373.5,F#5 C#5 F#3,4,M
374.0,F#5 A4 A3,4,M
374.5,F#5 C#5,4,M
375.0,A4,4,M
375.5,C#5,4,M
375.75,C#5,4,M
376.0,F#5 A4 E2,4,M
376.5,G#5 B4 A2,4,M
377.0,F#5 A4 B2,4,M
377.5,F#5 B4 E-3,4,M
378.0,F#5 A4 F#3,4,M
378.25,B5 A4 F#3,4,M
378.5,A5 B4,4,M
378.75,F5 B4,4,M
379.0,G#5 A4,4,M
379.25,F#5 A4,4,M
379.5,C#5 B4,4,M
379.75,E-5 B4,4,M
380.0,F#5 G#4 E2,4,M
380.25,E-5 G#4 E2,4,M
380.5,E5 B4 G#2,4,M
380.75,G#5 B4 G#2,4,M
381.0,B4 G#4 B2,4,M
381.5,B4 E3,4,M
382.0,G#4 E2,4,M
382.5,B4,4,M
383.0,G#4,4,M
383.5,B4,4,M
383.75,B4,4,M
383.875,B4,4,M
384.0,G#5 E5 E3 G#3,4,M
384.5,G#5 D5 E3 G#3,4,M
384.75,B5 D5 E3 G#3,4,M
385.0,A5 C#5 A3 E3,4,M
385.125,B5 C#5 E3 A3,4,M
385.25,A5 C#5 E3 A3,4,M
385.375,B5 C#5 E3 A3,4,M
385.5,A5 A4 E3 A3,4,M
385.625,B5 A4 E3 A3,4,M
385.75,G#5 A4 E3 A3,4,M
385.875,A5 A4 E3 A3,9,M
386.0,B5 G#4 B3 E3,9,M
386.5,B5 E4 E3 B3,9,M
387.0,B5 G#4,9,M
387.5,B4,9,M
387.75,E5 B4,9,M
387.875,B4,9,M
388.0,G#5 E5 E3 G#3,9,M
388.5,G#5 D5 E3 G#3,9,M
388.75,B5 D5 E3 G#3,9,M
388.875,B5 D5 E3,9,M
389.0,A5 C#5 A3 E3,9,M
389.125,B5 C#5 E3 A3,9,M
389.25,A5 C#5 E3 A3,9,M
389.375,B5 C#5 E3 A3,9,M
389.5,A5 A4 E3 A3,9,M
389.625,B5 A4 E3 A3,9,M
389.75,G#5 A4 A3,9,M
389.875,A5 A4 A3,9,M
390.0,B5 G#4 E3 B3,9,M
390.5,B5 E3 G#4,9,M
390.75,G#4 E3,9,M
390.875,E3,9,M
391.0,E4,9,M
391.5,D4 E4 G#4,9,M
391.75,G#5 D4 E4 G#4,9,M
391.875,D4 E4 G#4,9,M
392.0,A5 C#4,9,M
392.5,A5 E4 A4,9,M
392.75,A5 E4 A4,9,M
393.0,B5 G#3,9,M
393.125,C#6 G#3,9,M
393.25,B5 G#3,9,M
393.375,C#6 G#3,9,M
393.5,B5 E4 B4,9,M
393.625,C#6 E4 B4,9,M
393.75,A5 E4 B4,9,M
393.875,B5 E4 B4,9,M
394.0,C#6 A3,9,M
394.5,C#6 E4 C#5,9,M
394.75,C#6 E4 C#5,9,M
395.0,E-6 F#3,9,M
395.125,E6 F#3,9,M
395.25,E-6 F#3,9,M
395.375,E6 F#3,9,M
395.5,E-6 B4 E-5,9,M
395.625,E6 B4 E-5,9,M
395.75,D6 B4 E-5,9,M
395.875,E-6 B4 E-5,9,M
396.0,E6 G#3,9,M
396.5,E6 B4 E5,9,M
396.75,E6 B4 E5,9,M
397.0,F#6 E-3,?,?
397.125,G#6 E-3,?,?
397.25,F#6 E-3,?,?
397.375,G#6 E-3,?,?
397.5,F#6 F#5 B4,?,?
397.625,G#6 F#5 B4,?,?
397.75,F6 F#5 B4,?,?
397.875,F#6 F#5 B4,?,?
398.0,G6 B-4 G5 E3,?,?
399.3333333333333,G6,4,M
399.75,B-4,4,M
400.0,B4,4,M
400.75,C#6,4,M
401.0,B5,4,M
401.75,B5 G#4 E4,4,M
402.0,B5 F#4 B3 E-4,4,M
402.25,A5 F#4 B3 E-4,4,M
402.5,F#5 F#4 B3 E-4,4,M
402.75,E-5 F#4 B3 E-4,4,M
402.875,E-5 F#4 B3,4,M
403.0,C#5 A4 F#4 B3,4,M
403.25,B4 F#4 B3 A4,4,M
403.5,E-5 F#4 B3 A4,4,M
403.625,C#5 F#4 B3 A4,4,M
403.75,B4 F#4 B3 A4,4,M
403.875,B4 B3,4,M
404.0,B4 E4 G#4 B3,4,M
404.5,B4,4,M
404.75,C#6,4,M
405.0,B5,4,M
405.75,B5 G#5 E5,4,M
406.0,B5 B2 B3 E-5 F#5,4,M
406.25,A5 B2 B3 E-5 F#5,4,M
406.5,F#5 B2 B3 E-5,4,M
406.75,E-5 B2 B3 F#5,4,M
406.875,E-5 B2 B3 F#5,4,M
407.0,C#5 A5 B2 B3 F#5,4,M
407.25,B4 B2 B3 A5 F#5,4,M
407.5,E-5 B2 B3 A5 F#5,4,M
407.625,C#5 B2 B3 A5 F#5,4,M
407.75,B4 B2 B3 A5 F#5,4,M
407.875,B4 B2 B3,4,M
408.0,B4 E5 G#5 B2 B3,4,M
408.5,B4,4,M
408.75,B5,4,M
409.0,B5 C#4 F4 G#4 C#5,4,M
409.25,G#5 C#4 F4 G#4 C#5,4,M
409.5,F5 C#4 F4 G#4 C#5,4,M
409.75,C#5 C#4 F4 G#4,4,M
410.0,C#5 F#3 F#4 A4,4,M
410.75,A5 F#3 F#4 A4 C#5,4,M
410.875,A5 C#5,4,M
411.0,A5 B3 E-4 F#4 B4,4,M
411.25,F#5 B3 E-4 F#4 B4,4,M
411.5,E-5 B3 E-4 F#4 B4,4,M
411.75,B4 B3 E-4 F#4,4,M
412.0,B4 E3 E4 G#4,4,M
412.75,G#5 E3 E4 G#4 B4,4,M
412.875,G#5,4,M
413.0,G#5 A4 A3 C#4 E4,4,M
413.25,E5 A4 A3 C#4 E4,4,M
413.5,C#5 A4 A3 C#4 E4,4,M
413.75,A4 A3 C#4 E4,4,M
413.875,A4,1,m
414.0,A4 E-3 E-4 F#4,1,m
414.75,F#5 E-3 E-4 F#4,1,m
414.875,F#5,1,m
415.0,F#5 G#4 G#3 C4 E-4,1,m
415.25,E-5 G#4 G#3 C4 E-4,1,m
415.5,C5 G#4 G#3 C4 E-4,1,m
415.75,G#4 G#3 C4 E-4,1,m
415.875,G#4,1,m
416.0,G#4 C#4 E4 C#3,1,m
416.5,G#4 C#4 E4 C#3,1,m
416.75,E5 G#4 C#4 E4 C#3,1,m
417.0,E5 E4 C#4,1,m
417.25,E-5 E4 C#4,1,m
417.5,E-5 F#4 E-4,1,m
417.75,C#5 F#4 E-4,1,m
418.0,C#5 G#4 E4,1,m
418.25,B4 G#4 E4,1,m
418.5,B4,1,m
418.75,A4,1,m
419.0,A4,1,m
419.25,G#4,1,m
419.5,G#4,1,m
419.75,F#4,1,m
420.0,F#4 A4 C#5 F#5 A5 F#3,1,m
420.5,F#4,1,m
421.0,A4,1,m
421.25,A4,1,m
421.5,C#5,1,m
421.75,C#5,1,m
422.0,F#5,1,m
422.25,F#5,1,m
422.5,A5,1,m
422.75,A5,1,m
423.0,C#6,6,m
423.25,C#6,6,m
423.5,F#6,6,m
423.75,F#6,6,m
424.0,A6,6,m
424.5,A6 A3 C#4 F#4 F#2,6,m
425.0,A6 A3 C#4 F#4 A2,6,m
425.5,A6 C#3 A3 C#4 F#4,6,m
426.0,F#4 F#3 A3 C#4,6,m
426.5,F#4 C#4 C#3 A3,6,m
427.0,F#4 A3 C#4 A2,6,m
427.5,F#4 A3 C#4 F#2,6,m
427.75,G4 A3 C#4 F#4 F#2,6,m
428.0,G4 A3 C#4 E4 G#4 E2,6,m
428.75,E6 A3 C#4 E4 G#4 E2,6,m
429.0,E6 A3 C#4 E4 G#4 E2,6,m
429.75,E6,6,m
430.0,E6 E4,9,M
430.75,C#6 E4,9,M
430.875,C#6,9,M
431.0,C#6 G#4,9,M
431.75,B-5 G#4,9,M
431.875,B-5,9,M
432.0,B-5 B-4 C#4,9,M
432.75,G5 B-4 C#4,9,M
432.875,G5,9,M
433.0,G5 C#5 E4,9,M
433.75,E5 C#5 E4,9,M
433.875,E5,4,M
434.0,E5 G4,4,M
434.75,C#5 E5 G4,4,M
434.875,C#5,4,M
435.0,C#5 E5 G5 E3,4,M
435.75,B-4 C#5 E5 G5 E3,4,M
436.0,B4 E5 G#5 B2,4,M
436.75,C#6,4,M
437.0,B5,4,M
438.75,G#5,4,M
439.0,E5,4,M
439.75,C#5 G4,4,M
440.0,B4 B3 E4 G#4 B2,4,M
440.5,B4,4,M
440.75,G#4,4,M
441.0,E4,4,M
441.75,G#4,4,M
442.0,B4 B3 E4 G#4 B2,4,M
443.3333333333333,B4,4,M
443.5,E-4 B3 A4 B2,4,M
443.75,B3 E-4 A4 B2,4,M
444.0,B3 E4 G#4 E2 E3,4,M
445.0,B5 E4 G#4 E2,4,M
445.25,C#6 E4 G#4 E2,4,M
445.5,B5 B4 B3,4,M
445.75,G#5 B4 B3,4,M
446.0,E5 E4 G#4 G#2,4,M
446.125,F#5 E4 G#4 G#2,4,M
446.25,E5 E4 G#4 G#2,4,M
446.375,E-5 E4 G#4 G#2,4,M
446.5,E5 B4 B3,4,M
446.875,G#5 B4 B3,4,M
447.0,B4 E4 G#4 B2,4,M
447.125,C#5 E4 G#4 B2,4,M
447.25,B4 E4 G#4 B2,4,M
447.375,B-4 E4 G#4 B2,4,M
447.5,B4 B3,4,M
447.875,E5 B4 B3,4,M
448.0,G#4 E4 E3,4,M
448.25,B4 E4 G#4 E3,4,M
448.5,E5 B4 B3,4,M
448.75,G#5 B4 B3,4,M
449.0,B5 E4 G#4 E3,4,M
449.25,C#6 E4 G#4 E3,4,M
449.5,B5 B4 B3,4,M
449.75,G#5 B4 B3,4,M
450.0,E5 G#3 E4 G#4,4,M
450.125,F#5 G#3 E4 G#4,4,M
450.25,E5 G#3 E4 G#4,4,M
450.375,E-5 G#3 E4 G#4,4,M
450.5,E5 B4,4,M
450.875,G#5 B4,4,M
451.0,B4 G#4 B3,4,M
451.25,E5 G#4 B3,4,M
451.5,G#5 B3,4,M
451.75,B5 B3,4,M
451.875,B3,4,M
452.0,B5 B3 E-4 F#4 A4 B2,4,M
452.5,A5 B3 E-4 F#4 A4 B2,4,M
452.625,B3 E-4 F#4 A4 B2,4,M
452.6666666666667,F#5 B3 E-4 F#4 A4 B2,4,M
452.7916666666667,B3 E-4 F#4 A4 B2,4,M
452.875,E-5 B3 E-4 F#4 A4 B2,4,M
453.0,B4 B3 E-4 F#4 A4 B2,4,M
453.25,A4 B3 E-4 F#4 B2,4,M
453.5,F#4 B3 E-4 A4 B2,4,M
453.75,E-4,4,M
454.0,C6 B3 E-4 F#4 A4 B2,4,M
454.5,A5 B3 E-4 F#4 A4 B2,4,M
454.625,B3 E-4 F#4 A4 B2,4,M
454.6666666666667,F#5 B3 E-4 F#4 A4 B2,4,M
454.7916666666667,B3 E-4 F#4 A4 B2,4,M
454.875,E-5 B3 E-4 F#4 A4 B2,4,M
455.0,C#5 B3 E-4 F#4 A4 B2,4,M
455.25,A4 B3 E-4 F#4 B2,4,M
455.5,F#4 B3 E-4 A4 B2,4,M
455.75,E-4,4,M
456.0,C#6 B3 E-4 F#4 A4 B2,4,M
456.5,B5 B3 E-4 F#4 A4 B2,4,M
456.625,B3 E-4 F#4 A4 B2,4,M
456.6666666666667,A5 B3 E-4 F#4 A4 B2,4,M
456.7916666666667,B3 E-4 F#4 A4 B2,4,M
456.875,F#5 B3 E-4 F#4 A4 B2,4,M
457.0,E-5 B3 E-4 F#4 A4 B2,4,M
457.25,B4 B3 E-4 F#4 A4 B2,4,M
457.5,A4 B3 E-4 F#4 B2,4,M
457.75,F#4 B3 E-4 A4 B2,4,M
458.0,E-4 B3 F#4 A4 B2,4,M
458.25,F#4 B3 E-4 A4 B2,4,M
458.375,B4 F#4 B3 E-4 A4 B2,4,M
458.5,B4 B3 E-4 F#4 A4 B2,4,M
458.625,E-5 B3 E-4 F#4 A4 B2,4,M
458.6666666666667,E-5,4,M
458.75,F#5 E-5,4,M
458.875,F#5,4,M
459.0,B5 B3 E-4 F#4 A4 B2,4,M
459.75,A5 B3 E-4 F#4 A4 B2,4,M
459.875,A5,4,M
460.0,G#5 E4 G#4 E3,4,M
460.5,G#5 B4 B3,4,M
461.0,B5 E4 G#4 E2,4,M
461.25,C#6 E4 G#4 E2,4,M
461.5,B5 B4 B3,4,M
461.75,G#5 B4 B3,4,M
462.0,E5 E4 G#4 G#2,4,M
462.125,F#5 E4 G#4 G#2,4,M
462.25,E5 E4 G#4 G#2,4,M
462.375,E-5 E4 G#4 G#2,4,M
462.5,E5 B4 B3,4,M
462.875,G#5 B4 B3,4,M
463.0,B4 E4 G#4 B2,4,M
463.125,C#5 E4 G#4 B2,4,M
463.25,B4 E4 G#4 B2,4,M
463.375,B-4 E4 G#4 B2,4,M
463.5,B4 B3,4,M
463.875,E5 B4 B3,4,M
464.0,G#4 E4 E3,4,M
464.25,B4 E4 G#4 E3,4,M
464.5,E5 B4 B3,4,M
464.75,G#5 B4 B3,4,M
465.0,B5 E4 G#4 E3,4,M
465.25,C#6 E4 G#4 E3,4,M
465.5,B5 B4 B3,4,M
465.75,G#5 B4 B3,4,M
466.0,E5 G#3 E4 G#4,4,M
466.125,F#5 G#3 E4 G#4,4,M
466.25,E5 G#3 E4 G#4,4,M
466.375,E-5 G#3 E4 G#4,4,M
466.5,E5 B4,4,M
466.875,G#5 B4,4,M
467.0,B4 G#4 B3,4,M
467.25,E5 G#4 B3,4,M
467.5,G#5 B3,4,M
467.75,B5 B3,4,M
467.875,B3,4,M
468.0,B5 B3 E-4 F#4 A4 B2,4,M
468.5,A5 B3 E-4 F#4 A4 B2,4,M
468.625,B3 E-4 F#4 A4 B2,4,M
468.6666666666667,F#5 B3 E-4 F#4 A4 B2,4,M
468.7916666666667,B3 E-4 F#4 A4 B2,4,M
468.875,E-5 B3 E-4 F#4 A4 B2,4,M
469.0,B4 B3 E-4 F#4 A4 B2,4,M
469.25,A4 B3 E-4 F#4 B2,4,M
469.5,F#4 B3 E-4 A4 B2,4,M
469.75,E-4,4,M
470.0,C6 B3 E-4 F#4 A4 B2,4,M
470.5,A5 B3 E-4 F#4 A4 B2,4,M
470.625,B3 E-4 F#4 A4 B2,4,M
470.6666666666667,F#5 B3 E-4 F#4 A4 B2,4,M
470.7916666666667,B3 E-4 F#4 A4 B2,4,M
470.875,E-5 B3 E-4 F#4 A4 B2,4,M
471.0,C#5 B3 E-4 F#4 A4 B2,4,M
471.25,A4 B3 E-4 F#4 B2,4,M
471.5,F#4 B3 E-4 A4 B2,4,M
471.75,E-4,4,M
472.0,C#6 B3 E-4 F#4 A4 B2,4,M
472.5,B5 B3 E-4 F#4 A4 B2,4,M
472.625,B3 E-4 F#4 A4 B2,4,M
472.6666666666667,A5 B3 E-4 F#4 A4 B2,4,M
472.7916666666667,B3 E-4 F#4 A4 B2,4,M
472.875,F#5 B3 E-4 F#4 A4 B2,4,M
473.0,E-5 B3 E-4 F#4 A4 B2,4,M
473.25,B4 B3 E-4 F#4 A4 B2,4,M
473.5,A4 B3 E-4 F#4 B2,4,M
473.75,F#4 B3 E-4 A4 B2,4,M
474.0,E-4 B3 F#4 A4 B2,4,M
474.25,F#4 B3 E-4 A4 B2,4,M
474.375,B4 F#4 B3 E-4 A4 B2,4,M
474.5,B4 B3 E-4 F#4 A4 B2,4,M
474.625,E-5 B3 E-4 F#4 A4 B2,4,M
474.6666666666667,E-5,4,M
474.75,F#5 E-5,4,M
474.875,F#5,4,M
475.0,B5 B3 E-4 F#4 A4 B2,4,M
475.75,A5 B3 E-4 F#4 A4 B2,4,M
476.0,G#5 E4 G#4 E3,4,M
476.5,G#5 B4 G#4,4,M
477.0,B5 G#4 E4,4,M
477.25,C#6 G#4 E4,4,M
477.5,B5 B4 G#4,4,M
477.75,G#5 B4 G#4,4,M
478.0,E5 G#4 E4,4,M
478.125,F#5 G#4 E4,4,M
478.25,E5 G#4 E4,4,M
478.375,E-5 G#4 E4,4,M
478.5,E5 B4 G#4,4,M
478.875,G#5 B4 G#4,4,M
479.0,B5 G#4 E4,4,M
479.125,C#6 G#4 E4,4,M
479.25,B5 G#4 E4,4,M
479.375,B-5 G#4 E4,4,M
479.5,B5 B4 G#4,4,M
479.875,D6 B4 G#4,4,M
480.0,G#4 B4 F3,4,M
480.5,C#6 C#4 F3,4,M
481.0,F5 B4 G#4 F3,6,m
481.125,B4 G#4 F3,6,m
481.25,F5 B4 G#4 F3,6,m
481.5,G#5 C#4 F3,6,m
481.75,G#5 C#4,6,m
482.0,C#6 B4 G#4,6,m
482.25,C#6 B4 G#4,6,m
482.5,E6 C#4,6,m
482.75,E6 C#4,6,m
483.0,G#6 F3 C#4 G#4 B4,6,m
483.75,B5 F3 C#4 G#4 B4,6,m
483.875,B5,6,m
484.0,A5 F#4 A4 F#3,6,m
484.5,A5 A4 C#5 F#3,6,m
484.875,A5 A4 C#5,6,m
485.0,A5 A4 F#4,6,m
485.25,B5 A4 F#4,6,m
485.5,A5 C5 A4,6,m
485.75,F#5 C5 A4,6,m
486.0,E-5 A4 F#4,6,m
486.125,E5 A4 F#4,6,m
486.25,E-5 A4 F#4,6,m
486.375,D5 A4 F#4,6,m
486.5,E-5 C5 A4,6,m
486.875,F#5 C5 A4,6,m
487.0,A5 A4 F#4,6,m
487.125,B5 A4 F#4,6,m
487.25,A5 A4 F#4,6,m
487.375,G#5 A4 F#4,6,m
487.5,A5 C5 A4,6,m
487.875,C#6 C5 A4,4,M
488.0,C6 F#4 A4 E-3,4,M
488.5,B5 B3 E-3,4,M
489.0,E-5 F#4 A4 E-3,4,M
489.125,F#4 A4 E-3,4,M
489.25,E-5 F#4 A4 E-3,4,M
489.5,F#5 B3 E-3,4,M
489.75,F#5 B3,4,M
490.0,B5 F#4 A4,4,M
490.25,B5 F#4 A4,4,M
490.5,E-6 B3,4,M
490.75,E-6 B3,4,M
491.0,F#6 F#4 A4 E-3 B3,4,M
491.75,A5 F#4 A4 E-3 B3,4,M
491.875,A5 B3,4,M
492.0,G#5 E4 G#4 E3 B3,4,M
492.5,B4,4,M
492.6666666666667,E5,4,M
492.875,G#5,4,M
493.0,B5,4,M
493.5,B5 B3 E4 G#4,4,M
494.0,B5 E-4 F#4 B2,4,M
494.5,F#4 E-4 B2,4,M
494.625,F#5 E-4 F#4 B2,4,M
495.0,G#4 E-4 F#4 B2,4,M
495.125,G#5 E-4 F#4 B2,4,M
495.5,A4 E-4 F#4 B2,4,M
495.625,A5 E-4 F#4 B2,4,M
495.75,A5,4,M
496.0,G#4 E4 E3,4,M
496.125,G#5 E4 G#4 E3,4,M
496.5,B4,4,M
496.6666666666667,E5,4,M
496.875,G#5,4,M
497.0,B5,4,M
497.5,B5 B3 E4 G#4,4,M
498.0,B5 E-4 F#4 B2,4,M
498.5,F#4 E-4 B2,4,M
498.625,F#5 E-4 F#4 B2,4,M
499.0,G#4 E-4 F#4 B2,4,M
499.125,G#5 E-4 F#4 B2,4,M
499.5,A4 E-4 F#4 B2,4,M
499.625,A5 E-4 F#4 B2,4,M
499.75,A5,4,M
500.0,G#4 E4 E3 B3,4,M
500.125,G#5 E4 G#4 E3 B3,4,M
500.5,E-4,4,M
500.625,E-5,4,M
501.0,E4,4,M
501.125,E5,4,M
501.5,F#4 E-5,4,M
501.75,F#5,4,M
502.0,G#4 E5,4,M
502.125,G#5 E5,4,M
502.25,G#5,4,M
502.5,A4 F#5,4,M
502.75,A5,4,M
503.0,B4 G#5,4,M
503.125,B5 G#5,4,M
503.25,B5,4,M
503.5,C#5 A5,4,M
503.625,C#6 A5,4,M
503.75,C#6,4,M
504.0,D5 G#5 B5 E3,9,M
504.125,D6 D5 G#5 B5 E3,9,M
504.5,B5 D5 G#5 E3,9,M
504.75,G#5 D5 B5 E3,9,M
505.0,E5 D5 G#5 B5 E3,9,M
505.25,D5 G#5 B5 E3,9,M
505.5,B4 D5 G#5 B5 E3,9,M
505.75,G#4,9,M
506.0,E4,9,M
506.125,F#4,9,M
506.25,E4 E-4,9,M
506.375,E4,9,M
506.5,F#6,9,M
507.0,F#6 G#4 B4 D5 E3,9,M
507.5,E6 G#4 B4 D5 E3,9,M
507.75,D6 G#4 B4 D5 E3,9,M
508.0,C#6 A4 C#5 A3,9,M
508.25,A4 C#5 A3,9,M
509.0,A4 A5 A3,9,M
509.5,A4,9,M
510.0,A4 E5 E3,9,M
510.5,B4,9,M
510.75,C#5,9,M
511.0,D5 C#5 C#3,9,M
511.25,E5 C#5 C#3,9,M
511.5,F#5,9,M
511.75,G#5,9,M
512.0,A5 A4 A2,9,M
512.125,B5 A4 A2,9,M
512.25,A4 A2,9,M
512.3333333333334,A5 A4 A2,9,M
512.4583333333334,A4 A2,9,M
512.5,G#5,9,M
512.6666666666666,A5,9,M
512.875,B5,9,M
513.0,C#6,9,M
513.125,D6,9,M
513.3333333333334,C#6,9,M
513.5,B5,9,M
513.6666666666666,C#6,9,M
513.875,D6,9,M
514.0,E6,9,M
514.125,F#6,9,M
514.25,E6,9,M
514.375,E-6,9,M
514.5,E6,9,M
514.6666666666666,F#6,9,M
514.875,G#6,?,?
515.0,A6 G#6,?,?
515.125,A6,?,?
515.75,A4 A3 A2,?,?
515.875,A3 A2,?,?
516.0,B-4 B-2 B-3,?,?
516.125,B-2 B-3,?,?
516.25,B-4 B-2 B-3,?,?
516.5,C#5 B-2 B-3,?,?
516.75,C#5 B-2 B-3,?,?
517.0,E5 B-2 B-3,?,?
517.25,E5 B-2 B-3,?,?
517.5,G5 B-2 B-3,?,?
517.75,G5,?,?
518.0,B-5,?,?
518.25,B-5,?,?
518.5,C#6,?,?
518.75,C#6,?,?
519.0,E6,?,?
519.25,E6,?,?
519.5,F#6,?,?
519.75,F#6,?,?
520.0,G6,?,?
520.5,G6 E4,?,?
521.0,G6 G4,4,M
521.5,G6 B-4,4,M
522.0,B-4 C#5 B-2 C#3 E3,4,M
522.5,B-4 E5 B-2 C#3 E3,4,M
523.0,B-4 G5 B-2 C#3 E3,4,M
523.75,B4 G#5 B2 C#3 E3,4,M
524.0,B4 G#5 E3,4,M
524.5,C#5,4,M
524.625,B4,4,M
524.75,B-4,4,M
524.875,B4,4,M
525.0,G#5,4,M
525.5,B4,4,M
525.625,C#5,4,M
525.6666666666666,B4 C#5,4,M
525.75,B-4 B4,4,M
525.7916666666666,B-4,4,M
525.875,B4,4,M
526.0,G#5 E5 B4,4,M
526.5,B4 E5,4,M
526.625,C#5 E5 B4,4,M
526.6666666666666,B4 C#5 E5,4,M
526.75,B-4 B4 E5,4,M
526.7916666666666,B-4 E5 B4,4,M
526.875,B4 E5,4,M
527.0,G#5 E5 B4,4,M
527.25,B4 E5,4,M
527.3333333333334,B4,4,M
527.5,B5 F5 B4,4,M
527.75,B4 F5,4,M
528.0,A5 B4 F#5,4,M
528.5,B4,4,M
528.625,C#5,4,M
528.6666666666666,B4 C#5,4,M
528.75,A4 B4,4,M
528.7916666666666,A4,4,M
528.875,B4,4,M
529.0,F#5,4,M
529.25,B4,4,M
529.5,F5,4,M
529.75,B4,4,M
530.0,F#5 E-6 B3,4,M
530.125,F#5 E6 B3,4,M
530.25,B4 E-6 B3,4,M
530.375,B4 E6 B3,4,M
530.5,F5 E-6 B3,4,M
530.625,F5 E6 B3,4,M
530.75,B4 E-6 B3,4,M
530.875,B4 E6 B3,4,M
531.0,F#5 E-6 B3,4,M
531.125,F#5 E6 B3,4,M
531.25,B4 E-6 B3,4,M
531.375,B4 E6 B3,4,M
531.5,G5 E-6 B3,4,M
531.625,G5 E6 B3,4,M
531.75,B4 E-6,4,M
531.875,B4,4,M
532.0,G#5 E6 E3,4,M
532.5,B4,4,M
532.625,C#5,4,M
532.6666666666666,B4 C#5,4,M
532.75,A4 B4,4,M
532.7916666666666,A4,4,M
532.875,B4,4,M
533.0,G#5,4,M
533.5,B4,4,M
533.625,C#5,4,M
533.6666666666666,B4 C#5,4,M
533.75,A4 B4,4,M
533.7916666666666,A4,4,M
533.875,B4,4,M
534.0,G#5 E5 B4,4,M
534.5,B4 E5,4,M
534.625,C#5 E5 B4,4,M
534.6666666666666,B4 C#5 E5,4,M
534.75,A4 B4 E5,4,M
534.7916666666666,A4 E5 B4,4,M
534.875,B4 E5,4,M
535.0,G#5 E5 B4,4,M
535.25,B4 E5,4,M
535.3333333333334,B4,4,M
535.5,B5 F5 B4,4,M
535.75,B4 F5,4,M
536.0,A5 B4 F#5,4,M
536.5,B4,4,M
536.625,C#5,4,M
536.6666666666666,B4 C#5,4,M
536.75,A4 B4,4,M
536.7916666666666,A4,4,M
536.875,B4,4,M
537.0,F#5,4,M
537.25,B4,4,M
537.5,F5,4,M
537.75,B4,4,M
538.0,F#5 E-6 B3,4,M
538.125,F#5 E6 B3,4,M
538.25,B4 E-6 B3,4,M
538.375,B4 E6 B3,4,M
538.5,F5 E-6 B3,4,M
538.625,F5 E6 B3,4,M
538.75,B4 E-6 B3,4,M
538.875,B4 E6 B3,4,M
539.0,F#5 E-6 B3,4,M
539.125,F#5 E6 B3,4,M
539.25,B4 E-6 B3,4,M
539.375,B4 E6 B3,4,M
539.5,G5 E-6 B3,4,M
539.625,G5 E6 B3,4,M
539.75,B4 E-6,4,M
539.875,B4,4,M
540.0,G#5 E6 E3,4,M
540.5,G#5,4,M
541.0,G#4,4,M
541.25,B4,4,M
541.5,A4,4,M
541.75,G#4,4,M
542.0,A4,4,M
542.25,B4,4,M
542.5,C#5,4,M
542.75,E-5,4,M
543.0,E5,4,M
543.25,F#5,4,M
543.5,G#5,4,M
543.75,A5,4,M
544.0,B5 G#2,4,M
544.125,C#6 B5 G#2,4,M
544.25,B5 G#2,4,M
544.3333333333334,B5 G#2,4,M
544.4583333333334,B5 G#2,4,M
544.5,B-5,4,M
544.6666666666666,B5,4,M
544.875,E6,4,M
545.0,G#5 B2,4,M
545.125,B-5 G#5 B2,4,M
545.25,G#5 B2,4,M
545.3333333333334,G#5 B2,4,M
545.4583333333334,G#5 B2,4,M
545.5,G5,4,M
545.6666666666666,G#5,4,M
545.875,B5,4,M
546.0,E5 E3,4,M
546.125,F#5 E5 E3,4,M
546.25,E5 E3,4,M
546.3333333333334,E5 E3,4,M
546.4583333333334,E5 E3,4,M
546.5,E-5,4,M
546.6666666666666,E5,4,M
546.875,G#5,4,M
547.0,B4 G#3,4,M
547.125,C#5 B4 G#3,4,M
547.25,B4 G#3,4,M
547.3333333333334,B4 G#3,4,M
547.4583333333334,B4 G#3,4,M
547.5,B-4,4,M
547.6666666666666,B4,4,M
547.875,E5,4,M
548.0,B3 G#4,4,M
548.5,B4,4,M
548.75,E5,4,M
549.0,G#5,4,M
549.25,F#5,4,M
549.5,E5,4,M
549.75,E-5,4,M
550.0,C#5,4,M
550.25,B4,4,M
550.5,B5,4,M
550.75,A5,4,M
551.0,G#5,4,M
551.25,F#5,4,M
551.5,E5,4,M
551.75,E-5,4,M
552.0,C#5,4,M
552.25,B4,4,M
552.5,E6,4,M
552.75,E-6,4,M
553.0,C#6,4,M
553.25,B5,4,M
553.5,A5,4,M
553.75,G#5,4,M
554.0,F#5,4,M
554.25,E5,4,M
554.5,E-5,4,M
554.75,C#5,4,M
555.0,B4,4,M
555.25,C#5,4,M
555.5,D5,4,M
555.75,E-5,4,M
556.0,E5,4,M
556.25,F5,4,M
556.5,F#5,4,M
556.75,G5,4,M
557.0,G#5,4,M
557.25,A5,4,M
557.5,B-5,4,M
557.75,B5,4,M
558.0,C6,2,M
558.25,C#6,2,M
558.5,D6,2,M
558.75,E-6,2,M
559.0,E6,2,M
559.75,E6,2,M
560.0,F#5,2,M
560.125,G#5,2,M
560.25,F#5,2,M
560.375,G#5,2,M
560.5,F#5 A3 F#4,2,M
560.625,G#5 A3 F#4,2,M
560.75,F#5 A3 F#4,2,M
560.875,G#5 A3 F#4,2,M
561.0,F#5 A3 F#4,2,M
561.125,G#5 A3 F#4,2,M
561.25,F#5 A3 F#4,2,M
561.375,G#5 A3 F#4,2,M
561.5,F#5 A3 F#4,2,M
561.625,G#5 A3 F#4,2,M
561.75,E5 A3 F#4,2,M
561.875,F#5 A3 F#4,2,M
562.0,A5,2,M
562.125,B5,2,M
562.25,A5,2,M
562.375,B5,2,M
562.5,A5 F#4 A4,2,M
562.625,B5 F#4 A4,2,M
562.75,A5 F#4 A4,2,M
562.875,B5 F#4 A4,2,M
563.0,A5 F#4 A4,2,M
563.125,B5 F#4 A4,2,M
563.25,A5 F#4 A4,2,M
563.375,B5 F#4 A4,2,M
563.5,A5 F#4 A4,2,M
563.625,B5 F#4 A4,2,M
563.75,G#5 F#4 A4,2,M
563.875,A5 F#4 A4,2,M
564.0,C6,2,M
564.125,D6,2,M
564.25,C6,2,M
564.375,D6,2,M
564.5,C6 A4 C5,2,M
564.625,D6 A4 C5,2,M
564.75,C6 A4 C5,2,M
564.875,D6 A4 C5,2,M
565.0,C6 A4 C5,2,M
565.125,D6 A4 C5,2,M
565.25,C6 A4 C5,2,M
565.375,D6 A4 C5,2,M
565.5,C6 A4 C5,2,M
565.625,D6 A4 C5,2,M
565.75,B5 A4 C5,2,M
565.875,C#6 A4 C5,2,M
566.0,F#6 A4 C5 F#5,2,M
567.625,F#6,2,M
567.75,E6 A4 C5 F#5,2,M
568.0,E-6 B4 E-5 F#5 A5,2,M
568.125,E6 B4 E-5 F#5 A5,2,M
568.25,E-6 B4 E-5 F#5 A5,2,M
568.375,E6 B4 E-5 F#5 A5,2,M
568.5,E-6 B4 E-5 F#5 A5,2,M
568.625,E6 B4 E-5 F#5 A5,2,M
568.75,E-6 B4 E-5 F#5 A5,2,M
568.875,E6 B4 E-5 F#5 A5,?,?
569.0,E-6 B3 B4 E-5 F#5 A5,?,?
569.125,E6 B4 E-5 F#5 A5 B3,?,?
569.25,E-6 B4 E-5 F#5 A5 B3,?,?
569.375,E6 B3,?,?
569.5,E-6 B4 E-5 F#5 A5 B3,?,?
569.625,E6 B4 E-5 F#5 A5 B3,?,?
569.75,E-6 B4 E-5 F#5 A5 B3,?,?
569.875,E6 B4 E-5 F#5 A5,4,M
570.0,E-6 F#3 B4 E-5 F#5 A5,4,M
570.125,E6 B4 E-5 F#5 A5 F#3,4,M
570.25,E-6 B4 E-5 F#5 A5 F#3,4,M
570.375,E6 F#3,4,M
570.5,E-6 B4 E-5 F#5 A5 F#3,4,M
570.625,E6 B4 E-5 F#5 A5 F#3,4,M
570.75,E-6 B4 E-5 F#5 A5 F#3,4,M
570.875,E6 B4 E-5 F#5 A5,4,M
571.0,E-6 E-3 B4 E-5 F#5 A5,4,M
571.125,E6 B4 E-5 F#5 A5 E-3,4,M
571.25,E-6 B4 E-5 F#5 A5 E-3,4,M
571.375,E6 E-3,4,M
571.5,E-6 B4 E-5 F#5 A5 E-3,4,M
571.625,E6 B4 E-5 F#5 A5 E-3,4,M
571.75,E-6 B4 E-5 F#5 A5 E-3,4,M
571.875,E6 B4 E-5 F#5 A5,4,M
572.0,E-6 A4 B4 B2,4,M
572.125,E6 A4 B4 B2,4,M
572.25,E-6 F#5 B2,4,M
572.375,E6 F#5 B2,4,M
572.5,E-6 A4 B4 B3,4,M
572.625,E6 A4 B4 B3,4,M
572.75,C#6 F#5 B3,4,M
572.875,E-6 F#5 B3,4,M
573.0,F#6 A4 B4 B3,4,M
573.125,G#6 A4 B4 B3,4,M
573.25,F#6 F#5 B3,4,M
573.375,G#6 F#5 B3,4,M
573.5,F#6 A4 B4 B3,4,M
573.625,G#6 A4 B4 B3,4,M
573.75,F6 F#5 B3,4,M
573.875,F#6 F#5 B3,4,M
574.0,A6 A4 B4 B2,4,M
574.25,A6 F#5 B2,4,M
574.5,A6 A4 B4 B3,4,M
574.75,A6 F#5 B3,4,M
575.0,A6 A4 B4 B3,4,M
575.25,A6 F#5 B3,4,M
575.5,A6 A4 B4 B3,4,M
575.75,E-6 F#5 B3,4,M
576.0,E6 E5 E3 G#3,4,M
576.25,E6 B3 E5,4,M
576.5,E6 G#3 E3 E5,4,M
576.75,E6 B3 E5,4,M
577.0,E6 G#3 E3 E5,4,M
577.25,E6 B3 E5,4,M
577.5,E6 E3 G#3 E5,4,M
577.75,E6 B3,4,M
578.0,G#5 E3 G#3,4,M
578.25,B3 G#5,4,M
578.5,G#3 E3 G#5,4,M
578.75,B3 G#5,4,M
579.0,G#3 E3 G#5,4,M
579.25,B3 G#5,4,M
579.5,G#3 E3 G#5,4,M
579.625,G#3 E3,4,M
579.75,C#6 B3,4,M
580.0,B-5 E3 G#3,4,M
580.25,B3 B-5,4,M
580.5,G#3 E3 B-5,4,M
580.75,B3 B-5,4,M
580.875,B3,4,M
581.0,B5 E3 G#3,4,M
581.25,B3 B5,4,M
581.5,G#3 E3 B5,4,M
581.75,B3 B5,4,M
581.875,B3,6,m
582.0,E3,6,m
582.5,G#5 G#3,6,m
583.0,B-5 B-3,6,m
583.5,B5 B3,6,m
584.0,E5 E3,6,m
584.5,E5 E3,6,m
585.0,F#5 F#3,6,m
585.5,G#5 G#3,6,m
586.0,C#5 C#3,6,m
586.5,C#5 C#4,6,m
587.0,B3 F5,6,m
587.5,C#5 C#4,6,m
588.0,F#5 A3,6,m
588.5,C#5 C#4,6,m
589.0,G#5 F3,6,m
589.5,C#5 C#4,6,m
590.0,A5 F#3,6,m
590.5,F#3 A5,6,m
590.875,F#3,6,m
591.0,C#3,6,m
591.5,A2,6,m
592.0,F#5 F#2,6,m
592.5,C#4 A3 F#5,6,m
593.0,C#4 A3 F#5,6,m
593.5,A3 C#4 F#5,6,m
593.75,A3 C#4,6,m
594.0,A5 E3,6,m
594.5,F#3 A3 C4 A5,6,m
595.0,F#3 A3 C4 A5,6,m
595.5,F#3 A3 C4 A5,6,m
595.625,F#3 A3 C4,6,m
595.75,C6 F#3 A3 C4,6,m
596.0,C6 E-3,4,M
596.5,F#3 B3 C6,4,M
597.0,B5 F#3 B3,4,M
597.5,F#3 B3 B5,4,M
598.0,E-3,4,M
598.5,F#5 F#3,4,M
599.0,G#5 G#3,4,M
599.5,A5 A3,4,M
600.0,E-5 E-3,4,M
600.5,E-5 E-3,4,M
601.0,E5 E3,4,M
601.5,F#5 F#3,4,M
602.0,B4 B2,4,M
602.5,B4 B3,4,M
603.0,A3 E-5,4,M
603.5,B4 B3,4,M
604.0,E5 G#3,4,M
604.5,B4 B3,4,M
605.0,F#5 E-3,4,M
605.5,B4 B3,4,M
606.0,G#5 E3,4,M
606.5,E3,4,M
607.0,G#3,4,M
607.5,B3,4,M
608.0,G#5 E3 G#3 B3,4,M
608.5,E4 G#5,4,M
609.0,G#3 E3 G#5,9,M
609.5,E4 G#5,9,M
609.75,E4,9,M
610.0,E5 E3 G#3 B3,9,M
610.5,G#3 E3 E5,9,M
611.0,F#3 A3 E5,9,M
611.5,G#3 B3 E5,9,M
611.625,G#3 B3,9,M
611.75,E-5 G#3 B3,9,M
612.0,C#5 A3 C#4,9,M
612.5,E4 C#5,9,M
612.875,E4,9,M
613.0,A4 A3 C#4,9,M
613.5,E4 A4,9,M
613.875,E4,9,M
614.0,C#4 A3,9,M
614.5,A4 E4,9,M
615.0,C#5 A3 C#4,9,M
615.5,F#5 E4,9,M
616.0,A5 F#3 A3 C#4,9,M
616.5,F#4 A5,9,M
617.0,F#3 A3 C#4 A5,9,M
617.5,F#4 A5,9,M
617.75,F#4,9,M
618.0,F#5 F#3 A3 C#4,4,M
618.5,A3 F#3 F#5,4,M
619.0,G#3 B3 F#5,4,M
619.5,A3 C#4 F#5,4,M
619.625,A3 C#4,4,M
619.75,E5 A3 C#4,4,M
620.0,E-5 B3 E-4,4,M
620.5,F#4 E-5,4,M
620.875,F#4,4,M
621.0,B4 B3 E-4,4,M
621.5,F#4 B4,4,M
621.875,F#4,4,M
622.0,E-4 B3,4,M
622.5,B4 G#4,4,M
623.0,E-5 B3 E-4,4,M
623.5,G#5 G#4,4,M
624.0,B4 B5 G#3 B3,4,M
624.5,E-4 B4 B5,4,M
625.0,B3 G#3 B4 B5,4,M
625.5,E-4 B4 B5,4,M
625.75,E-4,4,M
626.0,B4 G#5 G#3 B3,4,M
626.5,B3 G#3 B4 G#5,4,M
627.0,A3 C#4 B4 G#5,4,M
627.5,B3 E-4 B4 G#5,4,M
627.625,B3 E-4,4,M
627.75,F#5 B3 E-4,4,M
628.0,E5 C#4,4,M
629.0,E4 E5,4,M
630.0,C#4 E4 E5,4,M
630.75,C#4,4,M
631.0,E4 E5 C#4,4,M
631.75,E4 E5,4,M
632.0,G#3 E4 E5,4,M
632.875,G#3,4,M
633.0,E4 E5 G#3,4,M
633.75,E4 E5,4,M
634.0,B-3 C#4 E4 E5,4,M
634.75,B-3 C#4,4,M
635.0,G4 E5 B-3 C#4,4,M
635.75,G4 E5,4,M
636.0,G#4 E5 B3,4,M
636.875,B3,4,M
637.0,G#5 E5 B3,4,M
638.0,G#5 E5 B3,4,M
639.0,F5 G#5 B3,4,M
639.875,B3,4,M
640.0,F#5 A5 B3,4,M
642.0,F#4 A4 E-5 B2,4,M
644.0,E4 E3,4,M
644.25,E5 E3,4,M
644.5,E4 E3,4,M
644.75,E5 E3,4,M
644.875,E5,4,M
645.0,E4,4,M
645.25,E5,4,M
645.5,E4,4,M
645.75,E5,4,M
646.0,E4,9,M
646.25,E5,9,M
646.5,E4,9,M
646.75,E5,9,M
647.0,E4,9,M
647.25,E5 G#3,9,M
647.5,E4 A3,9,M
647.75,E5 B3,9,M
648.0,E4 C#4,9,M
648.25,E5 C#4,9,M
648.5,E4 C#4,9,M
648.75,E5 C#4,9,M
649.0,E4 C#4,9,M
649.25,E5 C#4,9,M
649.5,E4 C#4,9,M
649.75,E5 C#4,9,M
650.0,E4 A3,9,M
650.25,E5 A3,9,M
650.5,E4 A3,9,M
650.75,E5 A3,9,M
651.0,E4 A3,9,M
651.25,E5 A3,9,M
651.5,E4 A3,9,M
651.625,E4,9,M
651.75,E5 A3,9,M
652.0,E4 G#3,9,M
652.25,E5 G#3,9,M
652.5,E4 G#3,9,M
652.75,E5 G#3,9,M
652.875,E5,9,M
653.0,E4 E3,9,M
653.25,E5 E3,9,M
653.5,E4 E3,9,M
653.75,E5 E3,9,M
653.875,E5,9,M
654.0,E4 B2,9,M
654.25,E5 B2,9,M
654.5,E4 B2,9,M
654.75,E5 B2,9,M
655.0,E4,9,M
655.25,E5 G#2,9,M
655.5,E4 A2,9,M
655.75,E5 B2,9,M
656.0,E4 C#3,9,M
656.25,E5 C#3,9,M
656.5,E4 C#3,9,M
656.75,E5 C#3,9,M
657.0,E4 C#3,9,M
657.25,E5 C#3,9,M
657.5,E4 C#3,9,M
657.75,E5 C#3,9,M
658.0,E4 C#3,9,M
658.25,E5 A2,9,M
658.5,E4 A2,9,M
658.75,E5 A2,9,M
659.0,E4 A2,9,M
659.25,E5 A2,9,M
659.5,E4 A2,9,M
659.75,E5 A2,9,M
659.875,E5,9,M
660.0,E4 E2 G#2,9,M
660.25,E5 E2 G#2,9,M
660.5,E4 E2 G#2,9,M
660.75,E5 E2 G#2,9,M
660.875,E5,9,M
661.0,E4,9,M
661.25,E5,9,M
661.5,E4,9,M
661.75,E5,9,M
662.0,E4,9,M
662.25,E5,9,M
662.5,E4,9,M
662.75,E5,9,M
663.0,E4,9,m
663.25,E5,9,m
663.5,E4,9,m
663.75,E5,9,m
664.0,F4 F5,9,m
665.0,E-4 B3 F4 F5,9,m
666.0,C4 A3 F4 F5,9,m
667.0,F4 F5,9,m
668.0,G#3 B3 F4 F5,0,M
669.0,F5 G3 B3 F4,0,M
670.0,F5 G#3 C4 F4,0,M
671.0,G5 B3 D4 G4,0,M
672.0,F5 C4 G4,0,M
672.875,C4 G4,0,M
673.0,E5 C4 G4,0,M
674.0,G5 C4 G4,0,M
674.125,F5 C4 G4,0,M
675.0,E5 C4 G4,0,M
675.625,E5,0,M
676.0,A4 F3 A3 E5,0,M
676.875,A4 F3 A3,5,M
677.0,C#5 A4 F3 A3,5,M
678.0,D5 A4 F3 A3,5,M
679.0,A5 A4 F3 A3,5,M
679.625,A5,5,M
680.0,A5,0,M
681.0,G3 A5,0,M
681.3333333333334,G3,0,M
681.5,C5 G3,0,M
682.0,E4 G4 C5 E3,0,M
683.0,C3 E4 G4 C5,0,M
684.0,G2 C5,0,M
684.875,G2,0,M
685.0,G4 G2,0,M
686.0,E5 G2,0,M
687.0,G5 G2,0,M
687.125,F5 G2,0,M
687.625,F5,0,M
688.0,E5 G2 B2 F3,0,M
688.875,G2 B2 F3,0,M
689.0,D5 G2 B2 F3,0,M
689.875,G2 B2 F3,0,M
690.0,G5 G2 B2 F3,0,M
693.75,G2 B2 F3,0,M
694.0,B4 G2 B2 F3,?,?
696.0,C3 G3,?,?
696.5,C4,?,?
697.0,E3 G3 C4 E4,?,?
697.5,C4,?,?
698.0,C3 G3,0,M
698.5,C4,0,M
699.0,E3 G3 C4 E4,0,M
699.5,C4,0,M
700.0,G5 C3 G3,0,M
700.5,G5 C4,0,M
701.0,G5 E3 G3 C4 E4,0,M
701.5,G5 C4,0,M
702.0,G5 C3 G3,0,M
702.5,G5 C4,0,M
702.75,F#5 C4,0,M
703.0,G5 E3 G3 C4 E4,0,M
703.125,A5 E3 G3 C4 E4,0,M
703.25,E3 G3 C4 E4,0,M
703.3333333333334,G5 E3 G3 C4 E4,0,M
703.4583333333334,E3 G3 C4 E4,0,M
703.5,F#5 C4,0,M
703.625,C4,0,M
703.6666666666666,G5 C4,0,M
703.7916666666666,C4,0,M
703.875,E5 C4,0,M
704.0,C5 G3 C3,0,M
704.5,C5 C4,0,M
705.0,C5 E3 G3 C4 E4,0,M
705.5,C5 C4,0,M
706.0,C3 G3,0,M
706.5,G4 E5,0,M
707.0,C5 E3 G3 C4,0,M
707.5,E5 G4,0,M
708.0,G5 E4 C3,0,M
708.5,G5 G4,0,M
708.625,A5 G4,0,M
708.6666666666666,G5 A5 G4,0,M
708.75,F#5 G5 G4,0,M
708.7916666666666,F#5 G4,0,M
708.875,G5 G4,0,M
709.0,E6 C5 E3 G3 C4,0,M
709.5,E6 G4,0,M
710.0,E6 E4 C3,0,M
710.5,D6 G4,0,M
710.625,C6 G4,0,M
710.75,B5 G4,0,M
710.875,A5 G4,0,M
711.0,G5 E4 C3,0,M
711.125,A5 E4 C3,0,M
711.25,G5 E4 C3,0,M
711.375,F#5 E4 C3,0,M
711.5,G5 A4 C#3,0,M
711.625,G#5 A4 C#3,0,M
711.75,A5 A4 C#3,0,M
711.875,E5 A4 C#3,0,M
712.0,G5 F3 A3 D4,0,M
712.5,G5 A4,0,M
712.75,F#5 A4,0,M
713.0,F5 D5,0,M
713.5,F5 A4,0,M
714.0,F5 F4 D3,0,M
714.5,F5 A4,0,M
715.0,D5 F3 A3 D4,2,m
715.5,A4,2,m
716.0,F5 D3,2,m
716.5,F5 A4,2,m
717.0,F5 D5 F3 A3 D4,2,m
717.5,F5 A4,2,m
718.0,F5 F4 D3,2,m
718.5,F5 A4,2,m
718.75,E5 A4,2,m
719.0,F5 D5 F3 A3 D4,2,m
719.125,G5 D5 F3 A3 D4,2,m
719.25,D5 F3 A3 D4,2,m
719.3333333333334,F5 D5 F3 A3 D4,2,m
719.4583333333334,D5 F3 A3 D4,2,m
719.5,E5 A4,2,m
719.625,A4,2,m
719.6666666666666,F5 A4,2,m
719.7916666666666,A4,2,m
719.875,D5 A4,2,m
720.0,C5 D4 G3,2,m
720.5,C5 G4,2,m
720.75,B4 G4,2,m
721.0,A5 B4 G3 B3 F4,2,m
721.5,A5 D5 G3 B3 F4,2,m
722.0,A5 B4 G3 B3 F4,2,m
722.5,A5 D5,2,m
723.0,G#5 C5,0,M
723.5,G#5 E-5,0,M
724.0,G5 B4 G3,0,M
724.5,G5,0,M
725.0,G4 D5 G3 B3 D4,0,M
725.125,A4 G4 D5 G3 B3 D4,0,M
725.25,G4 D5 G3 B3 D4,0,M
725.375,F#4 G4 D5 G3 B3 D4,0,M
725.5,G4,0,M
725.625,A4,0,M
725.75,B4,0,M
725.875,C5,0,M
726.0,D5,0,M
726.125,C5,0,M
726.25,B4,0,M
726.375,C5,0,M
726.5,D5,0,M
726.625,E5,0,M
726.75,F5,0,M
726.875,G5,0,M
727.0,A5,0,M
727.5,G5,0,M
727.625,F5,0,M
727.75,E5,0,M
728.0,E-5,0,M
728.5,E-5 G4,0,M
729.0,E5 C4 E4 C5,0,M
729.5,E5 G4,0,M
730.0,C4 E4 C5,0,M
730.5,G5 G4,0,M
731.0,E6 C5,0,M
731.5,D6 G4,0,M
732.0,C6 G3 D4 F4,0,M
732.5,B5 G3 D4 F4,0,M
733.0,D6 G3 D4 F4,0,M
733.5,F5 G3 D4 F4,0,M
733.75,F5,0,M
734.0,A5,0,M
734.5,B4,0,M
734.75,C5 B4,0,M
734.875,B-4 B4 C5,0,M
735.0,A5 C5 B4 B-4 G3 D4 F4,0,M
735.75,G5 B-4 B4 G3 D4 F4,0,M
735.875,G5,0,M
736.0,G5,0,M
736.5,G5 E4 C4,0,M
736.75,F5 E4 C4,0,M
737.0,E5 C4 E4 G4,0,M
737.5,E5 C5 G4,0,M
738.0,C5 E5 C3,0,M
738.5,G5 G4,0,M
738.625,A5 G4,0,M
738.6666666666666,G5 A5 G4,0,M
738.75,F#5 G5 G4,0,M
738.7916666666666,F#5 G4,0,M
738.875,G5 G4,0,M
739.0,E6 E5 C5,0,M
739.5,D6 G4,0,M
739.75,C6 G4,0,M
740.0,C6 G4 B4 G3,0,M
740.25,B-5 G4 B4 G3,0,M
740.5,B5 G4 B4 G3,0,M
740.75,D6 G4 B4 G3,0,M
741.0,B5 C5 A4 G3,0,M
741.25,G#5 C5 A4 G3,0,M
741.5,A5 C5 A4 G3,0,M
741.75,C6 C5 A4 G3,0,M
742.0,A5 B4 D5 G3,0,M
742.25,F#5 B4 D5 G3,0,M
742.5,G5 B4 D5 G3,0,M
742.75,E6 B4 D5 G3,0,M
742.875,E6 G3,0,M
743.0,D6 G4 B4 D5 G3,0,M
743.25,B5 G4 B4 D5 G3,0,M
743.5,G5 G4 B4 D5 G3,0,M
743.75,F5 G4 B4 D5 G3,0,M
744.0,C5 E5 C3,0,M
744.5,G5,0,M
744.75,E5 G5,0,M
745.0,G5 E5,0,M
745.5,G5 D5,0,M
745.75,B-5 D5,0,M
746.0,B-5 C#5,0,M
746.5,B-5 E5,0,M
746.75,A5 E5,0,M
747.0,A4 C#5 A3 E4,0,M
747.25,C#5 A4 A3 E4,0,M
747.375,E5 A4 C#5 A3 E4,0,M
747.5,G5 A4 C#5 A3 E4,0,M
747.625,G#5 A4 C#5 A3 E4,0,M
747.75,A5 A4 C#5 A3 E4,0,M
747.875,E5 A4,0,M
748.0,G5 D3 F4 D5 A4,0,M
748.5,G5 D4,0,M
748.75,F#5 D4,0,M
749.0,F5 D5,0,M
749.5,C5,0,M
749.75,G#5 C5,0,M
750.0,G#5 B4,0,M
750.5,G#5 D5,0,M
750.75,G5 D5,0,M
751.0,G4 G3 D4 B4,0,M
751.25,B4 G4 G3 D4,0,M
751.375,D5 G4 G3 D4 B4,0,M
751.5,G#5 G4 G3 D4 B4,0,M
751.625,G5 G4 G3 D4 B4,0,M
751.75,F#5 G4 G3 D4 B4,0,M
751.875,G4 G3 D4 B4,0,M
752.0,F5 E4 C5 C3 G4,0,M
752.625,E5 G4 E4 C5 C3,0,M
752.75,E-5 G4 E4 C5 C3,0,M
752.875,E5 G4 E4 C5 C3,0,M
753.0,D6 G4 C5 E3,0,M
753.625,C6 G4 C5 E3,0,M
753.75,B5 G4 C5 E3,0,M
753.875,C6,0,M
754.0,B5 A4 C5 F3,0,M
754.625,A5 A4 C5 F3,0,M
754.75,G#5 A4 C5 F3,0,M
754.875,A5,0,M
755.0,G5 A4 D5 F3,0,M
755.625,F5 A4 D5 F3,0,M
755.75,E5 A4 D5 F3,0,M
755.875,E-5,0,M
756.0,A5,0,M
756.75,G5,0,M
756.875,G5 G2 G4,0,M
757.0,G5 E5 E3,0,M
757.75,G5,0,M
757.875,G5 C3 C5,0,M
758.0,G4 G2,0,M
758.5,G5 G3,0,M
759.0,E5 E3,0,M
759.5,C5 C3,0,M
760.0,G5 G4 G2,0,M
760.875,G5,0,M
761.0,A5,0,M
761.25,G5,0,M
761.5,F#5,0,M
761.75,G5,0,M
762.0,G#5,0,M
762.25,A5,0,M
762.5,B-5,0,M
762.75,B5,0,M
763.0,C6,0,M
763.25,C#6,0,M
763.5,D6,0,M
763.75,E-6,0,M
764.0,E6,0,M
764.25,F6,0,M
765.0,E6,0,M
765.25,E-6,0,M
765.5,D6,0,M
765.75,C#6,0,M
766.0,C6,0,M
766.25,B5,0,M
766.5,B-5,0,M
766.75,A5,0,M
767.0,G#5,0,M
767.25,G5,0,M
767.5,F#5,0,M
767.75,F5,0,M
768.0,E5,0,M
768.25,E-5,0,M
768.5,D5,0,M
768.75,C#5,0,M
769.0,C5,0,M
769.25,B4,0,M
769.5,B-4,0,M
769.75,A4,0,M
770.0,G#4,0,M
770.25,G4,0,M
770.5,G#4,0,M
770.625,G4,0,M
770.75,F#4,0,M
770.875,G4,0,M
771.0,A5,0,M
771.75,G5,0,M
772.0,B4,0,M
772.125,C5,0,M
772.25,B4,0,M
772.375,C5,0,M
772.5,B4,0,M
772.625,C5,0,M
772.75,B4,0,M
772.875,C5,0,M
773.0,B4 D5 G3 D4 F4,0,M
773.125,C5 D5 G3 D4 F4,0,M
773.25,B4 D5 G3 D4 F4,0,M
773.375,C5 D5 G3 D4 F4,0,M
773.5,B4 D5 G3 D4 F4,0,M
773.625,C5 D5 G3 D4 F4,0,M
773.75,B4 D5 G3 D4 F4,0,M
773.875,C5 D5 G3 D4 F4,0,M
774.0,B4 G5 G3 D4 F4,0,M
774.125,C5 G5 G3 D4 F4,0,M
774.25,B4 G5 G3 D4 F4,0,M
774.375,C5 G5 G3 D4 F4,0,M
774.5,B4 G5 G3 D4 F4,0,M
774.625,C5 G5 G3 D4 F4,0,M
774.75,A4 G5 G3 D4 F4,0,M
774.875,B4 G5 G3 D4 F4,0,M
775.0,E5 B4 G3 D4 F4,0,M
775.75,D5 B4 G3 D4 F4,0,M
776.0,C4 E4 C5,0,M
776.5,E5 E4 C4,0,M
776.8333333333334,C4,0,M
776.875,E4 C4,0,M
777.0,E5 B3 D4 E4,0,M
777.5,E5 A3 C4 E4,0,M
778.0,E5 G#3 B3 E4,0,M
778.5,E5 E3 G#3 E4,0,M
779.0,E5 E6 F#3 A3,5,M
779.5,G#3 B3 E5 E6,5,M
779.75,G#3 B3,5,M
779.875,D5 D6 G#3 B3,5,M
780.0,C5 C6 A3 C4,5,M
780.5,C5 A3 C4,5,M
780.8333333333334,A3 C4,5,M
780.875,C5 A3 C4,5,M
781.0,C5 G3 B-3,5,M
781.5,C5 F3 A3,5,M
782.0,C5 E3 G3,5,M
782.5,C5 C3 E3,5,M
782.8333333333334,C3 E3,5,M
782.875,C5 C3 E3,5,M
783.0,C5 D3 F3,5,M
783.5,E3 G3 C5,5,M
783.75,E3 G3,5,M
783.875,B-5 E3 G3,5,M
784.0,C5 A5 F3 A3,5,M
784.5,C6 C4,5,M
785.0,A5 A3,5,M
785.5,G5 G3,5,M
786.0,F5 F3,5,M
786.5,A5 A3,5,M
787.0,F5 F3,5,M
787.5,E5 E3,5,M
788.0,E-5 E-3,5,M
788.75,A5,5,M
789.0,C6,5,M
789.75,B5 A4,5,M
789.875,A4,5,M
790.0,A5 A4 C5,5,M
790.75,G5 A4 C5,5,M
790.875,A4 C5,5,M
791.0,F5 A4 C5,5,M
791.75,E5 A4 C5,5,M
791.875,A4 C5,9,m
792.0,E-5 F3 A4 C5,9,m
792.5,A4 C5 F3,9,m
792.75,E-6 A4 C5 F3,9,m
792.875,F3,9,m
793.0,E-6 C5 E-5 F3,9,m
793.125,E6 C5 F3 E-5,9,m
793.25,E-6 C5 F3 E-5,9,m
793.375,E6 C5 F3 E-5,9,m
793.5,E-6 F3 E-5,9,m
793.625,E6 F3 E-5,9,m
793.75,E-6 F3 E-5,9,m
793.875,E6 F3 E-5,9,m
794.0,E-6 B4 F3 E-5,9,m
794.125,E6 B4 F3 E-5,9,m
794.25,E-6 B4 F3 E-5,9,m
794.375,E6 B4 F3 E-5,9,m
794.5,E-6 B4 F3 E-5,9,m
794.625,E6 B4 F3 E-5,9,m
794.75,E-6 B4 F3 E-5,9,m
794.875,E6 B4 F3 E-5,9,m
795.0,E-6 A4 F3,9,m
795.125,E6 A4 F3,9,m
795.25,E-6 A4 F3,9,m
795.375,E6 A4 F3,9,m
795.5,E-6 A4 F3,9,m
795.625,D6 A4,9,m
795.75,E-6 A4,9,m
795.875,A4,9,m
796.0,E6 G#4 E5 E3,9,m
796.5,E6 E4,9,m
797.0,E6 E3,9,m
797.5,E6 D5 B4,9,m
798.0,E6 A4 C5 E3,9,m
798.5,E6 A4 C5,9,m
799.0,E6 E3,9,m
799.5,E6 C5 A4,9,m
800.0,E5 G4 B4 E3,9,m
800.5,E5 E4,9,m
801.0,E5 E3,9,m
801.5,E5 B4 D4,9,m
802.0,E5 A4 E3 C4,9,m
802.5,E5 C4 A4,9,m
803.0,E5 E3,9,m
803.5,E5 A4 C4,9,m
804.0,B3 E4 G#4 E2,9,m
804.5,B3 E4 G#4,9,m
805.0,E3 B3 E4 G#4,9,m
805.5,B3 E4 G#4,9,m
806.0,B2 B3 E4 G#4,9,m
806.5,B3 E4 G#4,9,m
807.0,G#2 B3 E4 G#4,4,M
807.5,B3 E4 G#4,4,M
808.0,E4 E2 B3 G#4,9,m
809.75,E4,9,m
811.75,E5,9,m
812.0,F5,9,m
813.0,D3 F3 A3 D4 F5,9,m
813.6666666666666,D3 F3 A3 D4,9,m
813.75,F5 D3 F3 A3 D4,9,m
813.875,F5,9,m
814.0,B4 E5 G#5,9,m
815.0,D3 E3 B3 B4 E5 G#5,9,m
815.6666666666666,D3 E3 B3,9,m
815.75,B4 E5 G#5 D3 E3 B3,9,m
815.875,B4 E5 G#5,9,m
816.0,C5 E5 A5,9,m
817.0,C3 E3 A3 C5 E5 A5,9,m
817.6666666666666,C3 E3 A3,9,m
817.75,C5 E5 A5 C3 E3 A3,9,m
817.875,C5 E5 A5,9,m
818.0,E5 G#5 B5,9,m
819.0,G#2 G#3 E5 G#5 B5,9,m
819.6666666666666,G#2 G#3,9,m
819.75,E5 G#5 B5 G#2 G#3,9,m
819.875,E5 G#5 B5,9,m
820.0,E5 A5 C6,9,m
820.75,A4 A2,9,m
821.0,A5 A3,9,m
822.5,G#5 G#3,9,m
823.0,A5 A3,9,m
823.5,E5 E3,9,m
824.0,F5 F3,9,m
824.5,E5 E3,9,m
825.0,F5 F3,9,m
825.5,C#5 C#3,9,m
826.0,D5 D3,9,m
826.5,C#5 C#3,9,m
827.0,D5 D3,9,m
827.5,C5 C3,9,m
828.0,B4 B2,?,?
829.0,F5 F3,?,?
831.0,F5,9,m
832.0,G#4,9,m
834.0,A4,9,m
835.0,F4 A4,9,m
835.75,F4,9,m
836.0,B4 G#3,9,m
838.0,C5 A3,9,m
839.0,C4 A4 E-3 F#3,9,m
840.0,E3 E4 C4 A4,9,m
842.0,B3 E4 G#4 E2 E3,9,m
843.75,A5,9,m
844.0,E6,9,m
845.0,E6 E4 A4 C5 E5 A2 A3,9,m
845.875,E6,9,m
846.0,F6,9,m
847.0,F6 F4 A4 D5 F5 D2 D3,9,m
847.25,D6 F4 A4 D5 F5 D2 D3,9,m
847.375,B5 F4 A4 D5 F5 D2 D3,9,m
847.5,G#5 F4 A4 D5 F5 D2 D3,9,m
847.625,F5 F4 A4 D5 D2 D3,9,m
847.75,D5 F4 A4 F5 D2 D3,9,m
847.875,B4,9,m
848.0,G#4,9,m
849.0,G#4 D4 B4 E4,9,m
850.0,A4 C4 C5 E4,9,m
850.5,C4 A4 C5 E4,9,m
850.75,A4 C4 C5 E4,9,m
850.875,C4 A4 C5 E4,9,m
851.0,B4 G#3 B3 D4,9,m
851.125,C5 G#3 B3 D4,9,m
851.25,B4 G#3 B3 D4,9,m
851.375,C5 G#3 B3 D4,9,m
851.5,B4 G#3 B3 D4,9,m
851.625,C5 G#3 B3 D4,9,m
851.75,A4 G#3 B3 D4,9,m
851.875,B4 G#3 B3 D4,9,m
852.0,C5 A3 C4,9,m
852.75,A4,9,m
853.0,A5,9,m
853.75,A5 C5 A4,9,m
854.0,A5 C5 E5,9,m
854.5,G#5 C5 E5,9,m
854.75,A5 C5 E5,9,m
854.875,A5 C5,9,m
855.0,B5 A4 C5,9,m
855.25,A5 C5 A4,9,m
855.3333333333334,B5 A5 C5 A4,9,m
855.375,G#5 B5 C5 A4,9,m
855.4583333333334,G#5 C5 A4,9,m
855.625,A5 C5 A4,9,m
855.75,F5 A5 C5 A4,9,m
855.875,F5,9,m
856.0,E5 G#4 B4,9,m
857.0,E5 E3 G#4 B4,9,m
857.5,D5 G#4 B4 E3,9,m
857.75,D5 E3,9,m
858.0,C5 A4 A3,9,m
858.5,C5,9,m
859.0,A2,9,m
860.0,B4 F4 D3,9,m
860.5,B4 F4 D3,9,m
861.0,B4 F4 D3,9,m
861.5,B4 F4 D3,9,m
862.0,D6 F4 B4 D3,9,m
862.25,E6 F4 B4 D3,9,m
862.375,D6 F4 B4 D3,9,m
862.5,C#6 F4 B4 D3,9,m
862.75,D6 F4 B4 D3,9,m
863.0,E-6 F4 B4 D3,9,m
863.25,E6 F4 B4 D3,9,m
863.375,F6 E6 F4 B4 D3,9,m
863.5,F6 F4 B4 D3,9,m
863.625,D6 F4 B4 D3,9,m
863.75,B5 D6 F4 B4 D3,9,m
863.875,B5 F4 B4 D3,9,m
864.0,A5 D4 E4 B4,9,m
864.5,A5 D4 E4 B4,9,m
865.0,A5 D4 E4 B4,9,m
865.5,A5 D4 E4 B4,9,m
865.75,G#5 D4 E4 B4,9,m
866.0,B5 C4 E4 A4,9,m
866.25,A5 C4 E4 A4,9,m
866.5,G#5 C4 E4 A4,9,m
866.75,A5 C4 E4 A4,9,m
867.0,C6 E4 B4 G#3,9,m
867.25,B5 E4 B4 G#3,9,m
867.5,B-5 E4 B4 G#3,9,m
867.75,B5 E4 B4 G#3,9,m
868.0,D6 C5 A3 E4,9,m
868.75,C6 C5 A3 E4,9,m
869.0,B5 C5 A3 E4,9,m
869.25,A5 C5 A3 E4,9,m
869.5,G#5 C5 A3 E4,9,m
869.75,A5,9,m
870.0,B5,9,m
870.25,A5,9,m
870.5,G5,9,m
870.75,F5,9,m
871.0,E5,9,m
871.125,F5,9,m
871.3333333333334,G5,9,m
871.5,F5,9,m
871.6666666666666,E5,9,m
871.875,E-5,9,m
872.0,E-5,9,m
872.5,E-5 E-4 C5,9,m
873.0,E-5 B4 B3 E-4,9,m
873.5,E-5 F#4 A4 B3,9,m
874.0,E5 E4 G#4 E3,9,m
874.5,E5 D3,9,m
875.0,E5 C3,9,m
875.5,B2,9,m
875.75,A5 B2,9,m
876.0,E6,9,m
877.0,E4 A4 C5 E5 A2 E3 A3,9,m
878.0,F6,9,m
879.0,F6 F4 A4 D5 F5 D2 D3,9,m
879.25,D6 F4 A4 D5 F5 D2 D3,9,m
879.375,B5 F4 A4 D5 F5 D2 D3,9,m
879.5,G#5 F4 A4 D5 F5 D2 D3,9,m
879.625,F5 F4 A4 D5 D2 D3,9,m
879.75,D5 F4 A4 F5 D2 D3,9,m
879.875,B4,9,m
880.0,G#4,9,m
881.0,G#4 D4 B4 E4,9,m
882.0,A4 C4 C5 E4,9,m
882.5,C4 A4 C5 E4,9,m
882.75,A4 C4 C5 E4,9,m
882.875,C4 A4 C5 E4,9,m
883.0,B4 G#3 B3 D4 E4,9,m
883.125,C5 G#3 B3 D4 E4,9,m
883.25,B4 G#3 B3 D4 E4,9,m
883.375,C5 G#3 B3 D4 E4,9,m
883.5,B4 G#3 B3 D4 E4,9,m
883.625,C5 G#3 B3 D4 E4,9,m
883.75,A4 G#3 B3 D4 E4,9,m
883.875,B4 G#3 B3 D4 E4,9,m
884.0,C5 A3 C4 E4,9,m
884.5,A3 C4 E4,9,m
884.75,A4 A3 C4 E4,9,m
885.0,A5 A3 C4 E4,9,m
885.5,A5 A3 C4 E4,9,m
886.0,A5 A3 C#4 E4,9,m
886.5,B-5 A3 C#4 E4,9,m
886.75,A5 A3 C#4 E4,9,m
887.0,G5 A3 C#4 E4,9,m
887.25,A5 A3 C#4 E4,9,m
887.5,E5 A3 C#4 E4,9,m
887.75,A5 A3 C#4 E4,9,m
888.0,G5 D4 G4 D3 G3,9,m
888.5,G5 D4 G4 D3 G3,9,m
889.0,G5 D4 G4 D3 G3,2,m
889.5,G5 D4 G4 D3 G3,2,m
890.0,F5 D4 F4 D3 G3,2,m
890.5,G#5 D4 F4 D3 G3,2,m
890.75,A5 D4 F4 D3 G3,2,m
891.0,E5 D4 F4 D3 G3,2,m
891.25,G5 D4 F4 D3 G3,2,m
891.5,F5 D4 F4 D3 G3,2,m
891.75,D5 D4 F4 D3 G3,2,m
892.0,C5 G3 B3 D4 F4,0,M
892.5,C5 G3 B3 D4 F4,0,M
893.0,C5 G3 B3 D4 F4,0,M
893.5,C5 G3 B3 D4 F4,0,M
894.0,B4 G3 B3 D4 F4,0,M
894.5,A5 G3 B3 D4 F4,0,M
894.75,G5 G3 B3 D4 F4,0,M
895.0,F#5 G3 B3 D4 F4,0,M
895.25,G5 G3 B3 D4 F4,0,M
895.5,D5 G3 B3 D4 F4,0,M
895.75,G5 G3 B3 D4 F4,0,M
896.0,F5 C4 F4 C3 G3,0,M
896.5,F5 C4 F4 C3 G3,0,M
897.0,F5 C4 F4 C3 G3,0,M
897.5,F5 C4 F4 C3 G3,0,M
898.0,E5 C4 E4 C3 G3,0,M
898.5,F#5 C4 E4 C3 G3,0,M
898.75,G5 C4 E4 C3 G3,0,M
899.0,E-5 C4 E4 C3 G3,0,M
899.25,F5 C4 E4 C3 G3,0,M
899.5,E5 C4 E4 C3 G3,0,M
899.75,C5 C4 E4 C3 G3,0,M
900.0,B4 F3 A3 C4 E4,0,M
900.5,B4 F3 A3 C4 E4,0,M
901.0,B4 F3 A3 C4 E4,0,M
901.5,B4 F3 A3 C4 E4,0,M
902.0,A4 F3 A3 C4 E4,9,m
902.5,G5 F3 A3 C4 E4,9,m
902.75,F5 F3 A3 C4 E4,9,m
903.0,E5 F3 A3 C4 E4,9,m
903.25,F5 F3 A3 C4 E4,9,m
903.5,C5 F3 A3 C4 E4,9,m
903.75,F5 F3 A3 C4 E4,9,m
904.0,E5 B3 E4 B2 F3,9,m
904.5,E5 B3 E4 B2 F3,9,m
905.0,E5 B3 E4 B2 F3,9,m
905.5,E5 B3 E4 B2 F3,9,m
906.0,D5 B3 D4 B2 F3,9,m
906.5,E5 B3 D4 B2 F3,9,m
906.75,F5 B3 D4 B2 F3,9,m
907.0,C#5 B3 D4 B2 F3,9,m
907.25,E5 B3 D4 B2 F3,9,m
907.5,D5 B3 D4 B2 F3,9,m
907.75,B4 B3 D4 B2 F3,9,m
908.0,A4 E3 B3 D4,9,m
908.5,A4 E3 B3 D4,9,m
909.0,A4 E3 B3 D4,9,m
909.5,A4 E3 B3 D4,9,m
910.0,G#4 E3 B3 D4,9,m
910.25,B4 E3 B3 D4,9,m
910.5,D5 E3 B3 D4,9,m
910.75,F5 E3 B3 D4,9,m
911.0,E5 E3 B3 D4,9,m
911.25,D5 E3 B3 D4,9,m
911.5,B5 E3 B3 D4,9,m
911.75,A5 E3 B3 D4,9,m
912.0,G#5 G#4 B4 D5 E3,9,m
912.25,B5 G#4 B4 D5 E3,9,m
912.5,D6 G#4 B4 D5 E3,9,m
913.0,D6 G#4 B4 D5 E3,9,m
913.25,D6 G#4 B4 D5 E3,9,m
913.5,B5 G#4 B4 D5 E3,9,m
913.75,A5 G#4 B4 D5 E3,9,m
914.0,G#5 G#4 B4 D5 E3,9,m
914.25,A5 G#4 B4 D5 E3,9,m
914.5,B-5 G#4 B4 D5 E3,9,m
914.75,B5 G#4 B4 D5 E3,9,m
915.0,B5 G#4 B4 D5 E3,9,m
915.75,D5 G#4 B4 E3,9,m
915.875,D5,9,m
916.0,C5,9,m
916.25,E5,9,m
916.5,G#5,9,m
916.75,B5,9,m
917.0,A5 A4 C5 A3 E4,9,m
917.5,A4 C5 A3 E4,9,m
917.75,C5 A4 A3 E4,9,m
917.875,C5,9,m
918.0,B4,9,m
918.25,D5,9,m
918.5,E5,9,m
918.75,G5,9,m
919.0,F5 F4 A4 D5 D3,9,m
919.5,F4 A4 D5 D3,9,m
919.75,F5 F4 A4 D5 D3,9,m
919.875,F5,9,m
920.0,E5,9,m
920.75,E6 E5 E3 E4,9,m
921.0,E6 E5 E3 E4,9,m
922.5,E-6 E5 E3 E4,9,m
922.75,E6,9,m
923.0,E6,9,m
923.25,B5,9,m
923.5,B5,9,m
923.75,C6,9,m
924.0,C6,9,m
924.25,A5,9,m
924.5,A5,9,m
924.75,E5,9,m
925.0,E5,9,m
925.25,C5,9,m
925.5,C5,9,m
925.75,A4,9,m
926.0,E4 B4 D5 E3,9,m
926.25,F4 E4 B4 D5 E3,9,m
926.375,E4 F4 B4 D5 E3,9,m
926.5,E4 B4 D5 E3,9,m
926.625,D4 E4 B4 D5 E3,9,m
926.75,E4 D4 B4 D5 E3,9,m
926.875,E4 B4 D5 E3,9,m
927.0,F#4 E4 B4 D5 E3,9,m
927.5,G#4 E4 B4 D5 E3,9,m
927.75,G#4,9,m
928.0,C5 A4,9,m
928.5,E5 C5,9,m
929.0,E5 A4 C5 A3,9,m
929.5,E5 C5,9,m
929.75,C6 E5 C5,9,m
930.0,C6 A4 C5 A2,9,m
930.25,B5 A4 C5 A2,9,m
930.5,B5 E5 C5,9,m
930.75,A5 E5 C5,9,m
931.0,A5 C5 A4,9,m
931.25,G#5 C5 A4,9,m
931.5,G#5 E5 C5,9,m
931.75,A5 E5 C5,9,m
932.0,A5 C5 A4,9,m
932.125,C5 A4,9,m
932.25,E5 C5 A4,9,m
932.5,G5 E5 C5,9,m
932.625,F5 E5 C5,9,m
932.75,E5 C5,9,m
933.0,E5 A4 C5 A3,9,m
933.5,E5 C5,9,m
933.75,C6 E5 C5,9,m
934.0,C6 A4 C5 A2,9,m
934.25,B5 A4 C5 A2,9,m
934.5,B5 E5 C5,9,m
934.75,A5 E5 C5,9,m
935.0,A5 C5 A4,9,m
935.25,G#5 C5 A4,9,m
935.5,A5 E5 C5,9,m
935.75,B-5 E5 C5,9,m
936.0,B5 D5 B4,9,m
936.125,D5 B4,9,m
936.25,E5 D5 B4,9,m
936.5,G5 E4,9,m
936.625,F5 E4,9,m
936.75,E5 E4,9,m
937.0,E5 B4 D5 E3,9,m
937.5,E5 E4,9,m
937.75,D6 E4,9,m
938.0,D6 B4 D5 E2,9,m
938.25,C6 B4 D5 E2,9,m
938.5,C6 E4,9,m
938.75,B5 E4,9,m
939.0,B5 D5 B4,9,m
939.25,A5 D5 B4,9,m
939.5,A5 E4,9,m
939.75,G#5 E4,9,m
940.0,G#5 B4 G#4,9,m
940.25,B5 B4 G#4,9,m
940.5,B5 E4,9,m
940.75,D5 E4,9,m
941.0,D5 G#4 B4 E3,9,m
941.25,F5 G#4 B4 E3,9,m
941.5,F5 E4,9,m
941.75,B4 E4,9,m
942.0,B4 G#4 E2,9,m
942.25,D5 G#4 B4 E2,9,m
942.5,D5 E4,9,m
942.75,G#4 E4,9,m
943.0,G#4 B4,9,m
943.25,B4 G#4,9,m
943.5,E5 E4,9,m
943.625,F5 E4,9,m
943.75,D5 E4,9,m
944.0,C5 A4 A2,9,m
944.25,A4 C5 A2,9,m
944.5,E5 C5,9,m
945.0,A4 C5 A3,9,m
945.5,E5 C5,9,m
945.75,C6 E5 C5,9,m
946.0,C6 A4 C5 A2,9,m
946.25,B5 A4 C5 A2,9,m
946.5,B5 E5 C5,9,m
946.75,A5 E5 C5,9,m
947.0,A5 A4 C5 A3,9,m
947.25,G#5 A4 C5 A3,9,m
947.5,G#5 E5 C5,9,m
947.75,A5 E5 C5,9,m
948.0,A5 A4 C5 A2,9,m
948.125,A4 C5 A2,9,m
948.25,E5 A4 C5 A2,9,m
948.5,G5 E5 C5,9,m
948.625,F5 E5 C5,9,m
948.75,E5 C5,9,m
949.0,E5 A4 C5 A3,9,m
949.5,E5 C5,9,m
949.75,C6 E5 C5,9,m
950.0,C6 A4 C5 A2,9,m
950.25,B5 A4 C5 A2,9,m
950.5,B5 E5 C5,9,m
950.75,A5 E5 C5,9,m
951.0,A5 A4 C5 A3,9,m
951.125,B5 A4 C5 A3,9,m
951.25,G#5 A4 C5 A3,9,m
951.5,A5 E5 C5,9,m
951.75,B-5 E5 C5,9,m
952.0,B5 B4 D5 E2,9,m
952.25,E5 B4 D5 E2,9,m
952.5,G5 E4,9,m
952.625,F5 E4,9,m
952.75,E5 E4,9,m
953.0,E5 E3 B4 D5,9,m
953.5,E5 E4,9,m
953.75,D6 E4,9,m
954.0,D6 B4 D5 E2,9,m
954.25,C6 B4 D5 E2,9,m
954.5,C6 E4,9,m
954.75,B5 E4,9,m
955.0,B5 B4 D5 E3,9,m
955.25,A5 B4 D5 E3,9,m
955.5,A5 E4,9,m
955.75,G#5 E4,9,m
956.0,G#5 B4 D5 E2,9,m
956.25,B5 B4 D5 E2,9,m
956.5,B5 E4,9,m
956.75,D5 E4,9,m
957.0,D5 E3 B4,9,m
957.25,F5 E3 B4 D5,9,m
957.5,F5 E4,9,m
957.75,B4 E4,9,m
958.0,B4 D5 E2,9,m
958.25,D5 B4 E2,9,m
958.5,D5 E4,9,m
958.75,G#4 E4,9,m
959.0,G#4 B4 D5 E3,0,M
959.25,B4 D5 E3,0,M
959.5,E5 F5 E4,0,M
959.625,E5 E4,0,M
959.75,D5 E4,0,M
960.0,C5 A4,0,M
960.25,A4 C5,0,M
960.5,A5 C5 A4,0,M
960.875,A5,0,M
961.0,A4 C#5 G3 E4,0,M
961.125,A4 C#5 G3 E4,0,M
961.25,A4 C#5 G3 E4,0,M
961.3333333333334,B4 A4 C#5 G3 E4,0,M
961.4583333333334,A4 C#5 G3 E4,0,M
961.5,C#5 A4 G3 E4,0,M
961.625,A4 C#5 G3 E4,0,M
961.6666666666666,B4 A4 C#5 G3 E4,0,M
961.7916666666666,A4 C#5 G3 E4,0,M
961.875,A4,0,M
962.0,D5 F4 A4 F3,0,M
962.125,D5 F4 A4 F3,0,M
962.25,F4 A4 D5 F3,0,M
962.3333333333334,E5 F4 A4 D5 F3,0,M
962.4583333333334,F4 A4 D5 F3,0,M
962.5,F5 F4 A4 D5 F3,0,M
962.625,F4 A4 D5 F3,0,M
962.6666666666666,E5 F4 A4 D5 F3,0,M
962.7916666666666,F4 A4 D5 F3,0,M
962.875,D5,0,M
963.0,D6 F4 A4 D5 D3,0,M
963.125,D5 D6 F4 A4 D3,0,M
963.25,F4 A4 D5 D3,0,M
963.3333333333334,E5 F4 A4 D5 D3,0,M
963.4583333333334,F4 A4 D5 D3,0,M
963.5,F5 F4 A4 D5 D3,0,M
963.625,F4 A4 D5 D3,0,M
963.6666666666666,E5 F4 A4 D5 D3,0,M
963.7916666666666,F4 A4 D5 D3,0,M
963.875,D5,0,M
964.0,B4 G4,0,M
964.25,G4 B4,0,M
964.5,G5 B4 G4,0,M
964.875,G5,0,M
965.0,G4 B4 F3 D4,0,M
965.125,G4 B4 F3 D4,0,M
965.25,G4 B4 F3 D4,0,M
965.3333333333334,A4 G4 B4 F3 D4,0,M
965.4583333333334,G4 B4 F3 D4,0,M
965.5,B4 G4 F3 D4,0,M
965.625,G4 B4 F3 D4,0,M
965.6666666666666,A4 G4 B4 F3 D4,0,M
965.7916666666666,G4 B4 F3 D4,0,M
965.875,G4,0,M
966.0,C5 E4 G4 E3,0,M
966.125,C5 E4 G4 E3,0,M
966.25,E4 G4 C5 E3,0,M
966.3333333333334,D5 E4 G4 C5 E3,0,M
966.4583333333334,E4 G4 C5 E3,0,M
966.5,E5 E4 G4 C5 E3,0,M
966.625,E4 G4 C5 E3,0,M
966.6666666666666,D5 E4 G4 C5 E3,0,M
966.7916666666666,E4 G4 C5 E3,0,M
966.875,C5,0,M
967.0,C6 E4 G4 C5 C3,0,M
967.125,C5 C6 E4 G4 C3,0,M
967.25,E4 G4 C5 C3,0,M
967.3333333333334,D5 E4 G4 C5 C3,0,M
967.4583333333334,E4 G4 C5 C3,0,M
967.5,E5 E4 G4 C5 C3,0,M
967.625,E4 G4 C5 C3,0,M
967.6666666666666,D5 E4 G4 C5 C3,0,M
967.7916666666666,E4 G4 C5 C3,0,M
967.875,C5,0,M
968.0,A4 F3,0,M
968.25,F4 F3,0,M
968.5,F5 F3,0,M
968.875,F5,0,M
969.0,F4 A4 E3 C4,0,M
969.125,F4 A4 E3 C4,0,M
969.25,F4 A4 E3 C4,0,M
969.3333333333334,G4 F4 A4 E3 C4,0,M
969.4583333333334,F4 A4 E3 C4,0,M
969.5,A4 F4 E3 C4,0,M
969.625,F4 A4 E3 C4,0,M
969.6666666666666,G4 F4 A4 E3 C4,0,M
969.7916666666666,F4 A4 E3 C4,0,M
969.875,F4,0,M
970.0,B4 D4 F4 D3,0,M
970.125,B4 D4 F4 D3,0,M
970.25,D4 F4 B4 D3,0,M
970.3333333333334,C5 D4 F4 B4 D3,0,M
970.4583333333334,D4 F4 B4 D3,0,M
970.5,D5 D4 F4 B4 D3,0,M
970.625,D4 F4 B4 D3,0,M
970.6666666666666,C5 D4 F4 B4 D3,0,M
970.7916666666666,D4 F4 B4 D3,0,M
970.875,B4,0,M
971.0,B5 D4 F4 B4 B2,0,M
971.125,B4 D4 F4 B2,0,M
971.25,D4 F4 B4 B2,0,M
971.3333333333334,C5 D4 F4 B4 B2,0,M
971.4583333333334,D4 F4 B4 B2,0,M
971.5,D5 D4 F4 B4 B2,0,M
971.625,D4 F4 B4 B2,0,M
971.6666666666666,C5 D4 F4 B4 B2,0,M
971.7916666666666,D4 F4 B4 B2,0,M
971.875,B4,0,M
972.0,G#4 E4 B4 E3,0,M
972.25,E4 G#4 B4 E3,0,M
972.5,E4,0,M
972.75,G#4,0,M
973.0,B4,9,m
973.25,E-5,9,m
973.5,E5,9,m
973.75,G#5,9,m
974.0,B5,9,m
974.25,A5,9,m
974.5,G#5,9,m
974.75,B5,9,m
975.0,E6 E4 G#4 B4 E3,9,m
975.75,D6 E4 G#4 B4 E3,9,m
976.0,C6 A4 C5 A2 E4,9,m
976.25,E4 A4 C5 A2,9,m
976.5,A4,9,m
977.0,A4 E4 C5 A2,9,m
977.125,E6 A4 E4 C5 A2,9,m
977.1666666666666,E6 E4 A4 C5 A2,9,m
977.25,E4 A4 C5 A2,9,m
977.3333333333334,D6 E4 A4 C5 A2,9,m
977.4583333333334,E4 A4 C5 A2,9,m
977.5,C6,9,m
977.6666666666666,B5,9,m
977.875,A5,9,m
978.0,G#5 E4 G#4 B4 E3,9,m
978.25,E4 G#4 B4 E3,9,m
978.5,E4,9,m
979.0,E6 E4 G#4 B4 E2,9,m
979.75,D6 E4 G#4 B4 E2,9,m
979.875,D6 E4,9,m
980.0,C6 A4 C5 A2 E4,9,m
980.25,E4 A4 C5 A2,9,m
980.5,A4,9,m
981.0,A4 E4 C5 A2,9,m
981.125,E6 A4 E4 C5 A2,9,m
981.1666666666666,E6 E4 A4 C5 A2,9,m
981.25,E4 A4 C5 A2,9,m
981.3333333333334,D6 E4 A4 C5 A2,9,m
981.4583333333334,E4 A4 C5 A2,9,m
981.5,C6,9,m
981.6666666666666,B5,9,m
981.875,A5,9,m
982.0,G#5 E4 G#4 B4 E3,9,m
982.25,E4 G#4 B4 E3,9,m
982.5,E4,9,m
982.625,F4,9,m
982.6666666666666,E4 F4,9,m
982.75,D4 E4,9,m
982.7916666666666,D4,9,m
982.875,E4,9,m
983.0,E6 E4 G#4 B4 E2,9,m
983.75,D6 E4 G#4 B4 E2,9,m
984.0,C6 A4 C5 A2 E4,9,m
984.5,A4,9,m
985.0,C6 C5 A4,9,m
985.125,D6 C5 A4,9,m
985.25,C5 A4,9,m
985.3333333333334,C6 C5 A4,9,m
985.4583333333334,C5 A4,9,m
985.5,B5 D5 B4,9,m
985.625,D5 B4,9,m
985.6666666666666,C6 D5 B4,9,m
985.7916666666666,D5 B4,9,m
985.875,B5 D5 B4,9,m
986.0,A5 E5 C5,9,m
986.125,B5 E5 C5,9,m
986.25,E5 C5,9,m
986.3333333333334,A5 E5 C5,9,m
986.4583333333334,E5 C5,9,m
986.5,G5 D5 B4,9,m
986.625,D5 B4,9,m
986.6666666666666,A5 D5 B4,9,m
986.7916666666666,D5 B4,9,m
986.875,G5 D5 B4,9,m
987.0,F5 A4 C5 A2,9,m
987.125,G5 A4 C5 A2,9,m
987.25,A4 C5 A2,9,m
987.3333333333334,F5 A4 C5 A2,9,m
987.4583333333334,A4 C5 A2,9,m
987.5,E5 A4 C#5 A2,9,m
987.625,A4 C#5 A2,9,m
987.6666666666666,F5 A4 C#5 A2,9,m
987.7916666666666,A4 C#5 A2,9,m
987.875,E5 A4 C#5 A2,9,m
988.0,D4 D5 F3,9,m
988.375,A5 D5 F3,9,m
988.5,B5 A4 F3,9,m
988.625,A5 A4 F3,9,m
988.75,G5 A4 F3,9,m
988.875,A5 A4 F3,9,m
989.0,E4 E5 E3,9,m
989.375,A5 E5 E3,9,m
989.5,B5 A4 E3,9,m
989.625,A5 A4 E3,9,m
989.75,G5 A4 E3,9,m
989.875,A5 A4 E3,9,m
990.0,F4 F5 D3,9,m
990.375,A5 F5 D3,9,m
990.5,B5 A4 D3,9,m
990.625,A5 A4 D3,9,m
990.75,G5 A4 D3,9,m
990.875,A5 A4 D3,9,m
991.0,E4 E5 E3,9,m
991.375,A5 E5 E3,9,m
991.5,B5 A4 E3,9,m
991.625,A5 A4 E3,9,m
991.75,G5 A4 E3,9,m
991.875,A5 A4 E3,2,m
992.0,E-4 A4 E-5 F3,2,m
993.0,E-4 A4 E-5 F3,2,m
993.125,F4 A4 E-5 F3,2,m
993.25,A4 E-5 F3,2,m
993.375,C5 A4 E-5 F3,2,m
993.5,E-5 A4 F3,2,m
993.625,F5 A4 E-5 F3,2,m
993.75,A5,2,m
993.875,C6,9,m
994.0,C6,9,m
995.75,E-4,9,m
996.0,E4 A4 C5 E5 E3,9,m
996.125,F4 A4 C5 E5 E3,9,m
996.25,A4 C5 E5 E3,9,m
996.3333333333334,F#4 A4 C5 E5 E3,9,m
996.4583333333334,A4 C5 E5 E3,9,m
996.5,G4,9,m
996.6666666666666,G#4,9,m
996.875,A4,9,m
997.0,B-4,9,m
997.125,B4,9,m
997.3333333333334,C5,9,m
997.5,C#5,9,m
997.6666666666666,D5,9,m
997.875,E-5,9,m
998.0,E5,9,m
998.125,F5,9,m
998.3333333333334,F#5,9,m
998.5,G5,9,m
998.6666666666666,G#5,9,m
998.875,A5,9,m
999.0,B-5,9,m
999.125,B5,9,m
999.3333333333334,C6,9,m
999.5,C#6,9,m
999.6666666666666,D6,9,m
999.875,E-6,9,m
1000.0,E6,9,m
1000.125,E-6,9,m
1000.3333333333334,E6,9,m
1000.5,C6,9,m
1000.6666666666666,B5,9,m
1000.875,C6,9,m
1001.0,A5,9,m
1001.125,G#5,9,m
1001.3333333333334,A5,9,m
1001.5,E5,9,m
1001.6666666666666,E-5,9,m
1001.875,E5,9,m
1002.0,C5,9,m
1002.125,B4,9,m
1002.3333333333334,C5,9,m
1002.5,A4,9,m
1002.6666666666666,G#4,9,m
1002.875,A4,9,m
1003.0,E4,9,m
1003.75,C6,9,m
1004.0,B5,9,m
1004.125,C6,9,m
1004.25,B5,9,m
1004.375,C6,9,m
1004.5,B5,9,m
1004.625,C6,9,m
1004.75,B5,9,m
1004.875,C6,0,M
1005.0,B5,0,M
1005.125,C6,0,M
1005.25,B5,0,M
1005.375,C6,0,M
1005.5,B5,0,M
1005.625,C6,0,M
1005.75,B5,0,M
1005.875,C6,0,M
1006.0,B5 E4 G#4 B4 E3,0,M
1006.125,C6 E4 G#4 B4 E3,0,M
1006.25,B5 E4 G#4 B4 E3,0,M
1006.375,C6 E4 G#4 B4 E3,0,M
1006.5,B5 E4 G#4 B4 E3,0,M
1006.625,C6 E4 G#4 B4 E3,0,M
1006.75,B5 E4 G#4 B4 E3,0,M
1006.875,C6 E4 G#4 B4 E3,0,M
1007.0,B5 E4 G#4 B4 E3,0,M
1007.125,C6 E4 G#4 B4 E3,0,M
1007.25,B5 E4 G#4 B4 E3,0,M
1007.375,C6 E4 G#4 B4 E3,0,M
1007.5,B5 E4 G#4 B4 E3,0,M
1007.625,C6 E4 G#4 B4 E3,0,M
1007.75,B5,0,M
1007.875,C6,0,M
1008.0,B5 C6 E4 G4 B4 E3,0,M
1008.125,E4 G4 B4 E3,0,M
1008.25,B5 E4 G4 B4 E3,0,M
1008.375,C6 E4 G4 B4 E3,0,M
1008.5,B5 E4 G4 B4 E3,0,M
1008.625,C6 E4 G4 B4 E3,0,M
1008.75,B5 E4 G4 B4 E3,0,M
1008.875,C6 E4 G4 B4 E3,0,M
1009.0,B5 E4 G4 B4 E3,0,M
1009.125,C6 E4 G4 B4 E3,0,M
1009.25,B5 E4 G4 B4 E3,0,M
1009.375,C6 E4 G4 B4 E3,0,M
1009.5,B5 E4 G4 B4 E3,0,M
1009.625,C6 E4 G4 B4 E3,0,M
1009.75,B5,0,M
1009.875,C6,0,M
1010.0,B5 G4 B4 F3,0,M
1010.125,C6 G4 B4 F3,0,M
1010.25,B5 G4 B4 F3,0,M
1010.375,C6 G4 B4 F3,0,M
1010.5,B5 G4 B4 F3,0,M
1010.625,C6 G4 B4 F3,0,M
1010.75,B5 G4 B4 F3,0,M
1010.875,C6 G4 B4 F3,0,M
1011.0,B5 G4 B4 F3,0,M
1011.125,C6 G4 B4 F3,0,M
1011.25,B5 G4 B4 F3,0,M
1011.375,C6 G4 B4 F3,0,M
1011.5,B5 G4 B4 F3,0,M
1011.625,C6 G4 B4 F3,0,M
1011.75,B-5,0,M
1011.875,B5,0,M
1012.0,C6 B5 G4 C5 E3,0,M
1012.125,D6 G4 C5 E3,0,M
1012.25,C6 G4 C5 E3,0,M
1012.375,D6 G4 C5 E3,0,M
1012.5,C6 G4 C5 E3,0,M
1012.625,D6 G4 C5 E3,0,M
1012.75,C6 G4 C5 E3,0,M
1012.875,D6 G4 C5 E3,0,M
1013.0,C6 G4 C5 E3,0,M
1013.125,D6 G4 C5 E3,0,M
1013.25,C6 G4 C5 E3,0,M
1013.375,D6 G4 C5 E3,0,M
1013.5,C6 G4 C5 E3,0,M
1013.625,D6 G4 C5 E3,0,M
1013.75,B5,0,M
1013.875,C6,0,M
1014.0,C#6 A4 C#5 G3,0,M
1014.125,D6 A4 C#5 G3,0,M
1014.25,C#6 A4 C#5 G3,0,M
1014.375,D6 A4 C#5 G3,0,M
1014.5,C#6 A4 C#5 G3,0,M
1014.625,D6 A4 C#5 G3,0,M
1014.75,C#6 A4 C#5 G3,0,M
1014.875,D6 A4 C#5 G3,0,M
1015.0,C#6 A4 C#5 G3,0,M
1015.125,D6 A4 C#5 G3,0,M
1015.25,C#6 A4 C#5 G3,0,M
1015.375,D6 A4 C#5 G3,0,M
1015.5,C#6 A4 C#5 G3,0,M
1015.625,D6 A4 C#5 G3,0,M
1015.75,C6,0,M
1015.875,C#6,0,M
1016.0,D6 C#6 A4 D5 F#3,0,M
1016.125,E6 A4 D5 F#3,0,M
1016.25,D6 A4 D5 F#3,0,M
1016.375,E6 A4 D5 F#3,0,M
1016.5,D6 A4 D5 F#3,0,M
1016.625,E6 A4 D5 F#3,0,M
1016.75,D6 A4 D5 F#3,0,M
1016.875,E6 A4 D5 F#3,2,M
1017.0,D6 A4 D5 F#3,2,M
1017.125,E6 A4 D5 F#3,2,M
1017.25,D6 A4 D5 F#3,2,M
1017.375,E6 A4 D5 F#3,2,M
1017.5,D6 A4 D5 F#3,2,M
1017.625,E6 A4 D5 F#3,2,M
1017.75,C#6,2,M
1017.875,D6,9,m
1018.0,E-6 B4 E-5 A3,9,m
1018.125,E6 B4 E-5 A3,9,m
1018.25,E-6 B4 E-5 A3,9,m
1018.375,E6 B4 E-5 A3,9,m
1018.5,E-6 B4 E-5 A3,9,m
1018.625,E6 B4 E-5 A3,9,m
1018.75,E-6 B4 E-5 A3,9,m
1018.875,E6 B4 E-5 A3,9,m
1019.0,E-6 B4 E-5 A3,9,m
1019.125,E6 B4 E-5 A3,9,m
1019.25,E-6 B4 E-5 A3,9,m
1019.375,E6 B4 E-5 A3,9,m
1019.5,E-6 B4 E-5 A3,9,m
1019.625,E6 B4 E-5 A3,9,m
1019.75,D6,9,m
1019.875,E-6,9,m
1020.0,E6 E-6 B4 E5 G#3,9,m
1020.125,F6 B4 E5 G#3,9,m
1020.25,E6 B4 E5 G#3,9,m
1020.375,F6 B4 E5 G#3,9,m
1020.5,E6 B4 E5 G#3,9,m
1020.625,F6 B4 E5 G#3,9,m
1020.75,E-6 B4 E5 G#3,9,m
1020.875,E6,9,m
1021.0,C#6 B4 C#5 G3,9,m
1021.125,D6 B4 C#5 G3,9,m
1021.25,C#6 B4 C#5 G3,9,m
1021.375,D6 B4 C#5 G3,9,m
1021.5,C#6 B4 C#5 G3,9,m
1021.625,D6 B4 C#5 G3,9,m
1021.75,C6 B4 C#5 G3,9,m
1021.875,C#6,9,m
1022.0,D6 A4 D5 F#3,9,m
1022.125,E6 A4 D5 F#3,9,m
1022.25,D6 A4 D5 F#3,9,m
1022.375,E6 A4 D5 F#3,9,m
1022.5,D6 A4 D5 F#3,9,m
1022.625,E6 A4 D5 F#3,9,m
1022.75,C#6 A4 D5 F#3,9,m
1022.875,D6,9,m
1023.0,B5 G#4 B4 F3,9,m
1023.125,C#6 G#4 B4 F3,9,m
1023.25,B5 G#4 B4 F3,9,m
1023.375,C#6 G#4 B4 F3,9,m
1023.5,B5 G#4 B4 F3,9,m
1023.625,C#6 G#4 B4 F3,9,m
1023.75,B-5 G#4 B4 F3,9,m
1023.875,B5,9,m
1024.0,C6 A4 C5 E3,9,m
1024.125,D6 A4 C5 E3,9,m
1024.25,C6 A4 C5 E3,9,m
1024.375,D6 A4 C5 E3,9,m
1024.5,C6 A4 C5 E3,9,m
1024.625,D6 A4 C5 E3,9,m
1024.75,B5 A4 C5 E3,9,m
1024.875,C6,9,m
1025.0,G#5 G#4 F5 D3,9,m
1025.125,A5 G#4 F5 D3,9,m
1025.25,G#5 G#4 F5 D3,9,m
1025.375,A5 G#4 F5 D3,9,m
1025.5,G#5 G#4 F5 D3,9,m
1025.625,A5 G#4 F5 D3,9,m
1025.75,G5 G#4 F5 D3,9,m
1025.875,G#5,9,m
1026.0,A5 A4 E5 C3,9,m
1026.125,B5 A4 E5 C3,9,m
1026.25,A5 A4 E5 C3,9,m
1026.375,B5 A4 E5 C3,9,m
1026.5,A5 A4 E5 C3,9,m
1026.625,B5 A4 E5 C3,9,m
1026.75,G#5 A4 E5 C3,9,m
1026.875,A5,9,m
1027.0,E6 C5 E5 A5 A2,9,m
1027.5,D6 C5 E5 A5 A2,9,m
1027.75,C6 C5 E5 A5 A2,9,m
1027.875,C6,9,m
1028.0,B5 B4 F5 D3,9,m
1028.125,C6 B4 F5 D3,9,m
1028.25,B5 A5 D3,9,m
1028.375,C6 A5 D3,9,m
1028.5,B5 B4 F5 D4,9,m
1028.625,C6 B4 F5 D4,9,m
1028.75,B5 A5 D4,9,m
1028.875,C6 A5 D4,9,m
1029.0,B5 B4 F5 D4,9,m
1029.125,C6 B4 F5 D4,9,m
1029.25,B5 A5 D4,9,m
1029.375,C6 A5 D4,9,m
1029.5,B5 B4 F5 D4,9,m
1029.625,C6 B4 F5 D4,9,m
1029.75,B5 A5 D4,9,m
1029.875,C6 A5 D4,9,m
1030.0,B5 B4 F5 D3,9,m
1030.125,C6 B4 F5 D3,9,m
1030.25,B5 A5 D3,9,m
1030.375,C6 A5 D3,9,m
1030.5,B5 B4 F5 D4,9,m
1030.625,C6 B4 F5 D4,9,m
1030.75,B5 A5 D4,9,m
1030.875,C6 A5 D4,9,m
1031.0,B5 B4 F5 D4,9,m
1031.125,C6 B4 F5 D4,9,m
1031.25,B5 A5 D4,9,m
1031.375,C6 A5 D4,9,m
1031.5,B5 B4 F5 D4,9,m
1031.625,C6 B4 F5 D4,9,m
1031.75,B5 A5 D4,9,m
1031.875,C6 A5 D4,9,m
1032.0,B5 B4 E5 E3,9,m
1032.125,C6 B4 E5 E3,9,m
1032.25,B5 G#5 E3,9,m
1032.375,C6 G#5 E3,9,m
1032.5,B5 B4 E5 E4,9,m
1032.625,C6 B4 E5 E4,9,m
1032.75,B5 G#5 E4,9,m
1032.875,C6 G#5 E4,9,m
1033.0,B5 B4 E5 E4,9,m
1033.125,C6 B4 E5 E4,9,m
1033.25,B5 G#5 E4,9,m
1033.375,C6 G#5 E4,9,m
1033.5,B5 B4 E5 E4,9,m
1033.625,C6 B4 E5 E4,9,m
1033.75,B-5 G#5 E4,9,m
1033.875,B5 G#5 E4,9,m
1034.0,E6 B4 E5 E3,9,m
1034.25,E6 G#5 E3,9,m
1034.5,E6 B4 E5 E4,9,m
1034.75,E6 G#5 E4,9,m
1035.0,E6 B4 E5 E4,9,m
1035.25,E6 G#5 E4,9,m
1035.5,E6 B4 E5 E4,9,m
1035.75,G#5 E4,9,m
1036.0,C5 E5 A5 A2 C3 E3,9,m
1036.25,A3 C5 E5 A5,9,m
1036.5,A2 C3 E3 C5 E5 A5,9,m
1036.75,A3 C5 E5 A5,9,m
1037.0,A2 C3 E3 C5 E5 A5,9,m
1037.25,A3 C5 E5 A5,9,m
1037.5,A5 A2 C3 E3 C5 E5,9,m
1037.75,A5 A3,9,m
1038.0,C6 A2 C3 E3,9,m
1038.25,A3 C6,9,m
1038.5,A2 C3 E3 C6,9,m
1038.75,A3 C6,9,m
1039.0,A2 C3 E3 C6,9,m
1039.25,A3 C6,9,m
1039.5,A2 C3 E3 C6,9,m
1039.625,A2 C3 E3,9,m
1039.75,A5 A3,9,m
1040.0,E6 A2 C3 E3,9,m
1040.25,A3 E6,9,m
1040.5,A2 C3 E3 E6,9,m
1040.75,A3 E6,9,m
1040.875,A3,9,m
1041.0,C6 A2 C3 E3,9,m
1041.25,A3 C6,9,m
1041.5,A2 C3 E3 C6,9,m
1041.75,A3 C6,9,m
1041.875,A3,9,m
1042.0,A5 A2 C3 E3,9,m
1042.25,A3 A5,9,m
1042.5,A2 C3 E3 A5,9,m
1042.75,A3 A5,9,m
1042.875,A3,9,m
1043.0,E5 A2 C3 E3,9,m
1043.25,A3 E5,9,m
1043.5,A2 C3 E3 E5,9,m
1043.75,A3 E5,9,m
1043.875,A3,9,m
1044.0,C5 A2 C3 E3,9,m
1044.25,A3 C5,9,m
1044.5,A2 C3 E3 C5,9,m
1044.75,A3 C5,9,m
1045.0,A2 C3 E3 C5,9,m
1045.25,A3 C5,9,m
1045.5,A2 C3 E3 C5,9,m
1045.75,A3,9,m
1046.0,A5 A2 C3 E3,9,m
1046.25,A3 A5,9,m
1046.5,A2 C3 E3 A5,9,m
1046.75,A3 A5,9,m
1047.0,A2 C3 E3 A5,9,m
1047.25,A3 A5,9,m
1047.5,A2 C3 E3 A5,9,m
1047.625,A2 C3 E3,9,m
1047.75,E5 A3,9,m
1048.0,C6 A2 C3 E3,9,m
1048.25,A3 C6,9,m
1048.5,A2 C3 E3 C6,9,m
1048.75,A3 C6,9,m
1048.875,A3,9,m
1049.0,A5 A2 C3 E3,9,m
1049.25,A3 A5,9,m
1049.5,A2 C3 E3 A5,9,m
1049.75,A3 A5,9,m
1049.875,A3,9,m
1050.0,E5 A2 C3 E3,9,m
1050.25,A3 E5,9,m
1050.5,A2 C3 E3 E5,9,m
1050.75,A3 E5,9,m
1050.875,A3,9,m
1051.0,C5 A2 C3 E3,9,m
1051.25,A3 C5,9,m
1051.5,A2 C3 E3 C5,9,m
1051.75,A3 C5,9,m
1051.875,A3,9,m
1052.0,A4 A2,9,m
1053.0,C5 E5 A5 A3,9,m
1054.0,C5 E5 A5 E3,9,m
1055.0,C5 E5 A5 C3,9,m
1056.0,C5 E5 A5 A2,9,m
1058.0,E5 A5 C6 A2 A3,9,m
1060.0,C4 E4 A4 A1 A2,?,?
