0.75,E4 G1 G2,4,m
1.0,E4 F#4 A1 A2,4,m
1.75,E4 G4 B1 B2,4,m
2.0,E4 F#4 A1 A2,4,m
2.75,E4 F#4 A1 A2,4,m
3.0,E4 G4 B1 B2,4,m
3.75,E4 A4 C2 C3,4,m
4.0,E4 B4 G1 G2,4,m
4.75,E4 C5 A1 A2,4,m
5.0,E4 A4 C2 C3,4,m
5.75,E4 F#4 A1 A2,4,m
6.0,B3 E4 G4 B1 B2,4,m
7.0,A3 E-4 F#4 B1 B2,4,m
8.0,G3 B3 E4 E2 E3,4,m
9.5,E3 G3 B3 E2,4,m
10.0,E3 G3 B3 E2,4,m
11.5,D3 F#3 A3 D2,4,m
12.0,D3 F#3 A3 D2,4,m
13.5,E3 G3 C4 C2 C3,4,m
14.0,E3 G3 C4 C2 C3,4,m
15.5,E-3 F#3 B3 B1 B2,4,m
16.0,E-3 F#3 B3 B1 B2,4,m
22.5,B3,11,M
23.0,B3,11,M
23.5,B3,11,M
24.0,B3,?,?
24.75,B3,?,?
25.0,B3,?,?
25.75,B3,?,?
26.0,B3,?,?
27.75,B3,?,?
28.0,B3,?,?
30.0,D4 B4 B3 B1 B2,?,?
30.5,D4 B4 B3,?,?
30.75,B3 D4 B4 B1 B2,?,?
31.0,B3 D4 B4 C#2 C#3,?,?
31.75,B3 D4 B4 D2 D3,?,?
32.0,B3 D4 B4 B1 B2,?,?
36.0,B3,?,?
37.0,B3,?,?
37.75,B3,?,?
38.0,B3,?,?
39.75,B3,?,?
40.0,B3,?,?
42.0,E4 B4 B3 C#2 C#3,?,?
42.5,E4 B4 B3,?,?
42.75,B3 E4 B4 C#2 C#3,?,?
43.0,B3 E4 B4 D2 D3,?,?
43.75,B3 E4 B4 E2 E3,?,?
44.0,B3 E4 B4 C#2 C#3,?,?
46.5,B3,?,?
47.0,B3,?,?
47.5,B3,?,?
48.0,B3,11,m
49.5,B3,11,m
50.0,B3,11,m
51.0,B3,11,m
51.75,B3,11,m
52.0,B3,11,m
54.0,B3 F#4 B4 D2 D3,11,m
54.5,F#4 B4 B3,11,m
54.75,B3 F#4 B4 D2 D3,11,m
55.0,B3 F#4 B4 E2 E3,11,m
55.75,B3 F#4 B4 F#2 F#3,11,m
56.0,B3 F#4 B4 D2 D3,11,m
60.0,B3,11,m
61.0,B3,11,m
61.75,B3,11,m
62.0,B3,11,m
63.5,B3,11,m
64.0,C4,11,M
66.0,F#4 B4 B3 E-2 E-3,11,M
66.5,F#4 B4 B3,11,M
66.75,B3 F#4 B4 E-2 E-3,11,M
67.0,B3 F#4 B4 E2 E3,11,M
67.75,B3 F#4 B4 F#2 F#3,11,M
68.0,B3 F#4 B4 E-2 E-3,11,M
71.5,B3,11,M
72.0,E4,11,M
73.0,B3,?,?
74.5,G3,?,?
75.0,A3,?,?
75.5,B3,?,?
76.0,C4,0,M
80.0,G4 C5 G3 E4,0,M
81.0,G4 C5 C4 G3 E4,0,M
81.33333333333333,G4 C5 G3 E4,0,M
82.0,G4 C5 C4 G3 E4,0,M
82.33333333333333,G4 C5 G3 E4,0,M
83.0,G4 C5 C4 G3 E4,0,M
83.33333333333333,G4 C5 G3 E4,0,M
84.0,F4 B4 B3 D4 G3,0,M
85.0,F4 B4 B3 D4 G3,0,M
86.0,A4 F4 A3 C4 G3,0,M
87.0,B4 F4 B3 G3,0,M
87.125,B4 B3 G3,0,M
87.5,C5 F4 C4 A3 G3,0,M
87.625,C5 C4 A3 G3,0,M
88.0,F4 D5 D4 B3 G3,0,M
89.0,F4 D5 G3 B3,0,m
89.5,F4 D5 B3 G3,0,m
90.0,E5 E-4 C4 G3,0,m
90.33333333333333,E5 E-4 C4 G3,0,m
90.66666666666667,E-4 E5 C4 G3,0,m
91.0,C5 E-4 C4 G#3,0,m
91.75,C5 E-4 G#3 C4,0,m
92.0,C4 F4 F3 G#3 D3,0,m
93.0,C4 F4 F3 G#3 D3,0,m
94.0,B3 G4 G3 G2,0,m
95.0,B3 G4 G3 G2,0,m
95.75,B3 G4 F3 G2 G3,0,m
96.0,E3,0,m
97.0,E5,4,m
99.0,E4,4,m
99.75,E3,4,m
100.0,E3,4,m
100.25,E3,4,m
100.5,E3,4,m
101.0,E3,4,m
101.25,G3,4,m
101.5,G3,4,m
101.75,B-3,4,m
102.0,E4 B-3,?,?
103.5,E3,?,?
103.75,E3,?,?
104.0,G3,?,?
104.25,G3,?,?
105.0,E3 G3,?,?
105.125,E3,?,?
105.25,B-3 C#4,?,?
105.375,C#4,?,?
105.5,G3 B-3,?,?
105.625,G3,?,?
105.75,C#4 E4,?,?
105.875,E4,?,?
106.0,E4 G4 B-3 C#4,?,?
107.25,G3,?,?
107.5,G3,?,?
107.75,G3,?,?
108.0,B-3 C#3 E3,?,?
108.125,B-3 C#3,?,?
108.25,G4 B-4 B-3,?,?
108.375,G4 B-3,?,?
108.5,B-3 E3 G3,?,?
108.625,B-3,?,?
108.75,E4 G4 B-3,?,?
108.875,E4 B-3,?,?
109.0,G3 B-3,?,?
109.25,C#4 E4,?,?
109.375,C#4,?,?
109.5,E3 G3,?,?
109.75,E4 G4,?,?
109.875,E4,?,?
110.0,C#3 E3,?,?
110.25,G4 B-4,?,?
110.375,G4,?,?
110.5,E3 G3,?,?
110.75,E4 G4,?,?
110.875,E4,?,?
111.0,G3 B-3,?,?
111.25,C#4 E4,?,?
111.375,C#4,?,?
111.5,E3 G3,?,?
111.75,E4 G4,?,?
111.875,E4,?,?
112.0,B-3 C#3 E3,?,?
112.125,B-3 C#3,?,?
112.25,G4 B-4 B-3,?,?
112.375,G4 B-3,?,?
112.5,B-3 E3 G3,?,?
112.625,B-3,?,?
112.75,E4 G4 B-3,?,?
112.875,E4 B-3,?,?
113.0,G3 B-3,?,?
113.25,C#4 E4,?,?
113.375,C#4,?,?
113.5,B-3 E3 G3,?,?
113.625,B-3,?,?
113.75,E4 G4 B-3,?,?
113.875,E4 B-3,?,?
114.0,B-3 C#3 E3,?,?
114.125,B-3,?,?
114.25,G4 B-4 B-3,?,?
114.375,G4 B-3,?,?
114.5,B-3 E3 G3,?,?
114.625,B-3,?,?
114.75,E4 G4 B-3,?,?
114.875,E4 B-3,?,?
115.0,B-3 G3,?,?
115.125,B-3,?,?
115.25,C#4 E4 B-3,?,?
115.375,C#4 B-3,?,?
115.5,B-3 E3 G3,?,?
115.625,B-3,?,?
115.75,E4 G4 B-3,?,?
115.875,E4 B-3,?,?
116.0,C#4 E2,?,?
116.125,C#4,?,?
116.25,G4 B-4 C#5 C#4,?,?
116.375,G4 B-4 C#4,?,?
116.5,C#4 G2,?,?
116.625,C#4,?,?
116.75,E4 G4 B-4 C#4,?,?
116.875,E4 G4 C#4,?,?
117.0,B-2,?,?
117.25,C#4 E4 G4,?,?
117.375,C#4 E4,?,?
117.5,C#3,?,?
117.75,B-3 C#4 E4,?,?
117.875,B-3 C#4,?,?
118.0,G2,?,?
118.25,B-4 C#5 E5,?,?
118.375,B-4 C#5,?,?
118.5,B-2,?,?
118.75,G4 B-4 C#5,?,?
118.875,G4 B-4,?,?
119.0,C#3,?,?
119.25,E4 G4 B-4,?,?
119.375,E4 G4,?,?
119.5,E3,?,?
119.75,C#4 E4 G4,?,?
119.875,C#4 E4,7,m
120.0,B-2,7,m
120.25,C#5 E5 G5,7,m
120.375,C#5 E5,7,m
120.5,C#3,7,m
120.75,B-4 C#5 E5,7,m
120.875,B-4 C#5,7,m
121.0,E3,7,m
121.25,G4 B-4 C#5,7,m
121.375,G4 B-4,7,m
121.5,G3,7,m
121.75,E4 G4 B-4,7,m
121.875,E4 G4,7,m
122.0,C#4 C#3,7,m
122.125,C#4,7,m
122.25,E5 G5 B-5 C#4,7,m
122.375,E5 G5 C#4,7,m
122.5,C#4 E3,7,m
122.625,C#4,7,m
122.75,C#5 E5 G5 C#4,7,m
122.875,C#5 E5 C#4,7,m
123.0,C#4 G3,7,m
123.125,C#4,7,m
123.25,B-4 C#5 E5 C#4,7,m
123.375,B-4 C#5 C#4,7,m
123.5,B-3,7,m
123.75,G4 B-4 C#5 C#4,7,m
123.875,G4 B-4 C#4,7,m
124.0,A4 D5 F#5 A5 D4 C3 C4,7,m
124.5,D5 F#5 A5 D6 D4 C3 C4,7,m
125.0,D4,7,m
125.75,D5,7,m
126.0,D5,7,m
128.0,G4,7,m
128.5,G5 B-4 D5 D4 B3,7,m
128.625,B-4 D5 B3,7,m
129.0,F5 A4 C5 C4 A3,7,m
129.125,A4 C5 A3,7,m
129.5,E-5 G4 B-4 B3 G3,7,m
129.625,G4 B-4 G3,7,m
130.0,D5 F4 A4 A3 F3,7,m
130.125,F4 A4 F3,7,m
130.5,C5 E-4 G4 G3 E-3,7,m
130.625,E-4 G4 E-3,7,m
131.0,B-4 D4 F4 F3 D3,7,m
131.125,D4 F4 D3,7,m
131.5,A4 C4 E-4 E-3 C3,7,m
131.625,C4 E-4 C3,7,m
132.0,G4 B-3 D4 A4 D3 B-2,7,m
132.125,B-3 D4 A4 B-2,7,m
132.5,F4 A3 C4 A4 C3 A2,7,m
132.625,A3 C4 A4 A2,7,m
133.0,E-4 G3 B-3 B-2 F#2,7,m
133.125,G3 B-3 F#2,7,m
133.5,D4 F3 A3 A2 F2,7,m
133.625,F3 A3 F2,7,m
134.0,E-3 G3 C4 F#2 E-2,7,m
134.5,E-3 G3 C4 G4 F#2 E-2,7,m
135.0,E-3 G3 C4 G4 F#2 E-2,7,m
135.5,E-3 G3 C4 G4 F#2 E-2,7,m
136.0,G4,7,m
138.0,D4,7,m
140.0,D1 D2,7,m
142.0,D1 D2,?,?
142.5,D4 D1 D2,?,?
143.0,D4 D1 D2,?,?
143.5,F4 D1 D2,?,?
144.0,A4 D1 D2,?,?
145.0,A4 D1 D2,?,?
146.0,A4 D1 D2,?,?
146.75,A4 D1 D2,?,?
147.0,A4 D1 D2,?,?
147.75,A4 D1 D2,?,?
148.0,B-4 D1 D2,?,?
148.5,A4 D1 D2,?,?
149.0,D1 D2,?,?
150.0,D1 D2,2,m
150.5,D4 D1 D2,2,m
151.0,D4 D1 D2,2,m
151.5,F4 D1 D2,2,m
152.0,A4 D1 D2,2,m
153.0,A4 D1 D2,2,m
154.0,A4 D1 D2,2,m
154.5,A4 D1 D2,2,m
155.0,A4 D1 D2,2,m
155.5,A4 D1 D2,2,m
156.0,B-4 D1 D2,2,m
156.5,A4 D1 D2,2,m
157.0,D1 D2,7,m
157.5,D4 D1 D2,7,m
158.0,E4 D1 D2,7,m
158.5,F4 D1 D2,7,m
159.0,G4 D1 D2,7,m
159.5,A4 D1 D2,7,m
160.0,C5 D1 D2,7,m
161.0,B-4 D1 D2,7,m
161.5,D1 D2,7,m
162.0,D1 D2,7,m
162.5,B-4 D1 D2,7,m
163.0,C5 D1 D2,7,m
163.5,D5 D1 D2,7,m
164.0,G4 B-4 E-5 D1 D2,7,m
165.0,G4 B-4 D5 D1 D2,7,m
166.0,E-4 F4 C5 D1 D2,3,M
166.5,E-4 F4 B4 D1 D2,3,M
167.0,E-4 F4 C5 D1 D2,3,M
167.5,E-5 E-4 F4 D5 D1 D2,3,M
168.0,D4 G4 C5 D1 D2,3,M
169.0,D4 G4 B-4 D1 D2,3,M
169.5,D4 G4 D1 D2,3,M
170.0,B-4 G5 E-4,3,M
171.0,G4 B4 F5 D4,3,M
171.5,G4 C5 E-5 C4,3,M
172.0,E4 G4 D5 B-3,3,M
172.5,F4 G#4 C5 G#3,3,M
173.0,F4 G#4 D5 B-3,3,M
173.5,F#4 G#4 E-5 C4,3,M
174.0,E-4 G4 B-4 B-3,3,M
175.5,B-3 E-4 G4,3,M
176.0,D4 B-4 B-2 G#3,3,M
178.0,B-3 E-4 E3 G3,3,M
179.5,E-4,3,M
180.0,F4 E-2 E-3,3,M
180.5,F4,3,M
181.0,E-4 C#4 G4,8,M
182.0,E-4 E-2 E-3,8,M
182.5,E-4 C#4,8,M
182.625,E-4,8,M
183.0,E-4 C#4 G4,8,M
183.125,E-4 C#4 G4,8,M
183.5,E-4 G3,8,M
183.625,E-4,8,M
184.0,E-4 B-3 G#2,8,M
184.5,E-4 B-3,8,M
185.0,E-4 G#3 E-3 C4,8,M
185.5,E-4 G#4 C4 G#3,8,M
185.625,E-4 G#4 G#3,8,M
186.0,G#4 C5 F5 G#2,8,M
186.5,G#4 C5 F5,8,M
187.0,G#4 C5 E-5 E-3 G#3 C4,8,M
187.5,E-4,8,M
188.0,F4 E-2 E-3,8,M
188.5,F4,8,M
189.0,E-4 C#4 G4,8,M
190.0,E-4 E-2 E-3,8,M
190.5,E-4 C#4,8,M
190.625,E-4,8,M
191.0,E-4 C#4 G4,8,M
191.125,E-4 C#4 G4,8,M
191.5,E-4 G3,8,M
191.625,E-4,8,M
192.0,E-4 B-3 G#2,8,M
192.5,E-4 B-3,8,M
193.0,E-4 G#3 E-3 C4,8,M
193.5,E-4 G#4 C4 G#3,8,M
193.625,E-4 G#4 G#3,8,M
194.0,G#4 C5 F5 G#2,8,M
194.5,G#4 C5 F5,8,M
195.0,G#4 C5 E-5 E-3 G#3 C4,8,M
196.0,G#4 C5 C4 F2 F3,8,M
196.5,G#4 C5 C4,8,M
197.0,G#4 C5 C4 G#3 F4,3,M
197.5,G#4 C5 C4,3,M
197.75,G#4 C5 C4,3,M
198.0,G#4 D5 D4 B-2,3,M
198.5,G#4 D5 D4,3,M
199.0,F5 G#5 G#4 B-3 D4,3,M
199.5,F5 G#5 G#4,3,M
200.0,F5 G#5 G#4 E-2 E-3,3,M
200.5,F5 G#5 G#4,3,M
201.0,E-5 G5 G4 B-3 E-4,3,M
201.5,E-5 G5 G4,3,M
201.75,B-4 D5 D4,3,M
201.875,B-4 D5,3,M
202.0,D5 F5 F4 G#2,3,M
202.125,D5 F5 G#2,3,M
202.25,G#4 C5 C4 G#2,3,M
202.375,G#4 C5 G#2,3,M
202.5,C5 E-5 E-4,3,M
202.625,C5 E-5,3,M
202.75,G4 B-4 B-3,3,M
202.875,G4 B-4,3,M
203.0,B-4 D5 B-3 G#3 C4 F4,3,M
203.25,B-4 D5 G#3 C4 F4,3,M
203.5,B-4 D5,3,M
203.75,G#4 C5 G#3,3,M
204.0,G4 B-4 B-3 B-2,3,M
204.25,G4 E-4 G3 B-2 B-3,3,M
204.5,G4 E-4 G3,3,M
204.75,G4 E-4 G3,3,M
205.0,B-4 G4 B-3,3,M
205.25,B-4 G4 B-3 G3,3,M
205.375,B-4 G4 B-3,3,M
205.5,B-4 G4 B-3 G#3,3,M
205.625,B-4 G4 B-3,3,M
205.75,B-4 G4 B-3 A3,3,M
205.875,B-4 G4 B-3,3,M
206.0,B-4 G4 B-3,3,M
206.125,B-4 G4 B-3,3,M
206.25,B-4 G4 B-3 E-3,3,M
206.375,B-4 G4 B-3,3,M
206.5,B-4 G4 B-3 G3,3,M
206.625,B-4 G4 B-3,3,M
206.75,B-4 G4 B-3 G2,3,M
206.875,B-4 G4 B-3,3,M
207.0,D4 B-4 B-3 B-2,3,M
207.5,B-4 D4 B-3 G#3 B-2,3,M
208.0,E-4 E-3 G3,3,M
208.5,G4 B-4 E-4 E-3,3,M
208.625,G4 B-4 E-3,3,M
209.0,G4 B-4 E-4 B-3,3,M
209.125,G4 B-4 B-3,3,M
209.5,B-4 F5 G4,3,M
209.625,B-4 F5,3,M
210.0,G4 C#5 E-5 E-2,8,M
210.5,G4 C#5 E-5 B-3,8,M
210.625,G4 C#5 E-5,8,M
211.0,G4 C#5 E-5 B-3 G3 C#4 E-4,8,M
211.125,G4 C#5 E-5 G3 C#4 E-4,8,M
211.5,G4 C#5 E-5 B3,8,M
211.625,G4 C#5 E-5,8,M
212.0,C4 E-2,8,M
212.125,E-2,8,M
212.5,C4,8,M
213.0,C#4 G#3 C4 E-4,8,M
213.125,G#3 C4 E-4,8,M
213.5,E-4,8,M
214.0,G4 C#5 F4 E-2,8,M
214.5,G4 C#5 F4,8,M
215.0,G4 C#5 F4 E-3 G3 C4,8,M
215.5,G4 C#5 E-4,8,M
216.0,C4 E-2,8,M
216.5,G#4 C5 E-4 C4,8,M
216.625,G#4 C5 C4,8,M
217.0,G#4 C5 E-4 E-3 G#3 C4,8,M
217.125,G#4 C5 C4 E-3 G#3,8,M
217.5,C5 F5 G#4 C4,8,M
217.625,C5 F5 C4,8,M
218.0,G4 C#5 E-5 E-2,8,M
218.5,G4 C#5 E-5 B-3,8,M
219.0,G4 C#5 E-5 B-3 G3 C#4 E-4,8,M
219.5,G4 C#5 E-5 B3,8,M
220.0,C4 E-2,8,M
220.125,E-2,8,M
220.5,C4,8,M
221.0,C#4 G#3 C4 E-4,8,M
221.125,G#3 C4 E-4,8,M
221.5,E-4,8,M
222.0,G4 C#5 F4 E-2,8,M
222.5,G4 C#5 F4,8,M
223.0,G4 C#5 F4 E-3 G3 C#4,8,M
223.5,G4 C#5 E-4,8,M
224.0,C4 G#2,8,M
224.5,F5 G#4 C5 C4,8,M
224.625,G#4 C5 C4,8,M
225.0,E-5 G#4 C5 E-3 G#3 C4,8,M
225.125,G#4 C5 C4 E-3 G#3,8,M
225.5,G#5 C5 E-5 C4,8,M
225.625,C5 E-5 C4,8,M
226.0,F5 G#5 G#4 C#3 C#4,8,M
227.0,F5 G#5 G#4 C#3 C#4,8,M
227.5,F5 G#5 G#4 C#3 C#4,8,M
228.0,C5 E-5 E-4 G#3 C4,8,M
228.125,C5 G#3 C4 E-4,8,M
228.25,C5 E-5 E-4 G#3 C4,8,M
228.375,C5 G#3 C4 E-4,8,M
228.5,C5 E-5 E-4,8,M
228.625,C5,8,M
228.75,C5 E-5 E-4,8,M
228.875,C5,8,M
229.0,G4 B-4 B-3 E-3 C#4,8,M
229.75,B-4 C#5 C#4 E-3 B-3,8,M
230.0,G#4 C5 F3 G#3 C4,8,M
230.25,F4 G#4 G#3,8,M
230.5,F4 C#5 C#4 B-2 F3 B-3,8,M
230.75,E-4 G#4 A3,8,M
231.0,C#4 G4 C5 C4 E-3,8,M
231.75,B-4 C#4 G4 B-3 E-3,8,M
232.0,G#5 G#3 C4 G#4,8,M
232.125,B-5 G#3 C4 G#4,8,M
232.25,G#5 G#3 C4 E-4 G#4,8,M
232.375,B-5 G#3 C4 E-4 G#4,8,M
232.5,G#5 G#3 C4 E-4 G#4,8,M
232.625,B-5 G#3 C4 E-4 G#4,8,M
232.75,G#5 G#3 C#4 F4 B-4,8,M
232.875,B-5 G#3 C#4 F4 B-4,8,M
233.0,G#5 C#4 F4 B-4,8,M
233.125,B-5 C#4 F4 B-4,8,M
233.25,G#5 E-4 F#4 C5,8,M
233.375,B-5 E-4 F#4 C5,8,M
233.5,G#5 E-4 F#4 C5,8,M
233.625,B-5 E-4 F#4 C5,8,M
233.75,G#5 F4 G#4 C#5,8,M
233.875,B-5 F4 G#4 C#5,8,M
234.0,G#5 F4 G#4 C#5,8,M
234.125,B-5 F4 G#4 C#5,8,M
234.25,G#5 F4 G#4 D5,8,M
234.375,B-5 F4 G#4 D5,8,M
234.5,G#5 F#4 B-4 E-5,8,M
234.625,B-5 F#4 B-4 E-5,8,M
234.75,G#5 G#4 C5 F5,8,M
234.875,B-5 G#4 C5 F5,8,M
235.0,G#5 B-4 C#5 F#5,8,M
235.125,B-5 B-4 C#5 F#5,8,M
235.25,G#5 F#4 B-4 E-5,8,M
235.375,B-5 F#4 B-4 E-5,8,M
235.5,G#5 E-4 F#4 B-4,8,M
235.625,B-5 E-4 F#4 B-4,8,M
235.75,G#5 G#4 C5,8,M
235.875,B-5 G#4 C5,1,M
236.0,F6 G#4 C#3,1,M
236.125,G#4 C#3,1,M
236.5,C#6,1,M
237.0,G#5 C#5 F4 G#4,1,M
237.125,F4 G#4 C#5,1,M
237.5,F6,1,M
238.0,G#6 G#4 C#5 F5,1,M
238.125,G#4 C#5 F5,1,M
238.5,G#5,1,M
239.0,F6 G#5 C#6 C#4,1,M
239.125,G#5 C#6 C#4,1,M
239.5,F5 G#5 C#4,1,M
239.625,F5 G#5,1,M
240.0,B-5 C#5 F#5 F#4,1,M
240.125,C#5 F#5,1,M
240.5,C#6 F#5 B-4,1,M
240.625,F#5,1,M
241.0,G#5 F5 C#5,1,M
241.125,F5 C#5,1,M
241.5,C#6 C#5 C#4,1,M
241.625,C#5,1,M
242.0,G#2,1,M
242.5,G#5 G#4 E-4 C4,1,M
242.625,G#5 E-4 G#4,1,M
243.0,B-4 F4 C#4,1,M
243.125,F4 B-4,1,M
243.5,G#5 C5 F#4 E-4,1,M
243.625,G#5 F#4 C5,1,M
244.0,C#5 G#4 F4,1,M
244.125,G#4 C#5,1,M
244.5,G#5 E-5 B-4 F#4,1,M
244.625,G#5 B-4 E-5,1,M
245.0,A5 F5 G#4 C5,1,M
245.125,B-5 G#4 C5 F5,1,M
245.25,G#5 G#4 C5 F5,1,M
245.375,B-5 G#4 C5 F5,1,M
245.5,G#5 F#5 B-4 C#5,1,M
245.625,B-5 F#5 B-4 C#5,1,M
245.75,G#5 F#5 B-4 C#5,1,M
245.875,B-5 F#5 B-4 C#5,1,M
246.0,G#5 F#5 B-4 C#5,1,M
246.125,B-5 F#5 B-4 C#5,1,M
246.25,G#5 F#5 B-4 C#5,1,M
246.375,B-5 F#5 B-4 C#5,1,M
246.5,G#5 B4 D5 F#5,1,M
246.625,B-5 F#5 B4 D5,1,M
246.75,G#5 F#5 B4 D5,1,M
246.875,B-5 F#5 B4 D5,1,M
247.0,G5 F#5 C5 E-5,1,M
247.125,A5 F#5 C5 E-5,1,M
247.25,G#6 F#5 C5 E-5,1,M
247.5,G#4 C5 F#5,1,M
248.0,F6 G#4 C#3,1,M
248.125,G#4 C#3,1,M
248.5,C#6,1,M
249.0,G#5 F4 G#4 C#5,1,M
249.125,F4 G#4 C#5,1,M
249.5,F6,1,M
250.0,G#6 G#4 C#5 F5,1,M
250.125,G#4 C#5 F5,1,M
250.5,G#5,1,M
251.0,F6 G#5 C#6 C#4,1,M
251.125,G#5 C#6 C#4,1,M
251.5,F5 G#5 C#4,1,M
251.625,F5 G#5,1,M
252.0,B-5 C#5 F#5 F#4,1,M
252.125,C#5 F#5,1,M
252.5,F#5 B-4 C#5,1,M
253.0,F#6 E-5 B-4 E-4,1,M
253.125,E-5 E-4,1,M
253.5,F#5 E-5,1,M
253.625,E-5,1,M
254.0,G#3,1,M
254.5,G#5 G#4 E-4 C4,1,M
254.625,G#5 E-4 G#4,1,M
255.0,B-4 F4 C#4,1,M
255.125,F4 B-4,1,M
255.5,G#5 C5 F#4 E-4,1,M
255.625,G#5 F#4 C5,1,M
256.0,C#5 G#4 F4,1,M
256.125,G#4 C#5,1,M
256.5,G#5 E-5 B-4 F#4,1,M
256.625,G#5 B-4 E-5,1,M
257.0,A5 G#4 C5 F5,1,M
257.125,B-5 G#4 C5 F5,1,M
257.25,G#5 G#4 C5 F5,1,M
257.375,B-5 G#4 C5 F5,1,M
257.5,G#5 F#5 B-4 C#5,1,M
257.625,B-5 F#5 B-4 C#5,1,M
257.75,G#5 F#5 B-4 C#5,1,M
257.875,B-5 F#5 B-4 C#5,1,M
258.0,G#5 F#5 B-4 C#5,1,M
258.125,B-5 F#5 B-4 C#5,1,M
258.25,G#5 F#5 B-4 C#5,1,M
258.375,B-5 F#5 B-4 C#5,1,M
258.5,G#5 B4 D5 F#5,1,M
258.625,B-5 F#5 B4 D5,1,M
258.75,G#5 F#5 B4 D5,1,M
258.875,B-5 F#5 B4 D5,1,M
259.0,G5 F#5 C5 E-5,1,M
259.125,A5 F#5 C5 E-5,1,M
259.25,G#6 F#5 C5 E-5,1,M
259.5,G#4 C5 F#5,1,M
260.0,F6 B-2,1,M
260.125,B-2,1,M
260.5,B-5 D5 F5,1,M
260.625,D5,1,M
261.0,D5 F5 D4 F4 B-4,10,M
261.125,D5 D4 F4 B-4,10,M
261.5,D5 F5,10,M
262.0,D5 F5 D4 F4 B-4,10,M
262.125,D5 D4 F4 B-4,10,M
262.5,B-5 D5 F5,10,M
262.625,D5,10,M
263.0,B-5 D6 F6 F5 B-2,10,M
263.5,D5 F5 B-5 B-4,10,M
264.0,B-6 B-5 D4 F4 B-4,10,M
264.5,B-6 B-5,10,M
265.0,B-6 B-5 D4 F4 B-4,10,M
265.5,B-5 B-6,10,M
266.0,D6 B-5 D3,10,M
266.125,B-5,10,M
266.5,A5 D5,10,M
266.625,D5,10,M
267.0,D5 F#4 A4,10,M
267.125,F#4 A4,10,M
267.5,A5 D5,10,M
267.625,D5,10,M
268.0,D5 F#4 A4,10,M
268.125,F#4 A4,10,M
268.5,A5 D5,10,M
268.625,D5,10,M
269.0,F5 A5 C6 C5 F3,1,M
269.5,A4 C5 F5 F4,1,M
270.0,F6 F5 F4 A4 C5,1,M
270.5,F6 F5,1,M
271.0,F6 F5 F4 A4 C5,1,M
271.5,F6 F5,1,M
272.0,F6 G#4 C#3,1,M
272.125,G#4 C#3,1,M
272.5,C#6,1,M
273.0,G#5 F4 G#4 C#5,1,M
273.125,F4 G#4 C#5,1,M
273.5,F6,1,M
274.0,G#6 G#4 C#5 F5,1,M
274.125,G#4 C#5 F5,1,M
274.5,G#5,1,M
275.0,F6 G#5 C#6 C#3,1,M
275.125,G#5 C#6 C#3,1,M
275.5,F5 G#5 C#4,1,M
275.625,F5 G#5,1,M
276.0,B-5 C#5 F#5 F#4,1,M
276.125,C#5 F#5,1,M
276.5,F#5 B-4 C#5,1,M
277.0,F#6 E-5 B-4 E-4,1,M
277.125,E-5 E-4,1,M
277.5,F#5 E-5,1,M
277.625,E-5,1,M
278.0,G#2,1,M
278.5,G#5 G#4 E-4 C4,1,M
278.625,G#5 E-4 G#4,1,M
279.0,B-4 F4 C#4,1,M
279.125,F4 B-4,1,M
279.5,G#5 C5 F#4 E-4,1,M
279.625,G#5 F#4 C5,1,M
280.0,C#5 G#4 F4,1,M
280.125,G#4 C#5,1,M
280.5,G#5 E-5 B-4 F#4,1,M
280.625,G#5 B-4 E-5,1,M
281.0,G#5 G#4 C5 F5,1,M
281.125,B-5 G#4 C5 F5,1,M
281.25,G#5 G#4 C5 F5,1,M
281.375,B-5 G#4 C5 F5,1,M
281.5,G#5 F#5 B-4 C#5,1,M
281.625,B-5 F#5 B-4 C#5,1,M
281.75,G#5 F#5 B-4 C#5,1,M
281.875,B-5 F#5 B-4 C#5,1,M
282.0,G#5 F#5 B-4 C#5,1,M
282.125,B-5 F#5 B-4 C#5,1,M
282.25,G#5 F#5 B-4 C#5,1,M
282.375,B-5 F#5 B-4 C#5,1,M
282.5,G#5 B4 D5 F#5,1,M
282.625,B-5 F#5 B4 D5,1,M
282.75,G#5 F#5 B4 D5,1,M
282.875,B-5 F#5 B4 D5,1,M
283.0,G5 C5 E-5 F#5,1,M
283.125,A5 C5 E-5 F#5,1,M
283.5,E5 G5 C5,1,M
284.0,C#5 F#5 B-5 G#1 G#2,1,M
284.5,C#5 F5 G#5,1,M
285.0,C#5 F5 G#5 G#3 C#4 F4,1,M
285.5,C#5 F5 G#4,1,M
285.625,C#5 F5,1,M
286.0,G#4 C#5 F4 G#3 C#4,1,M
286.125,G#4 C#5 G#3 C#4,1,M
286.5,F4 G#4 C#4,1,M
286.625,F4 G#4,1,M
287.0,G#4 C#5 F#5 G#1 G#2,1,M
287.5,G#4 C#5 F5,1,M
288.0,G#4 C#5 F5 F3 G#3 C#4,1,M
288.5,G#4 C#5 F4,1,M
288.625,G#4 C#5,1,M
289.0,F4 G#4 C#4 F3 G#3,1,M
289.125,F4 G#4 F3 G#3,1,M
289.5,C#4 F4 G#3,1,M
289.625,C#4 F4,1,M
290.0,C#4 F4 B-4 G#1 G#2,1,M
290.5,C#4 F4 G#4,1,M
291.0,C#4 F4 G#3,1,M
291.5,F4,1,M
292.0,F#3 C4 F4 G#1 G#2,1,M
292.5,E-4,1,M
293.0,C#2 G#2 C#5 C#4 G#3 C#3,1,M
293.125,G#4 G#3 C#4 C#3 C#2 G#2 C#5,1,M
293.5,G#4 C#3 C#5 C#4 G#3,1,M
293.625,C#5 C#4 G#3 C#3,1,M
294.0,G#3 C#4 G#4 C#2 G#2 C#3 C#5,1,M
294.5,C#5 G#3 C#3,1,M
295.0,G#3 C#4 C#2 G#2 C#5 C#3,1,M
295.125,G#4 G#3 C#4 C#3 C#2 G#2 C#5,1,M
295.5,G#4 C#3 C#5 G#3,1,M
295.625,C#5 G#3 C#3,1,M
296.0,G#3 C#2 D5 C#3,1,M
296.125,C#4 G#4 G#3 G#2 C#3 C#2 D5,1,M
296.5,C#4 G#4 G#2 C#3 C5 G#3,1,M
296.625,C5 G#3 C#3,1,M
297.0,G#3 C#4 C#2 G#2 C#5 C#3,1,M
297.125,G#4 G#3 C#4 C#3 C#2 G#2 C#5,1,M
297.5,G#4 C#3 B4 G#3,1,M
297.625,B4 G#3 C#3,1,M
298.0,G#3 C#4 G#4 C#2 G#2 C#3 A4,?,?
298.5,G#4 G#3 C#3,?,?
299.0,G#3 C#4 C#2 G#2 G#4 C#3,?,?
299.125,G#4 G#3 C#4 C#3 C#2 G#2,?,?
299.5,G#4 C#3 G#3,?,?
299.625,G#4 G#3 C#3,?,?
300.0,G#3 C#2 A4 C#3,?,?
300.125,C#4 G#4 G#2 C#3 C#2 A4 G#3,?,?
300.3333333333333,G#3 C#4 G#4 C#2 G#2 B4 C#3,?,?
300.5,C#4 G#4 G#2 C#3 B4 G#3,?,?
300.625,B4 G#3 C#3,?,?
300.6666666666667,C#5 G#3 C#3,?,?
301.0,G#3 C#4 C#2 G#2 E5 C#3,?,?
301.125,G#4 G#3 C#4 C#3 C#2 G#2 C#5,?,?
301.5,G#4 C#3 C#5 G#3,?,?
301.625,C#5 G#3 C#3,?,?
302.0,G#3 C#4 G#4 C#2 G#2 C#3 C#5,?,?
302.5,C#5 G#4 G#3 C#3,?,?
302.75,C#5 G#4 G#3 C#3,?,?
303.0,G#3 C#4 C#2 G#2 C#5 G#4 C#3,?,?
303.125,G#4 G#3 C#4 C#3 C#2 G#2 C#5,?,?
303.5,G#4 C#3 C#5 G#3,?,?
303.625,C#5 G#4 G#3 C#3,?,?
304.0,C#2 C#5 G#3 C#3,?,?
304.125,C#4 G#4 G#3 G#2 C#3 C#2 C#5,?,?
304.5,C#4 G#4 G#2 C#3 C#5 G#3,?,?
304.625,C#5 G#3 C#3,?,?
304.75,C#5 G#3 C#3,?,?
305.0,C#4 C#2 G#2 C#5 G#3 C#3,?,?
305.125,G#4 C#4 C#3 C#2 G#2 C#5 G#3,?,?
305.5,G#4 C#3 C#5 G#3,?,?
305.625,C#5 G#3 C#3,?,?
305.75,C#5 G#3 C#3,?,?
306.0,C#4 C#2 G#2 C#5 G#3 C#3,?,?
306.125,G#4 C#4 C#3 C#2 G#2 C#5 G#3,?,?
306.5,G#4 C#3 C#5 G#3,?,?
306.625,C#5 G#3 C#3,?,?
307.0,C#4 C#2 G#2 C#5 G#3 C#3,?,?
307.125,G#4 C#4 C#3 C#2 G#2 C#5 G#3,?,?
307.5,G#4 C#3 C#5 G#3,?,?
307.625,C#5 G#3 C#3,?,?
308.0,G#3 C#2 D5 C#3,?,?
308.125,C#4 G#4 G#3 G#2 C#3 C#2 D5,?,?
308.5,C#4 G#4 G#2 C#3 C5 G#3,?,?
308.625,C5 G#3 C#3,?,?
309.0,G#3 C#4 C#2 G#2 C#5 C#3,?,?
309.125,G#4 G#3 C#4 C#3 C#2 G#2 C#5,?,?
309.5,G#4 C#3 B4 G#3,?,?
309.625,B4 G#3 C#3,?,?
309.75,B4 C#4 G#3 C#3,?,?
310.0,G#3 C#2 G#2 A4 C#4 C#3,?,?
310.125,G#4 G#3 C#4 C#3 C#2 G#2 A4,?,?
310.5,G#4 C#3 C#4 G#3,?,?
310.625,G#4 C#4 G#3 C#3,?,?
310.75,G#4 C#4 G#3 C#3,?,?
311.0,G#3 C#2 G#2 G#4 C#4 C#3,?,?
311.125,G#4 G#3 C#4 C#3 C#2 G#2,?,?
311.5,G#4 C#3 C#4 G#3,?,?
311.625,G#4 C#4 G#3 C#3,?,?
312.0,G#3 C#2 A4 C#4 C#3,?,?
312.125,C#4 G#4 G#2 C#3 C#2 A4 G#3,?,?
312.3333333333333,G#3 G#4 C#2 G#2 B4 C#4 C#3,?,?
312.5,C#4 G#4 G#2 C#3 B4 G#3,?,?
312.625,B4 C#4 G#3 C#3,?,?
312.6666666666667,C#5 C#4 G#3 C#3,?,?
312.75,C#5 C#4 G#3 C#3,?,?
313.0,G#3 C#2 G#2 E5 C#4 C#3,?,?
313.125,G#4 G#3 C#4 C#3 C#2 G#2 C#5,?,?
313.5,G#4 C#3 C#5 C#4 G#3,?,?
313.625,C#5 C#4 G#3 C#3,?,?
314.0,G#3 C#2 G#2 C#5 C#4 C#3,?,?
314.125,G#4 G#3 C#3 C#2 G#2 C#5 C#4,?,?
314.5,G#4 C#3 C#5 G#3,?,?
314.625,C#5 G#3 C#3,?,?
315.0,B3 B1 F#2 C#5 G#3 F#4 C#3,6,m
315.125,B4 B3 B2 B1 F#2 C#5 G#3 F#4 C#3,6,m
315.25,B3 B4 B1 F#2 B2 F#4,6,m
315.5,B4 B2 C#5 C#4 F#4 C#3,6,m
315.625,C#5 C#4 F#4 C#3,6,m
315.75,D5 D4 F#4 D3,6,m
316.0,B3 B1 C#5 C#4 F#4 C#3,6,m
316.125,F#4 B4 B3 F#2 B2 B1 C#5 C#4 C#3,6,m
316.5,F#4 B4 F#2 B2 C#5 C#4 C#3,6,m
316.625,C#5 C#4 F#4 C#3,6,m
316.75,B4 B3 F#4 B2,6,m
317.0,G#3 C#4 G#4 C#2 G#2 C#3 E5 E4 F4 E3,6,m
317.125,G#3 C#4 G#4 C#2 G#2 C#3 C#5 F4,6,m
317.5,C#5 C#4 F4 C#3,6,m
318.0,G#3 C#2 G#2 C#5 C#4 C#3,6,m
318.125,G#4 G#3 C#4 C#3 C#2 G#2 C#5,6,m
318.5,G#4 C#3 C#5 C#4,6,m
318.625,C#5 C#4 C#3,6,m
319.0,B3 B1 F#2 C#5 C#4 F#4 C#3,6,m
319.125,B4 B3 B2 B1 F#2 C#5 C#4 F#4 C#3,6,m
319.25,B3 B4 B1 F#2 B2 F#4,6,m
319.5,B4 B2 C#5 C#4 F#4 C#3,6,m
319.625,C#5 C#4 F#4 C#3,6,m
319.75,D5 D4 F#4 D3,6,m
320.0,B3 B1 C#5 C#4 F#4 C#3,6,m
320.125,F#4 B4 B3 F#2 B2 B1 C#5 C#4 C#3,6,m
320.5,F#4 B4 F#2 B2 C#5 C#4 C#3,6,m
320.625,C#5 C#4 F#4 C#3,6,m
320.75,B4 B3 F#4 B2,6,m
321.0,G#3 C#4 E5 E4 G#4 E3 C#2 G#2 C#3,6,m
321.125,G#3 C#4 G#4 C#5 C#3 C#2 G#2,6,m
321.5,C#5 C#4 G#4 C#3,6,m
322.0,G#3 C#4 G#4 C#5 C#3 C#2 G#2,6,m
322.5,C#5 C#4 G#4 C#3,6,m
322.75,C#5 C#4 C#3,6,m
323.0,C#4 A4 F#2 F#3,6,m
323.5,A4 C#4 F#2 F#3,6,m
324.0,C#4 F#4 A2 A3,6,m
324.5,F#4 C#4 A2 A3,6,m
324.75,F#4 C#4 A2 A3,6,m
325.0,C#4 G#4 G#3 F4 C#2 C#3,6,m
325.25,C#4 F4 G#4 G#3 C#3 C#2,6,m
325.5,G#4 G#3 F4 C#3,6,m
325.75,G#4 G#3 F4 C#3,6,m
326.0,C#4 F4 G#4 G#3 C#3 C#2,6,m
326.5,G#4 G#3 F4 C#3,6,m
327.0,F#4 G#4 F#3 D4 B1 B2,6,m
327.3333333333333,D4 F#4 G#4 F#3 B2 B1,6,m
327.5,F#4 F#3 D4 B2,6,m
327.6666666666667,G#4 F#3 D4 B2,6,m
328.0,D4 F#4 G#4 A4 F#3 B2 B1,6,m
328.3333333333333,D4 F#4 G#4 C#5 F#3 B2 B1,6,m
328.5,C#5 F#3 D4 B2,6,m
328.6666666666667,C5 F#3 D4 B2,6,m
329.0,G#3 F4 G#4 F3 C#4 C#3 C#2,6,m
329.5,G#4 F3 C#4 C#3,6,m
330.0,D5 G#4 F3 C#4 C#3,6,m
330.125,B4 G#4 F3 C#4 C#3,6,m
330.3333333333333,B-4 B4 G#4 F3 C#4 C#3,6,m
330.375,B-4 G#4 F3 C#4 C#3,6,m
330.6666666666667,B4 G#4 F3 C#4 C#3,6,m
331.0,C#5 C#2 C#3,6,m
331.3333333333333,D5 C#2 C#3,6,m
331.5,D5,6,m
331.6666666666667,C#5,6,m
332.0,B4 C#2 C#3,6,M
332.3333333333333,B-4 C#2 C#3,6,M
332.5,B-4,6,M
332.6666666666667,C#5,6,M
333.0,B4 F4 C#5 C#3 C#2,6,M
333.5,B4 F4 C#5 C#3,6,M
334.0,C5 F4 C#5 C#3 C#2,6,M
334.125,B-4 F4 C#5 C#2 C#3,6,M
334.3333333333333,G#4 B-4 F4 C#5 C#2 C#3,6,M
334.375,G#4 F4 C#5 C#3 C#2,6,M
334.5,G#4 F4 C#5 C#3,6,M
334.6666666666667,B-4 F4 C#5 C#3,6,M
335.0,B4 F4 C#5 C#3 C#2,6,M
335.3333333333333,C#5 F4 C#3 C#2,6,M
335.5,C#5 F4 C#3,6,M
335.6666666666667,B4 F4 C#5 C#3,6,M
336.0,B-4 F4 C#5 C#3 C#2,6,M
336.3333333333333,G#4 F4 C#5 C#2 C#3,6,M
336.5,G#4 F4 C#5 C#3,6,M
336.6666666666667,B4 F4 C#5 C#3,6,M
336.75,B4 F4 C#5 C#3,6,M
337.0,B-4 F#4 C#5 C#3 C#2,6,M
337.5,B-4 F#4 C#5 C#3,6,M
337.75,B-4 F#4 C#4 C#3,6,M
338.0,B4 F#4 C#4 C#3 C#2,6,M
338.125,G#4 F#4 C#4 C#2 C#3,6,M
338.3333333333333,F#4 G#4 C#4 C#2 C#3,6,M
338.375,F#4 C#4 C#3 C#2,6,M
338.5,F#4 C#4 C#3,6,M
338.6666666666667,G#4 F#4 C#4 C#3,6,M
338.75,G#4 F#4 C#4 C#3,6,M
339.0,B-4 F#4 C#4 C#3 C#2,6,M
339.3333333333333,B4 F#4 C#4 C#3 C#2,6,M
339.5,B4 F#4 C#4 C#3,6,M
339.6666666666667,B-4 F#4 C#4 C#3,6,M
340.0,G#4 F#4 C#4 C#3 C#2,6,M
340.3333333333333,F#4 C#4 C#3 C#2,6,M
340.5,F#4 C#4 C#3,6,M
340.6666666666667,B-4 F#4 C#4 C#3,6,M
340.75,B-4 F#4 C#4 C#3,6,M
341.0,G#4 F4 C#4 B3 C#2 C#3,6,M
341.3333333333333,B-4 F4 C#4 B3 C#3 C#2,6,M
341.5,B-4 F4 C#4 B3 C#3,6,M
341.6666666666667,G#4 C#4 F4 B3 C#3,6,M
342.0,F#4 C#4 F4 B3 C#3 C#2,6,M
342.3333333333333,F4 C#4 B3 C#3 C#2,6,M
342.5,F4 C#4 B3 C#3,6,M
342.6666666666667,A4 C#4 F4 B3 C#3,6,M
342.75,A4 C#4 F4 B3 C#3,6,M
343.0,G#4 C#4 F4 B3 C#2 C#3,6,M
343.3333333333333,B-4 C#4 F4 B3 C#2 C#3,6,M
343.5,B-4 C#4 F4 B3 C#3,6,M
343.6666666666667,G#4 C#4 F4 B3 C#3,6,M
344.0,F#4 C#4 F4 B3 C#3 C#2,6,M
344.3333333333333,F4 C#4 B3 C#2 C#3,6,M
344.5,F4 C#4 B3 C#3,6,M
344.6666666666667,G#4 C#4 F4 B3 C#3,6,M
344.75,G#4 C#4 F4 B3 C#3,6,M
345.0,F#4 C#4 B-3 C#3 F#2 F#3,6,M
345.5,C#4 F#4 B-3 C#3 F#2,6,M
346.0,C#4,6,M
346.125,F#4 B-4 C#4,6,M
346.5,F#4 B-4,6,M
347.0,F#2 F#3,6,M
347.5,F#4,6,M
348.0,C#4 F5,6,M
348.125,B-4 C#4 F5,6,M
348.5,B-4 F#5,6,M
349.0,C#5 F#2 F#3,6,M
349.125,F#2 F#3,6,M
349.5,F#4,6,M
350.0,F#4 B-4 C5,6,M
350.5,E-5,6,M
351.0,F4 B4 C#4 C#5 C#2 C#3,6,M
351.5,F4 B4 C#4 C#5,6,M
352.0,F4 B4 C#4 C#3 F3 B3,6,M
352.5,F4 B4 C#4,6,M
352.75,F4 B4 C#4,6,M
353.0,F#4 B-4 C#4 F#2 F#3,6,M
353.5,F#4,6,M
354.0,F#4,6,M
355.0,C#4 F#2 F#3,6,M
355.125,F#4 B-4 C#4 F#2 F#3,6,M
355.5,F#4 B-4,6,M
355.625,F#4,6,M
356.0,C#4 F5,6,M
356.125,B-4 C#4 F5,6,M
356.25,C#5 C#4 B-4 F5,6,M
356.5,B-4 C#5 F#5,6,M
356.625,C#5,6,M
357.0,C#5 F#2 F#3,6,M
357.5,F#4,6,M
358.0,F#4 B-4 C5,6,M
358.5,E-5,6,M
359.0,F4 B4 C#4 C#5 C#2 C#3,6,M
359.5,F4 B4 C#4 C#5,6,M
360.0,F4 B4 C#4 C#3 F3 B3,6,M
360.5,F4 B4 C#4,6,M
360.75,F4 B4 C#4,6,M
361.0,F#4 B-4 C#4 F#2 F#3,6,M
361.5,F#4,6,M
362.0,C#4 F#4,6,M
362.125,F#4 B-4 C#4,6,M
362.5,F#4 B-4,6,M
362.625,F#4,6,M
363.0,F#2 F#3,6,M
363.5,F#4,6,M
364.0,B-4,6,M
364.5,C#4 F#4 B-4 C#5,6,M
364.625,C#4 F#4 B-4,6,M
365.0,F#4 B-4 E-5 F#2 F#3,6,M
365.125,F#4 B-4 E-5 F#2 F#3,6,M
365.5,F#4 B-4 E-5,6,M
365.625,F#4 B-4 E-5,6,M
366.0,F#4 B-4 E-5 F#3 B-3 E-4,6,M
366.125,F#4 B-4 E-5 F#3 B-3 E-4,6,M
366.5,F#4 B-4 E-5 F5,6,M
366.625,F#4 B-4 E-5,6,M
367.0,F4 B-4 D5 F2 F3,6,M
367.5,F4 B-4 D5,6,M
368.0,B-4 F4 C#4,6,M
368.125,B-4 F4 C#4,6,M
368.5,B4 F4 B3,6,M
368.625,B4 F4 B3,6,M
369.0,C#4 C#5 B-3 C#3,6,M
369.5,E4 C#5 C#4 G3 C#3,6,M
370.0,C#5 F4 C#4 G#3 C#3,6,M
370.5,B4 G#4 C#4 C#5 F3 C#3,6,M
371.0,F#4 B-4 C#5 C#4 C#3,6,M
371.5,F#4,6,M
372.0,F5,6,M
372.5,F#5,6,M
373.0,C#5 F#2 F#3,6,M
373.5,F#4,6,M
374.0,F#4 B-4 C5,6,M
374.5,E-5,6,M
375.0,C#5 C#2 C#3,6,M
375.5,C#5,6,M
376.0,C#4 F4 B4,6,M
376.5,B4,6,M
376.75,F4,6,M
377.0,B-4 F#4 F#2 F#3,6,M
377.5,B-4 F#4,6,M
378.0,F4 B-4 F#4,6,M
379.0,E-4 F#4 B-4,6,M
379.5,F#4 B-4 E-4,6,M
379.625,F#4 B-4 E-4,6,M
380.0,C#4 F#4 B-4 C#5,6,M
380.125,F#4 B-4 C#4,6,M
380.5,F#4 B-4 C#4 F#5,6,M
380.625,F#4 B-4 C#4,6,M
381.0,C4 F#4 B-5 E-3,6,M
382.0,B-4 C4 F#4 B-5 E-3,6,M
382.5,C4 F#4 F#5 E-3,6,M
383.0,F4 B4 E-5 C#3 G#3,6,M
383.5,F4 B4 C#3 G#3,6,M
384.0,C#4 F4 B4 G#4 C#3 G#3,6,M
384.5,F4 B4 C#5 C#3 G#3,6,M
385.0,B-5 F#4 F#2,6,M
385.125,F#5 F#4 F#2,6,M
385.25,B-5 F#4 F#2,6,M
385.375,F#5 F#4 F#2,6,M
385.5,B-5 F#4,6,M
385.625,F#5 F#4,6,M
385.75,B-5 F#4,6,M
385.875,F#5 F#4,6,M
386.0,C#4 F#4 B-5,6,M
386.125,B-4 C#4 F#4 F#5,6,M
386.25,C#4 F#4 B-4 B-5,6,M
386.375,C#4 F#4 B-4 F#5,6,M
386.5,B-4 B-5,6,M
386.625,F#5,6,M
386.75,B-5,6,M
386.875,F#5,6,M
387.0,B-5 F#2,6,M
387.125,F#5 F#2,6,M
387.25,B-5 F#2,6,M
387.375,F#5 F#2,6,M
387.5,B-5 F#3,6,M
387.625,F#5 F#3,6,M
387.75,B-5 F#3,6,M
387.875,F#5 F#3,6,M
388.0,C#4 B-4 B-5 F4,6,M
388.125,C#5 C#4 B-4 F#5 F4,6,M
388.25,C#4 B-4 C#5 B-5 F4,6,M
388.375,C#4 B-4 C#5 F#5 F4,6,M
388.5,C#5 B-5 F#4,6,M
388.625,F#5 F#4,6,M
388.75,B-5 F#4,6,M
388.875,F#5 F#4,6,M
389.0,B-5 F#5 C#4 F#2,6,M
389.125,C#4 F#2,6,M
389.25,B-5 C#4 F#2,6,M
389.375,F#5 C#4 F#2,6,M
389.5,B-5 F#3,6,M
389.625,F#5 F#3,6,M
389.75,B-5 F#3,6,M
389.875,F#5 F#3,6,M
390.0,C#4 F#4 B-5 C4,6,M
390.125,B-4 C#4 F#4 F#5 C4,6,M
390.25,C#4 F#4 B-4 B-5 C4,6,M
390.375,C#4 F#4 B-4 F#5 C4,6,M
390.5,B-4 B-5 E-4,6,M
390.625,F#5 E-4,6,M
390.75,B-5 E-4,6,M
390.875,F#5 E-4,6,M
391.0,B5 C#4 F#2,6,M
391.125,F5 C#4 F#2,6,M
391.25,B5 C#4 F#2,6,M
391.375,F5 C#4 F#2,6,M
391.5,B5 C#4,6,M
391.625,F5 C#4,6,M
391.75,B5 C#4,6,M
391.875,F5 C#4,6,M
392.0,C#4 F4 B5 B3,6,M
392.125,B4 C#4 F4 F5 B3,6,M
392.25,C#4 F4 B4 B5 B3,6,M
392.375,C#4 F4 B4 F5 B3,6,M
392.5,B4 B5 B3,6,M
392.625,F5 B3,6,M
392.75,B5 F3,6,M
392.875,F5 F3,6,M
393.0,B-5 F5 F#3 F#2,6,M
393.125,F#5 F#3 F#2,6,M
393.25,B-5 F#3 F#2,6,M
393.375,F#5 F#3 F#2,6,M
393.5,B-5 C#4 F#3,6,M
393.625,F#5 C#4 F#3,6,M
393.75,B-5 C#4 F#3,6,M
393.875,F#5 C#4 F#3,6,M
394.0,F#4 B-5 C#4 F#3,6,M
394.125,B-4 F#4 F#5 C#4 F#3,6,M
394.25,F#4 B-4 B-5 C#4 F#3,6,M
394.375,F#4 B-4 F#5 C#4 F#3,6,M
394.5,B-4 B-5 C#4 F#3,6,M
394.625,F#5 C#4 F#3,6,M
394.75,B-5 C#4 F#3,6,M
394.875,F#5 C#4 F#3,6,M
395.0,B-5 C#5 F#2,6,M
395.125,F#5 C#5 F#2,6,M
395.25,B-5 C#5 F#2,6,M
395.375,F#5 C#5 F#2,6,M
395.5,B-5 C#5 F#3,6,M
395.625,F#5 C#5 F#3,6,M
395.75,B-5 C#5 F#3,6,M
395.875,F#5 C#5 F#3,6,M
396.0,C#4 B-4 B-5 F4,6,M
396.125,C#5 C#4 B-4 F#5 F4,6,M
396.25,C#4 B-4 C#5 B-5 F4,6,M
396.375,C#4 B-4 C#5 F#5 F4,6,M
396.5,C#5 B-5 F#4,6,M
396.625,F#5 F#4,6,M
396.75,B-5 F#4,6,M
396.875,F#5 F#4,6,M
397.0,B-5 F#5 C#4 F#2,6,M
397.125,C#4 F#2,6,M
397.25,B-5 C#4 F#2,6,M
397.375,F#5 C#4 F#2,6,M
397.5,B-5 F#3,6,M
397.625,F#5 F#3,6,M
397.75,B-5 F#3,6,M
397.875,F#5 F#3,6,M
398.0,C#4 F#4 B-5 C4,6,M
398.125,B-4 C#4 F#4 F#5 C4,6,M
398.25,C#4 F#4 B-4 B-5 C4,6,M
398.375,C#4 F#4 B-4 F#5 C4,6,M
398.5,B-4 B-5 E-4,6,M
398.625,F#5 E-4,6,M
398.75,B-5 E-4,6,M
398.875,F#5 E-4,6,M
399.0,B5 C#4 F#2,6,M
399.125,F5 C#4 F#2,6,M
399.25,B5 C#4 F#2,6,M
399.375,F5 C#4 F#2,6,M
399.5,B5 C#4,6,M
399.625,F5 C#4,6,M
399.75,B5 C#4,6,M
399.875,F5 C#4,6,M
400.0,C#4 F4 B5 B3,6,M
400.125,B4 C#4 F4 F5 B3,6,M
400.25,C#4 F4 B4 B5 B3,6,M
400.375,C#4 F4 B4 F5 B3,6,M
400.5,B4 B5 B3,6,M
400.625,F5 B3,6,M
400.75,B5 F3,6,M
400.875,F5 F3,6,M
401.0,B-5 F5 F#3 F#2,6,M
401.125,F#5 F#3 F#2,6,M
401.25,B-5 F#3 F#2,6,M
401.375,F#5 F#3 F#2,6,M
401.5,B-5 C#4 F#3,6,M
401.625,F#5 C#4 F#3,6,M
401.75,B-5 C#4 F#3,6,M
401.875,F#5 C#4 F#3,6,M
402.0,F#4 B-5 C#4 F#3,6,M
402.125,B-4 F#4 F#5 C#4 F#3,6,M
402.25,F#4 B-4 B-5 C#4 F#3,6,M
402.375,F#4 B-4 F#5 C#4 F#3,6,M
402.5,B-4 B-5 C#4 F#3,6,M
402.625,F#5 C#4 F#3,6,M
402.75,B-5 C#4 F#3,6,M
402.875,F#5 C#4 F#3,6,M
403.0,B-5 C#5 F#2,6,M
403.125,F#5 C#5 F#2,6,M
403.25,B-5 C#5 F#2,6,M
403.375,F#5 C#5 F#2,6,M
403.5,B-5 C#5 F#3,6,M
403.625,F#5 C#5,6,M
403.75,B-5 C#5,6,M
403.875,F#5 C#5,6,M
404.0,C#4 F#4 B-5 B-3,6,M
404.125,B-4 C#4 F#4 F#5,6,M
404.25,C#4 F#4 B-4 B-5,6,M
404.375,C#4 F#4 B-4 F#5,6,M
404.5,B-4 B-5 C#4,6,M
404.625,F#5,6,M
404.75,B-5,6,M
404.875,F#5,6,M
405.0,B-4 E-5 F#5 E-4 F#2,6,M
405.125,F#4 E-4 F#2,6,M
405.25,B-4 E-5 E-4 F#2,6,M
405.375,F#4 E-4 F#2,6,M
405.5,B-4 E-5 B-3,6,M
405.625,F#4 B-3,6,M
405.75,B-4 E-5 B-3,6,M
405.875,F#4 B-3,6,M
406.0,B-4 E-5 E-4,6,M
406.125,F#4,6,M
406.25,B-4 E-5,6,M
406.375,F#4,6,M
406.5,B-4 E-5 F4 B-3 E-4,6,M
406.625,F#4 B-3 E-4,6,M
406.75,B-4 E-5 B-3 E-4,6,M
406.875,F#4 B-3 E-4,6,M
407.0,B-4 D5 D4,6,M
407.125,F4 D4,6,M
407.25,B-4 D5 D4,6,M
407.375,F4 D4,6,M
407.5,B-4 D5 D4 F2,6,M
407.625,F4 D4 F2,6,M
407.75,B-4 D5 D4 F2,6,M
407.875,F4 D4 F2,6,M
408.0,B-4 B-3 C#4,6,M
408.125,F4 B-3 C#4 B-4,6,M
408.25,B-4 B-3 C#4,6,M
408.375,F4 B-3 C#4 B-4,6,M
408.5,B4 B3,6,M
408.625,F4 B3 B4,6,M
408.75,B4 B3,6,M
408.875,F4 B3 B4,6,M
409.0,C#4 B-3 F4 C#3,6,M
409.125,C#5 C#4 B-3 F4 C#3,6,M
409.25,F4 C#4 B-3 C#3,6,M
409.375,C#5 C#4 B-3 F4 C#3,6,M
409.5,E4 C#5 C#4 G3 C#3,6,M
409.625,C#5 C#4 E4 G3 C#3,6,M
409.75,E4 C#4 G3 C#3,6,M
409.875,C#5 C#4 E4 G3 C#3,6,M
410.0,F4 C#5 C#4 G#3 C#3,6,M
410.125,C#5 C#4 F4 G#3 C#3,6,M
410.25,F4 C#4 G#3 C#3,6,M
410.375,C#5 C#4 F4 G#3 C#3,6,M
410.5,B4 C#5 C#4 G#4 F3 C#3,6,M
410.625,C#5 C#4 G#4 F3 C#3,6,M
410.75,B4 C#4 G#4 F3 C#3,6,M
410.875,C#5 C#4 G#4 F3 C#3,6,M
411.0,B-4 C#5 C#4 C#3,6,M
411.125,F#4 C#5 C#4 C#3,6,M
411.25,B-4 C#5 C#4 C#3,6,M
411.375,F#4 C#5 C#4 C#3,6,M
411.5,B-4 C#5 F#3,6,M
411.625,F#4 C#5 F#3,6,M
411.75,B-4 C#5 F#3,6,M
411.875,F#4 C#5 F#3,6,M
412.0,B-4 C#5 F4,6,M
412.125,F#4 F4,6,M
412.25,B-4 C#5 F4,6,M
412.375,F#4 F4,6,M
412.5,B-4 C#5 F#4,6,M
412.625,F#4,6,M
412.75,B-4 C#5 F#4,6,M
412.875,F#4,6,M
413.0,F#5 B-5 C#4 F#2,6,M
413.125,C#5 C#4 F#2,6,M
413.25,F#5 B-5 C#4 F#2,6,M
413.375,C#5 C#4 F#2,6,M
413.5,F#5 B-5 F#3,6,M
413.625,C#5 F#3,6,M
413.75,F#5 B-5 F#3,6,M
413.875,C#5 F#3,6,M
414.0,F#5 B-5 C4 F#4 B-4,6,M
414.125,C#5 C4 F#4 B-4,6,M
414.25,F#5 B-5 C4 F#4 B-4,6,M
414.375,C#5 C4 F#4 B-4,6,M
414.5,F#5 B-5 E-4,6,M
414.625,C#5 E-4,6,M
414.75,F#5 B-5 E-4,6,M
414.875,C#5 E-4,6,M
415.0,F5 B5 C#4 F#2,6,M
415.125,C#5 C#4 F#2,6,M
415.25,F5 B5 C#4 F#2,6,M
415.375,C#5 C#4 F#2,6,M
415.5,F5 B5 C#4,6,M
415.625,C#5 C#4,6,M
415.75,F5 B5 C#4,6,M
415.875,C#5 C#4,6,M
416.0,F5 B5 B3 C#4 F4 B4,6,M
416.125,C#5 B3 C#4 F4 B4,6,M
416.25,F5 B5 B3 C#4 F4 B4,6,M
416.375,C#5 B3 C#4 F4 B4,6,M
416.5,F5 B5 F3,6,M
416.625,C#5 F3,6,M
416.75,F5 B5 F3,6,M
416.875,C#5 F3,6,M
417.0,F#5 B-5 C#5 F#3 F#2,6,M
417.125,F#3 F#4 F#2,6,M
417.25,F#5 B-5 F#3 F#2 F#4,6,M
417.375,C#5 F#3 F#2 F#4,6,M
417.5,F#5 B-5 F#4 F#3,6,M
417.625,C#5 F#3 F#4,6,M
417.75,F#5 B-5 F#3 F#4,6,M
417.875,C#5 F#3 F#4,6,M
418.0,F#5 B-5 B-4 F#3 F4 F#4,6,M
418.125,C#5 F#3 F4,6,M
418.25,F#5 B-5 F#3 F4,6,M
418.375,C#5 F#3 F4,6,M
418.5,F#5 B-5 C#5 F#3 F4,6,M
418.625,C#5 F#3 F4,6,M
418.75,F#5 B-5 F#3 F4,6,M
418.875,C#5 F#3 F4,6,M
419.0,F#5 B-5 F#3 E-4,6,M
419.125,B-4 F#5 F#3 E-4,6,M
419.25,F#5 B-5 F#3 E-4,6,M
419.375,B-4 F#5 F#3 E-4,6,M
419.5,F#5 B-5 B-3 E-4,6,M
419.625,B-4 F#5 E-4,6,M
419.75,F#5 B-5 E-4,6,M
419.875,B-4 F#5 E-4,6,M
420.0,F#5 B-5 C#4,6,M
420.125,B-4 C#4,6,M
420.25,F#5 B-5 C#4,6,M
420.375,B-4 C#4,6,M
420.5,F#5 B-5 F#4 C#4,6,M
420.625,B-4 C#4,6,M
420.75,F#5 B-5 C#4,6,M
420.875,B-4 C#4,6,M
421.0,F#5 B-5 B-4 E-2,6,M
421.125,C5 B-4 E-2,6,M
421.25,F#5 B-5 B-4 E-2,6,M
421.375,C5 B-4 E-2,6,M
421.5,F#5 B-5 B-4,6,M
421.625,C5 B-4,6,M
421.75,F#5 B-5 B-4,6,M
421.875,C5 B-4,6,M
422.0,F#5 B-5 B-4 C4 F#4,6,M
422.125,C5 C4 F#4 B-4,6,M
422.25,F#5 B-5 C4 F#4 B-4,6,M
422.375,C5 C4 F#4 B-4,6,M
422.5,F#5 B-5 E-4 F#4,6,M
422.625,C5 F#4,6,M
422.75,F#5 B-5 F#4,6,M
422.875,C5 F#4,6,M
423.0,C#5 F5 B4 E-4 E-2,6,M
423.125,B4 E-4 E-2,6,M
423.25,C#5 F5 E-4 E-2,6,M
423.375,B4 E-4 E-2,6,M
423.5,C#5 F5 B4 B3,6,M
423.625,B4 B3,6,M
423.75,C#5 F5 B3,6,M
423.875,B4 B3,6,M
424.0,C#5 F5 F4 G#3 B3 G#4,6,M
424.125,B4 G#3 B3 F4 G#4,6,M
424.25,C#5 F5 G#3 B3 F4 G#4,6,M
424.375,B4 G#3 B3 F4 G#4,6,M
424.5,C#5 F5 B4 C#4,6,M
424.625,B4 C#4,6,M
424.75,C#5 F5 C#4,6,M
424.875,B4 C#4,6,M
425.0,E6 C#5 F#4 F#3 C#3 C#4,6,M
425.125,E-6 C#5 F#4 F#3 C#3 C#4,6,M
425.25,C#6 C#5 F#4 F#3 C#3 C#4,6,M
425.375,E-6 C#5 F#4 F#3 C#3 C#4,6,M
425.5,C#6 B4 F#4 F#3 B2 B3,6,M
425.625,E-6 B4 F#4 F#3 B2 B3,6,M
425.75,C#6 B4 F#4 F#3 B2 B3,6,M
425.875,E-6 B4 F#4 F#3 B2 B3,6,M
426.0,C#6 A4 A2 A3,6,M
426.125,E-6 A4 A2 A3,6,M
426.25,C#6 A4 A2 A3,6,M
426.375,E-6 A4 A2 A3,6,M
426.5,C#6 G#4 G#2 G#3,6,M
426.625,E-6 G#4 G#2 G#3,6,M
426.75,C#6 G#4 G#2 G#3,6,M
426.875,E-6 G#4 G#2 G#3,6,M
427.0,C#6 G#4 G#2 G#3,6,M
427.125,E-6 G#4 G#2 G#3,6,M
427.25,C#6 G#4 G#2 G#3,6,M
427.375,E-6 G#4 G#2 G#3,6,M
427.5,C#6 G#4 G#2 G#3,6,M
427.625,E-6 G#4 G#2 G#3,6,M
427.75,C#6 G#4 G#2 G#3,6,M
427.875,E-6 G#4 G#2 G#3,6,M
428.0,C#6 A4 A2 A3,6,M
428.125,E-6 A4 A2 A3,6,M
428.25,C#6 A4 A2 A3,6,M
428.3333333333333,C#6 B4 B2 B3,6,M
428.375,E-6 B4 B2 B3,6,M
428.5,C#6 B4 B2 B3,6,M
428.625,E-6 B4 B2 B3,6,M
428.6666666666667,C#5 C#3 C#4 E-6,6,M
428.75,C#6 C#5 C#3 C#4,6,M
428.875,E-6 C#5 C#3 C#4,6,M
429.0,E6 E-6 C#5 C#3 C#4,6,M
429.125,C#5 C#3 C#4,6,M
429.25,C#6 C#5 C#3 C#4,6,M
429.375,E-6 C#5 C#3 C#4,6,M
429.5,C#6 B4 B2 B3,6,M
429.625,E-6 B4 B2 B3,6,M
429.75,C#6 B4 B2 B3,6,M
429.875,E-6 B4 B2 B3,?,?
430.0,C#6 A4 A2 A3,?,?
430.125,E-6 A4 A2 A3,?,?
430.25,C#6 A4 A2 A3,?,?
430.375,E-6 A4 A2 A3,?,?
430.5,C#6 G#4 G#2 G#3,?,?
430.625,E-6 G#4 G#2 G#3,?,?
430.75,C#6 G#4 G#2 G#3,?,?
430.875,E-6 G#4 G#2 G#3,?,?
431.0,C#6 G#4 G#2 G#3,?,?
431.125,E-6 G#4 G#2 G#3,?,?
431.25,C#6 G#4 G#2 G#3,?,?
431.375,E-6 G#4 G#2 G#3,?,?
431.5,C#6 G#4 G#2 G#3,?,?
431.625,E-6 G#4 G#2 G#3,?,?
431.75,C#6 G#4 G#2 G#3,?,?
431.875,E-6 G#4 G#2 G#3,?,?
432.0,C#6 A4 A2 A3,?,?
432.125,E-6 A4 A2 A3,?,?
432.25,C#6 A4 A2 A3,?,?
432.3333333333333,C#6 B4 B2 B3,?,?
432.375,E-6 B4 B2 B3,?,?
432.5,C#6 B4 B2 B3,?,?
432.625,E-6 B4 B2 B3,?,?
432.6666666666667,C#5 C#3 C#4 E-6,?,?
432.75,C#6 C#5 C#3 C#4,?,?
432.875,E-6 C#5 C#3 C#4,?,?
433.0,E6 E-6 C#5 C#3 C#4,?,?
433.125,C#5 C#3 C#4,?,?
433.25,C#6 C#5 C#3 C#4,?,?
433.375,E-6 C#5 C#3 C#4,?,?
433.5,C#6 B4 B2 B3,?,?
433.625,E-6 B4 B2 B3,?,?
433.75,C#6 B4 B2 B3,?,?
433.875,E-6 B4 B2 B3,?,?
434.0,C#6 A4 A2 A3,?,?
434.125,E-6 A4 A2 A3,?,?
434.25,C#6 A4 A2 A3,?,?
434.375,E-6 A4 A2 A3,?,?
434.5,C#6 G#4 G#2 G#3,?,?
434.625,E-6 G#4 G#2 G#3,?,?
434.75,C#6 G#4 G#2 G#3,?,?
434.875,E-6 G#4 G#2 G#3,?,?
435.0,C#6 G#4 G#2 G#3,?,?
435.125,E-6 G#4 G#2 G#3,?,?
435.25,C#6 G#4 G#2 G#3,?,?
435.375,E-6 G#4 G#2 G#3,?,?
435.5,C#6 G#4 G#2 G#3,?,?
435.625,E-6 G#4 G#2 G#3,?,?
435.75,C#6 G#4 G#2 G#3,?,?
435.875,E-6 G#4 G#2 G#3,?,?
436.0,C#6 A4 A2 A3,?,?
436.125,E-6 A4 A2 A3,?,?
436.25,C#6 A4 A2 A3,?,?
436.3333333333333,C#6 B4 B2 B3,?,?
436.375,E-6 B4 B2 B3,?,?
436.5,C#6 B4 B2 B3,?,?
436.625,E-6 B4 B2 B3,?,?
436.6666666666667,C#5 C#3 C#4 E-6,?,?
436.75,C#6 C#5 C#3 C#4,?,?
436.875,E-6 C#5 C#3 C#4,6,M
437.0,C#6 E5 F5 E4 F4 E3 C#3 C#4,6,M
437.125,C#6 C#5 F5 C#4 F4 C#3,6,M
437.5,C#6 C#5 F5 C#4 F4 C#3,6,M
438.0,D5 C#5 F5 C#4 F4 C#3 C#2,6,M
438.125,B4 C#5 F5 C#4 F4 C#2 C#3,6,M
438.3333333333333,B-4 B4 C#5 F5 C#4 F4 C#2 C#3,6,M
438.375,B-4 C#5 F5 C#4 F4 C#3 C#2,6,M
438.5,B-4 C#5 F5 C#4 F4 C#3,6,M
438.6666666666667,B4 C#5 F5 C#4 F4 C#3,6,M
439.0,C#5 F5 F4 C#2 C#3,6,M
439.3333333333333,D5 F5 F4 C#2 C#3,6,M
439.5,D5 F5 F4,6,M
439.6666666666667,C#5 F5 F4,6,M
440.0,B4 F5 F4 C#2 C#3,6,M
440.3333333333333,B-4 F5 F4 C#2 C#3,6,M
440.5,B-4 F5 F4,6,M
440.6666666666667,C#5 F5 F4,6,M
441.0,B4 F5 F4 C#3 C#2,6,M
441.5,B4 F5 F4 C#3,6,M
442.0,C5 F5 F4 C#3 C#2,6,M
442.125,B-4 F5 F4 C#2 C#3,6,M
442.3333333333333,G#4 B-4 F5 F4 C#2 C#3,6,M
442.375,G#4 F5 F4 C#3 C#2,6,M
442.5,G#4 F5 F4 C#3,6,M
442.6666666666667,B-4 F5 F4 C#3,6,M
443.0,B4 F5 F4 C#3 C#2,6,M
443.3333333333333,C#5 F5 F4 C#3 C#2,6,M
443.5,C#5 F5 F4 C#3,6,M
443.6666666666667,B4 F5 F4 C#3,6,M
444.0,B-4 F5 F4 C#2 C#3,6,M
444.3333333333333,G#4 F5 F4 C#3 C#2,6,M
444.5,G#4 F5 F4 C#3,6,M
444.6666666666667,B4 F5 F4 C#3,6,M
445.0,B-4 F#5 F#4 C#3 C#2,6,M
445.5,B-4 F#5 F#4 C#3,6,M
446.0,B4 F#5 F#4 C#3 C#2,6,M
446.125,G#4 F#5 F#4 C#2 C#3,6,M
446.3333333333333,F#4 G#4 F#5 C#2 C#3,6,M
446.375,F#5 F#4 C#3 C#2,6,M
446.5,F#4 F#5 C#3,6,M
446.6666666666667,G#4 F#5 F#4 C#3,6,M
447.0,B-4 F#5 F#4 C#3 C#2,6,M
447.3333333333333,B4 F#5 F#4 C#3 C#2,6,M
447.5,B4 F#5 F#4 C#3,6,M
447.6666666666667,B-4 F#4 F#5 C#3,6,M
448.0,G#4 F#4 B-4 B-3 C#3 C#2,6,M
448.3333333333333,F#4 B-4 B-3 C#3 C#2,6,M
448.5,F#4 B-4 B-3 C#3,6,M
448.6666666666667,B-4 F#4 B-3 C#3,6,M
449.0,G#4 F4 C#5 B3 C#4 C#2 C#3,6,M
449.3333333333333,B-4 F4 C#5 B3 C#4 C#3 C#2,6,M
449.5,B-4 F4 C#5 B3 C#4 C#3,6,M
449.6666666666667,G#4 F4 C#5 B3 C#4 C#3,6,M
450.0,F#4 F4 C#5 B3 C#4 C#3 C#2,6,M
450.3333333333333,F4 C#5 B3 C#4 C#3 C#2,6,M
450.5,F4 C#5 B3 C#4 C#3,6,M
450.6666666666667,A4 F4 C#5 B3 C#4 C#3,6,M
451.0,G#4 F4 C#4 B3 C#2 C#3,6,M
451.3333333333333,B-4 F4 C#4 B3 C#3 C#2,6,M
451.5,B-4 F4 C#4 B3 C#3,6,M
451.6666666666667,G#4 F4 C#4 B3 C#3,6,M
452.0,F#4 F4 C#4 B3 C#3 C#2,6,M
452.3333333333333,F4 C#4 B3 C#3 C#2,6,M
452.5,F4 C#4 B3 C#3,6,M
452.6666666666667,G#4 F4 C#4 B3 C#3,6,M
453.0,F#5 B-5 C#4 F#4 B-3 F#3 F#1 F#2,6,M
453.125,C#5 B-4 F#4 B-3 F#3 F#2 F#1,6,M
453.25,F#5 B-5 C#4 F#4 B-3 F#3 F#2,6,M
453.375,C#5 B-4 F#4 B-3 F#3 F#2,6,M
453.5,F#5 B-5 C#4 F#4 B-3 F#3 F#2,6,M
453.625,C#5 B-4 F#4 B-3 F#3 F#2,6,M
453.75,F#5 B-5 C#4 F#4 B-3 F#3 F#2,6,M
453.875,C#5 B-4 F#4 B-3 F#3 F#2,6,M
454.0,F#5 B-5 C#4 B-4,6,M
454.125,C#5 B-4,6,M
454.25,F#5 B-5 C#4 B-4,6,M
454.375,C#5,6,M
454.5,F#5 B-5 C#4 B-4,6,M
454.625,C#5 B-4,6,M
454.75,F#5 B-5 C#4 B-4,6,M
454.875,C#5,6,M
455.0,F#5 B-5 C#4 B-4,6,M
455.125,C#5 B-4,6,M
455.25,F#5 B-5 C#4 B-4,6,M
455.375,C#5,6,M
455.5,F#5 B-5 C#4 B-4 F#4 F#3,6,M
455.625,C#5 B-4 F#4 F#3,6,M
455.75,F#5 B-5 C#4 B-4 F#4 F#3,6,M
455.875,C#5 F#4 F#3,6,M
456.0,B-5 C#6 C#4 F5 F4,6,M
456.125,B-4 C#5 F5 F4,6,M
456.25,B-5 C#6 C#4 F5 F4,6,M
456.375,B-4 C#5 F5 F4,6,M
456.5,B-5 C#6 C#4 F#5 F#4,6,M
456.625,B-4 C#5 F#5 F#4,6,M
456.75,B-5 C#6 C#4 F#5 F#4,6,M
456.875,C#5 B-4 F#5 F#4,6,M
457.0,F#5 B-5 C#4 F#4 C#5 B-4,6,M
457.125,C#5 C#4,6,M
457.25,F#5 B-5 C#4 F#4 C#5,6,M
457.375,C#5 B-4 C#4,6,M
457.5,F#5 B-5 C#4 F#4 F#3,6,M
457.625,C#5 B-4 F#4 F#3,6,M
457.75,F#5 B-5 C#4 F#4 F#3,6,M
457.875,C#5 B-4 F#4 F#3,6,M
458.0,B-5 C#4 F#4 C5 C4,6,M
458.125,F#5 B-4 C5 C4,6,M
458.25,B-5 C#4 F#4 C5 C4,6,M
458.375,F#5 B-4 C5 C4,6,M
458.5,B-5 C#4 F#4 E-5 E-4,6,M
458.625,F#5 B-4 E-5 E-4,6,M
458.75,B-5 C#4 F#4 E-5 E-4,6,M
458.875,F#5 B-4 E-5 E-4,6,M
459.0,F5 B5 C#4 F4 C#5,6,M
459.125,C#5 B4 C#4,6,M
459.25,F5 B5 C#4 F4 C#5,6,M
459.375,C#5 B4 C#4,6,M
459.5,F5 B5 C#4 F4 C#5,6,M
459.625,C#5 B4 C#4,6,M
459.75,F5 B5 C#4 F4 C#5,6,M
459.875,C#5 B4 C#4,6,M
460.0,F5 B5 C#4 F4 B4 B3,6,M
460.125,C#5 B4 B3,6,M
460.25,F5 B5 C#4 F4 B4 B3,6,M
460.375,C#5 B4 B3,6,M
460.5,F5 B5 C#4 F4 B4 B3,6,M
460.625,C#5 B4 B3,6,M
460.75,F5 B5 C#4 F4 F3,6,M
460.875,C#5 B4 F4 F3,6,M
461.0,F#5 B-5 C#4 F#4 C#5 B4 F#3 F#1 F#2,6,M
461.125,B-4 F#4 F#3 F#1 F#2,6,M
461.25,F#5 B-5 C#4 F#4 F#3,6,M
461.375,C#5 B-4 F#4 F#3,6,M
461.5,F#5 B-5 F#4 C#4 F#3,6,M
461.625,C#5 B-4 F#4 F#3,6,M
461.75,F#5 B-5 C#4 F#4 F#3,6,M
461.875,C#5 B-4 F#4 F#3,6,M
462.0,F#5 B-5 B-4 F#4 C#4 F#3,6,M
462.125,C#5 B-4 F#4 F#3,6,M
462.25,F#5 B-5 C#4 B-4 F#4 F#3,6,M
462.375,C#5 F#4 F#3,6,M
462.5,F#5 B-5 B-4 F#4 C#4 F#3,6,M
462.625,C#5 B-4 F#4 F#3,6,M
462.75,F#5 B-5 C#4 B-4 F#4 F#3,6,M
462.875,C#5 F#4 F#3,6,M
463.0,F#5 B-5 B-4 C#4,6,M
463.125,C#5 B-4,6,M
463.25,F#5 B-5 C#4 B-4,6,M
463.375,C#5,6,M
463.5,F#5 B-5 B-4 F#4 C#4 F#3,6,M
463.625,C#5 B-4 F#4 F#3,6,M
463.75,F#5 B-5 C#4 B-4 F#4 F#3,6,M
463.875,C#5 F#4 F#3,6,M
464.0,B-5 C#6 C#4 F5 F4,6,M
464.125,B-4 C#5 F5 F4,6,M
464.25,B-5 C#6 C#4 F5 F4,6,M
464.375,B-4 C#5 F5 F4,6,M
464.5,B-5 C#6 C#4 F#5 F#4,6,M
464.625,B-4 C#5 F#5 F#4,6,M
464.75,B-5 C#6 C#4 F#5 F#4,6,M
464.875,B-4 C#5 F#5 F#4,6,M
465.0,F#6 B-6 C#4 F#4 B-4 C#5,6,M
465.125,C#6 C#5 C#4,6,M
465.25,F#6 B-6 C#4 F#4 C#5,6,M
465.375,C#6 B-4 C#5 C#4,6,M
465.5,F#6 B-6 C#4 F#4 F#3,6,M
465.625,C#6 B-4 F#4 F#3,6,M
465.75,F#6 B-6 C#4 F#4 F#3,6,M
465.875,C#6 B-4 F#4 F#3,6,M
466.0,B-6 C#4 F#4 C5 C4,6,M
466.125,F#6 B-4 C5 C4,6,M
466.25,B-6 C#4 F#4 C5 C4,6,M
466.375,F#6 B-4 C5 C4,6,M
466.5,B-6 C#4 F#4 E-5 E-4,6,M
466.625,F#6 B-4 E-5 E-4,6,M
466.75,B-6 C#4 F#4 E-5 E-4,6,M
466.875,F#6 B-4 E-5 E-4,6,M
467.0,F5 B5 C#4 F4 C#5,6,M
467.125,C#5 B4 C#4,6,M
467.25,F5 B5 C#4 F4 C#5,6,M
467.375,C#5 B4 C#4,6,M
467.5,F5 B5 C#4 F4 C#5,6,M
467.625,C#5 B4 C#4,6,M
467.75,F5 B5 C#4 F4 C#5,6,M
467.875,C#5 B4 C#4,6,M
468.0,F5 B5 C#4 F4 B4 B3,6,M
468.125,B4 B3,6,M
468.25,F5 B5 C#4 F4 B4 B3,6,M
468.375,C#5 B4 B3,6,M
468.5,F5 B5 C#4 F4 B4 B3,6,M
468.625,C#5 B4 B3,6,M
468.75,F5 B5 C#4 F4 B4 F3,6,M
468.875,B4 C#5 F4 F3,6,M
469.0,F#5 B-5 B4 C#5 F#4 F#3 F#1 F#2,6,M
469.125,F#4 F#3 F#1 F#2,6,M
469.25,F#5 B-5 C#4 F#4 F#3,6,M
469.375,C#5 B-4 F#4 F#3,6,M
469.5,F#5 B-5 F#4 C#4 F#3,6,M
469.625,C#5 B-4 F#4 F#3,6,M
469.75,F#5 B-5 C#4 F#4 F#3,6,M
469.875,C#5 B-4 F#4 F#3,6,M
470.0,F#5 B-5 F#4 C#4 F#3,6,M
470.125,C#5 B-4 F#4 F#3,6,M
470.25,F#5 B-5 C#4 F#4 F#3,6,M
470.375,C#5 B-4 F#4 F#3,6,M
470.5,F#5 B-5 F#4 C#4 F#3,6,M
470.625,C#5 B-4 F#4 F#3,6,M
470.75,F#5 B-5 C#4 F#4 F#3,6,M
470.875,C#5 B-4 F#4 F#3,6,M
471.0,F#5 B-5 F#4 C#4,6,M
471.125,C#5 B-4,6,M
471.25,F#5 B-5 C#4 F#4,6,M
471.375,C#5 B-4,6,M
471.5,F#5 B-5 F#4 C#4 F#3,6,M
471.625,C#5 B-4 F#4 F#3,6,M
471.75,F#5 B-5 C#4 F#4 F#3,6,M
471.875,C#5 B-4 F#4 F#3,6,M
472.0,F#5 B-5 C#4 F#4 F5 F4,6,M
472.125,C#5 B-4 F5 F4,6,M
472.25,F#5 B-5 C#4 F#4 F5 F4,6,M
472.375,C#5 B-4 F5 F4,6,M
472.5,F#5 B-5 C#4 F#4,6,M
472.625,C#5 B-4 F#5 F#4,6,M
472.75,F#5 B-5 C#4 F#4,6,M
472.875,B-4 C#5 F#5 F#4,6,M
473.0,B-5 F6 C#5 C#4 F#4 B-4 E-5,6,M
473.125,F#5 C#5 C#4 F#4 B-4 E-5,6,M
473.25,B-5 F6 C#5 C#4 F#4 B-4 E-5,6,M
473.375,F#5 C#5 C#4 F#4 B-4 E-5,6,M
473.5,B-5 F6 F#4 F#3 B-4 E-5,6,M
473.625,F#5 F#3 F#4 B-4 E-5,6,M
473.75,B-5 F6 F#3 F#4 B-4 E-5,6,M
473.875,F#5 F#4 F#3 B-4 E-5,6,M
474.0,B-5 F6 C5 C4 F#4 B-4 E-5,6,M
474.125,F#5 C5 C4 F#4 B-4 E-5,6,M
474.25,B-5 F6 C5 C4 F#4 B-4 E-5,6,M
474.375,F#5 C5 C4 F#4 B-4 E-5,6,M
474.5,B-5 F6 E-5 E-4 F#4 B-4,6,M
474.625,F#5 E-4 F#4 B-4 E-5,6,M
474.75,B-5 F6 E-4 F#4 B-4 E-5,6,M
474.875,F#5 E-4 F#4 B-4 E-5,6,M
475.0,B-5 D6 C#5 C#4 D5 B-4 F4,6,M
475.125,F5 C#5 C#4 D5 B-4 F4,6,M
475.25,B-5 D6 C#5 C#4 D5 B-4 F4,6,M
475.375,F5 C#5 C#4 D5 B-4 F4,6,M
475.5,B-5 D6 C#5 C#4 D5 B-4 F4,6,M
475.625,F5 C#5 C#4 D5 B-4 F4,6,M
475.75,B-5 D6 C#5 C#4 D5 B-4 F4,6,M
475.875,F5 C#5 C#4 D5 B-4 F4,6,M
476.0,B-5 B4 B3 F#6 C#5 F4,6,M
476.125,F5 B4 B3 F#6 C#5 F4,6,M
476.25,B-5 B4 B3 F#6 C#5 F4,6,M
476.375,F5 B4 B3 F#6 C#5 F4,6,M
476.5,B5 B4 B3 G#6 F4,6,M
476.625,F5 B4 B3 G#6 F4,6,M
476.75,B5 F4 F3 G#6 B4,6,M
476.875,F5 F3 G#6 B4 F4,6,M
477.0,F#4 F#3 C#6 B-4 C#4,6,M
477.125,C#6 F#4 F#3 B-4 C#4,6,M
477.25,F5 F#4 F#3 C#6 B-4 C#4,6,M
477.375,C#6 F#4 F#3 B-4 C#4,6,M
477.5,E5 F#4 C#4 F#3 C6 G4,6,M
477.625,C#6 F#4 F#3 C6 G4 C#4,6,M
477.75,E5 F#4 F#3 C6 G4 C#4,6,M
477.875,C#6 F#4 F#3 C6 G4 C#4,6,M
478.0,F5 F#4 C#4 F#3 C#6 G#4,6,M
478.125,C#6 F#4 F#3 G#4 C#4,6,M
478.25,F5 F#4 F#3 C#6 G#4 C#4,6,M
478.375,C#6 F#4 F#3 G#4 C#4,6,M
478.5,G#5 F#4 C#4 F#3 F6 F4 B4,6,M
478.625,C#6 F#4 F#3 F6 F4 B4 C#4,6,M
478.75,G#5 F#4 F#3 F6 F4 B4 C#4,6,M
478.875,C#6 F#4 F#3 F6 F4 B4 C#4,6,M
479.0,C#6 C#4 F#5 C#5,6,M
479.125,C#5 B-5,6,M
479.25,C#6 C#5 F#5,6,M
479.375,C#5 B-5,6,M
479.5,C#6 F#4 C#4 F#3 C#5 F#5,6,M
479.625,C#5 F#4 F#3 B-5,6,M
479.75,C#6 F#4 F#3 C#5 F#5,6,M
479.875,C#5 F#4 F#3 B-5,6,M
480.0,B-5 C#6 B-4 B-3 C#5,6,M
480.125,C#5 B-4 B-3 B-5,6,M
480.25,B-5 C#6 B-4 B-3 C#5,6,M
480.375,C#5 B-4 B-3 B-5,6,M
480.5,B-5 C#6 C#5 C#4,6,M
480.625,C#5 C#4 B-5,6,M
480.75,B-5 C#6 C#5 C#4,6,M
480.875,C#5 C#4 B-5,6,M
481.0,F#5 B-5 C#5 E-5 E-4 F#1 F#2,6,M
481.125,E-5 E-4 F#1 F#2,6,M
481.25,F#5 B-5 C#4 F#4 E-5 E-4,6,M
481.375,C#5 B-4 E-5 E-4,6,M
481.5,F#5 B-5 C#4 F#4 B-4 B-3,6,M
481.625,C#5 B-4 B-3,6,M
481.75,F#5 B-5 C#4 F#4 B-4 B-3,6,M
481.875,C#5 B-4 B-3,6,M
482.0,B-5 C#4 F#4 E-5 E-4,6,M
482.125,F#5 B-4 E-5 E-4,6,M
482.25,B-5 C#4 F#4 E-5 E-4,6,M
482.375,F#5 B-4 E-5 E-4,6,M
482.5,B-5 C#4 F#4 F5 F4,6,M
482.625,F#5 B-4 F5 F4,6,M
482.75,B-5 C#4 F#4 F5 F4,6,M
482.875,F#5 B-4 F5 F4,6,M
483.0,F5 B5 C#4 F4 D5 D4,6,M
483.125,C#5 B4 D5 D4,6,M
483.25,F5 B5 C#4 F4 D5 D4,6,M
483.375,C#5 B4 D5 D4,6,M
483.5,F5 B5 C#4 F4 D5 D4,6,M
483.625,C#5 B4 D5 D4,6,M
483.75,F5 B5 C#4 F4 D5 D4,6,M
483.875,C#5 B4 D5 D4,6,M
484.0,F5 B5 C#4 F4 B-4 B-3,6,M
484.125,C#5 B4 B-4 B-3,6,M
484.25,F5 B5 C#4 F4 B-4 B-3,6,M
484.375,C#5 B4 B-4 B-3,6,M
484.5,F5 B5 C#4 F4 B4 B3,6,M
484.625,C#5 B4 B3,6,M
484.75,F5 B5 C#4 F4 B4 B3,6,M
484.875,B4 C#5 B3,6,M
485.0,F#5 B-5 B4 C#5 F#4 C#4,6,M
485.125,B-4 C#5 F#4 C#4,6,M
485.25,F#5 B-5 C#5 F#4 C#4,6,M
485.375,B-4 C#5 F#4 C#4,6,M
485.5,F#5 B-5 C#5 F#4 C#4,6,M
485.625,B-4 C#5 F#4 C#4,6,M
485.75,F#5 B-5 C#5 F#4 C#4,6,M
485.875,B-4 C#5 F#4 C#4,6,M
486.0,F5 F#5 B-5 C#5 F4 C#4,6,M
486.125,B-4 C#5 F4 C#4,6,M
486.25,F5 F#5 B-5 C#5 F4 C#4,6,M
486.375,B-4 C#5 F4 C#4,6,M
486.5,F5 F#5 B-5 C#5 F4 C#4,6,M
486.625,B-4 C#5 F4 C#4,6,M
486.75,F5 F#5 B-5 C#5 F4 C#4,6,M
486.875,B-4 C#5 F4 C#4,6,M
487.0,E-5 F#5 B-5 C#5 E-4 C#4,6,M
487.125,B-4 C#5 E-4 C#4,6,M
487.25,E-5 F#5 B-5 C#5 E-4 C#4,6,M
487.375,B-4 C#5 E-4 C#4,6,M
487.5,E-5 F#5 B-5 F#4 E-4 F#3,6,M
487.625,B-4 F#4 E-4 F#3,6,M
487.75,E-5 F#5 B-5 F#4 E-4 F#3,6,M
487.875,B-4 F#4 E-4 F#3,6,M
488.0,C#5 F#5 B-5 F5 C#4 F4,6,M
488.125,B-4 F5 C#4 F4,6,M
488.25,C#5 F#5 B-5 F5 C#4 F4,6,M
488.375,B-4 F5 C#4 F4,6,M
488.5,C#5 F#5 B-5 C#4 F#4,6,M
488.625,B-4 F#5 C#4 F#4,6,M
488.75,C#5 F#5 B-5 C#4 F#4,6,M
488.875,B-4 F#5 C#4 F#4,6,M
489.0,C6 F#6 B-5 C4 B-4 E-3 F#3,6,M
489.125,F#5 B-5 C4 B-4,6,M
489.25,C6 F#6 B-5 C4 B-4 E-3 F#3,6,M
489.375,F#5 B-5 C4 B-4,6,M
489.5,C6 F#6 B-5 C4 B-4 E-3 F#3,6,M
489.625,F#5 B-5 C4 B-4,6,M
489.75,C6 F#6 B-5 C4 B-4 E-3 F#3,6,M
489.875,F#5 B-5 C4 B-4,6,M
490.0,C6 F#6 B-5 C4 B-4 E-3 F#3,6,M
490.125,F#5 B-5 C4 B-4,6,M
490.25,C6 F#6 B-5 C4 B-4 E-3 F#3,6,M
490.375,F#5 B-5 C4 B-4,6,M
490.5,C6 F#6 F#5 C4 F#4 E-3 F#3,6,M
490.625,F#5 C4 F#4,6,M
490.75,C6 F#6 F#5 C4 F#4 E-3 F#3,6,M
490.875,F#5 C4 F#4,6,M
491.0,F6 B6 E-5 B3 E-4 C#3 F3 G#3,6,M
491.125,B5 B3,6,M
491.25,F6 B6 B3 C#3 F3 G#3,6,M
491.375,B5 B3,6,M
491.5,F6 B6 B4 B3 C#3 F3 G#3,6,M
491.625,B5 B3,6,M
491.75,F6 B6 B3 C#3 F3 G#3,6,M
491.875,B5 B3,6,M
492.0,F6 B6 G#4 B3 C#3 F3 G#3,6,M
492.125,B5 B3,6,M
492.25,F6 B6 B3 C#3 F3 G#3,6,M
492.375,B5 B3,6,M
492.5,F6 B6 C#5 B3 C#4 C#3 F3 G#3,6,M
492.625,B5 B3,6,M
492.75,F6 B6 B3 C#3 F3 G#3,6,M
492.875,B5 B3,6,M
493.0,F#5 B5 C#5 F#4 B-3 C#4 F#2 B-2 F#3,6,M
493.125,B-5 C#5 F#4 B-3 C#4 F#2 B-2 F#3,6,M
493.25,F#5 C#5 F#4 B-3 C#4 F#2 B-2 F#3,6,M
493.375,B-5 C#5 F#4 B-3 C#4 F#2 F#3 B-2,6,M
493.5,F#5 C#5 F#4 B-3 C#4 F#2 F#3,6,M
493.625,B-5 C#5 F#4 B-3 C#4 F#2 F#3,6,M
493.75,F#5 C#5 F#4 B-3 C#4 F#2 F#3,6,M
493.875,B-5 C#5 F#4 B-3 C#4 F#2 F#3,6,M
494.0,F#5 D5 B-3 D4 F#2 B-2 F#3,6,M
494.125,B-5 D5 B-3 D4 F#2 B-2 F#3,6,M
494.25,F#5 D5 B-3 D4 F#2 B-2 F#3,6,M
494.375,B-5 D5 B-3 D4 F#2 B-2 F#3,6,M
494.5,F#5 C5 B-3 C4 F#2 F#3,6,M
494.625,B-5 C5 B-3 C4 F#2 F#3,6,M
494.75,F#5 C5 B-3 C4 F#2 F#3,6,M
494.875,B-5 C5 B-3 C4 F#2 F#3,6,M
495.0,F#5 C#5 B-3 C#4 F#2 B-2 F#3,6,M
495.125,B-5 C#5 B-3 C#4 F#2 B-2 F#3,6,M
495.25,F#5 C#5 B-3 C#4 F#2 B-2 F#3,6,M
495.375,B-5 C#5 B-3 C#4 F#2 F#3 B-2,6,M
495.5,F#5 C#5 B-3 C#4 F#2 F#3,6,M
495.625,B-5 C#5 B-3 C#4 F#2 F#3,6,M
495.75,F#5 C#5 B-3 C#4 F#2 F#3,6,M
495.875,B-5 C#5 B-3 C#4 F#2 F#3,6,M
496.0,F#5 C#5 B-3 C#4 F#2 F#3 B-2,6,M
496.125,B-5 C#5 F#5 B-3 C#4 F#2 B-2 F#3,6,M
496.25,F#5 C#5 B-3 C#4 F#2 B-2 F#3,6,M
496.375,B-5 C#5 F#5 B-3 C#4 F#2 F#3 B-2,6,M
496.5,F#5 C#5 B-3 C#4 F#2 F#3,6,M
496.625,B-5 C#5 F#5 B-3 C#4 F#2 F#3,6,M
496.75,F#5 C#5 B-3 C#4 F#2 F#3,6,M
496.875,B-5 C#5 F#5 B-3 C#4 F#2 F#3,6,M
497.0,F#5 B-5 C#5 B-3 C#4 F#4 F#2 B-2 F#3,6,M
497.125,C#5 B-3 C#4 F#4 F#2 B-2 F#3,6,M
497.25,F#5 C#5 B-3 C#4 F#4 F#2 B-2 F#3,6,M
497.375,B-5 C#5 B-3 C#4 F#4 F#2 F#3 B-2,6,M
497.5,F#5 C#5 B-3 C#4 F#4 F#2 F#3,6,M
497.625,B-5 C#5 B-3 C#4 F#4 F#2 F#3,6,M
497.75,F#5 C#5 B-3 C#4 F#4 F#2 F#3,6,M
497.875,B-5 C#5 B-3 C#4 F#4 F#2 F#3,6,M
498.0,F#5 D5 B-3 D4 F#2 B-2 F#3,6,M
498.125,B-5 D5 B-3 D4 F#2 B-2 F#3,6,M
498.25,F#5 D5 B-3 D4 F#2 B-2 F#3,6,M
498.375,B-5 D5 B-3 D4 F#2 B-2 F#3,6,M
498.5,F#5 C5 B-3 C4 F#2 F#3,6,M
498.625,B-5 C5 B-3 C4 F#2 F#3,6,M
498.75,F#5 C5 B-3 C4 F#2 F#3,6,M
498.875,B-5 C5 B-3 C4 F#2 F#3,6,M
499.0,F#5 C#5 B-3 C#4 F#2 B-2 F#3,6,M
499.125,B-5 C#5 B-3 C#4 F#2 B-2 F#3,6,M
499.25,F#5 C#5 B-3 C#4 F#2 B-2 F#3,6,M
499.375,B-5 C#5 B-3 C#4 F#2 F#3 B-2,6,M
499.5,F#5 C#5 B-3 C#4 F#2 F#3,6,M
499.625,B-5 C#5 B-3 C#4 F#2 F#3,6,M
499.75,F#5 C#5 B-3 C#4 F#2 F#3,6,M
499.875,B-5 C#5 B-3 C#4 F#2 F#3,6,M
500.0,F#5 C#5 B-3 C#4 F#2 F#3 B-2,6,M
500.125,B-5 C#5 F#5 B-3 C#4 F#2 B-2 F#3,6,M
500.25,F#5 C#5 B-3 C#4 F#2 B-2 F#3,6,M
500.375,B-5 C#5 F#5 B-3 C#4 F#2 F#3 B-2,6,M
500.5,F#5 C#5 B-3 C#4 F#2 F#3,6,M
500.625,B-5 C#5 F#5 B-3 C#4 F#2 F#3,6,M
500.75,F#5 C#5 B-3 C#4 F#2 F#3,6,M
500.875,B-5 C#5 F#5 B-3 C#4 F#2 F#3,6,M
501.0,B-4 C#4 F#4 F#2 C#3 F#3,6,M
501.3333333333333,B4 C#4 F#3 F#4 F#2 C#3,6,M
501.5,B4 C#4 F#3 F#4 F#2 C#3,6,M
501.6666666666667,B-4 C#4 F#3 F#4 F#2 C#3,6,M
502.0,G#4 C#4 F#2 C#3 F#3,6,M
502.3333333333333,F#4 C#4 F#3 F#2 C#3,6,M
502.5,F#4 C#4 F#3 F#2 C#3,6,M
502.6666666666667,G#4 C#4 F#3 F#2 C#3,6,M
502.75,G#4 C#4 F#3 F#2 C#3,6,M
503.0,B-4 C#4 F#2 C#3 F#3,6,M
503.5,B-4 C#4 F#4 F#2 C#3 F#3,6,M
503.625,B-4 C#4 F#3 F#2 C#3,6,M
504.0,C#4 B-4 F#3 B-3 F#2 C#3,6,M
504.125,C#4 F#3 F#2 C#3,6,M
504.5,C#4 E-5 F#3 E-4 F#2 C#3,6,M
504.625,C#4 F#3 F#2 C#3,6,M
505.0,B-4 C#5 C#4 F#2 C#3 F#3,6,M
505.3333333333333,B4 C#5 F#3 C#4 F#2 C#3,6,M
505.5,B4 C#5 F#3 C#4 F#2 C#3,6,M
505.6666666666667,B-4 C#4 C#5 F#3 F#2 C#3,6,M
506.0,G#4 C#4 C#5 F#2 C#3 F#3,6,M
506.3333333333333,F#4 C#5 F#3 C#4 F#2 C#3,6,M
506.5,F#4 C#5 F#3 C#4 F#2 C#3,6,M
506.6666666666667,G#4 C#4 C#5 F#3 F#2 C#3,6,M
506.75,G#4 C#4 C#5 F#3 F#2 C#3,6,M
507.0,F#4 C#4 C#5 F#2 C#3 F#3,6,M
507.5,F#4 C#4 B-4 F#3 B-3 F#2 C#3,6,M
508.0,F#4 C#4 C#5 F#3 F#2 C#3,6,M
508.5,F#4 C#4 B-5 F#3 B-4 F#2 C#3,6,M
509.0,C#4 B-5 F#3 B-4 F#2 C#3 F#4,6,M
509.125,C#4 B-5 F#3 B-4 F#2 C#3 C#5,6,M
509.25,C#4 B-5 F#3 B-4 F#2 C#3 F#4,6,M
509.375,C#4 B-5 F#3 B-4 F#2 C#3 C#5,6,M
509.5,C#4 B-5 F#3 B-4 F#2 C#3 F#4,6,M
509.625,B-5 C#4 F#3 B-4 F#2 C#3 C#5,6,M
509.75,B-5 C#4 F#3 B-4 F#2 C#3 F#4,6,M
509.875,C#4 B-5 F#3 B-4 F#2 C#3 C#5,6,M
510.0,C#4 B-5 F#3 B-4 F#2 C#3 F#4,6,M
510.125,B-5 C#4 F#3 B-4 F#2 C#3 C#5,6,M
510.25,B-5 C#4 F#3 B-4 F#2 C#3 F#4,6,M
510.375,C#4 B-5 F#3 B-4 F#2 C#3 C#5,6,M
510.5,C#4 B-5 F#3 B-4 F#2 C#3 F#4,6,M
510.625,B-5 C#4 F#3 B-4 F#2 C#3 C#5,6,M
510.75,B-5 C#4 F#3 B-4 F#2 C#3 F#4,6,M
510.875,B-5 C#4 F#3 B-4 F#2 C#3 C#5,6,M
511.0,C#4 F#4 B-4,6,M
511.125,C#4 C#5,6,M
511.25,C#4 F#4 B-4,6,M
511.375,C#4 C#5,6,M
511.5,F#5 C#4 F#4 B-4,6,M
511.625,F#5 C#4 C#5,6,M
511.75,F#5 C#4 F#4 B-4,6,M
511.875,F#5 C#4 C#5,6,M
512.0,F6 F#4 B-4,6,M
512.125,F6 C#5,6,M
512.25,F6 F#4 B-4,6,M
512.375,F6 C#5,6,M
512.5,F#6 F#4 B-4,6,M
512.625,F#6 C#5,6,M
512.75,F#6 F#4 B-4,6,M
512.875,F#6 C#5,6,M
513.0,F#5 C#6 F#4 C#5,6,M
513.125,F#5 C#6 B-4,6,M
513.25,F#5 C#6 F#4,6,M
513.375,F#5 C#6 B-4,6,M
513.5,F#5 F#4,6,M
513.625,F#5 B-4,6,M
513.75,F#5 F#4,6,M
513.875,F#5 B-4,6,M
514.0,C6 F#4,6,M
514.125,C6 B-4,6,M
514.25,C6 F#4,6,M
514.375,C6 B-4,6,M
514.5,E-6 F#4,6,M
514.625,E-6 B-4,6,M
514.75,E-6 F#4,6,M
514.875,E-6 B-4,6,M
515.0,F5 C#6 F#4,6,M
515.125,F5 C#6 B4,6,M
515.25,F5 C#6 F#4,6,M
515.375,F5 C#6 B4,6,M
515.5,F5 C#6 F#4,6,M
515.625,F5 C#6 B4,6,M
515.75,F5 C#6 F#4,6,M
515.875,F5 C#6 B4,6,M
516.0,E-5 B5 F#4,6,M
516.125,E-5 B5 B4,6,M
516.25,E-5 B5 F#4,6,M
516.375,E-5 B5 B4,6,M
516.5,D5 F5 F#4,6,M
516.625,D5 F5 B4,6,M
516.75,D5 F5 F#4,6,M
516.875,D5 F5 B4,6,M
517.0,C#5 F#5 F#4 B4,6,M
517.125,C#5 F#5 B-4,6,M
517.25,C#5 F#5 F#4,6,M
517.375,C#5 F#5 B-4,6,M
517.5,C#5 F#5 C#4 F#4,6,M
517.625,C#5 F#5 C#4 B-4,6,M
517.75,C#5 F#5 C#4 F#4,6,M
517.875,C#5 F#5 C#4 B-4,6,M
518.0,C#5 F#5 C#4 F#4,6,M
518.125,C#5 F#5 C#4 B-4,6,M
518.25,C#5 F#5 C#4 F#4,6,M
518.375,C#5 F#5 C#4 B-4,6,M
518.5,C#5 F#5 C#4 F#4,6,M
518.625,C#5 F#5 C#4 B-4,6,M
518.75,C#5 F#5 C#4 F#4,6,M
518.875,C#5 F#5 C#4 B-4,6,M
519.0,C#5 F#5 C#4 F#4,6,M
519.125,C#5 F#5 C#4 B-4,6,M
519.25,C#5 F#5 C#4 F#4,6,M
519.375,C#5 F#5 C#4 B-4,6,M
519.5,F#5 B-5 C#4 F#4,6,M
519.625,F#5 B-5 C#4 B-4,6,M
519.75,F#5 B-5 C#4 F#4,6,M
519.875,F#5 B-5 C#4 B-4,6,M
520.0,F5 C#6 F#4,6,M
520.125,F5 C#6 B-4,6,M
520.25,F5 C#6 F#4,6,M
520.375,F5 C#6 B-4,6,M
520.5,E-5 F#4,6,M
520.625,F#6 E-5 B-4,6,M
520.75,C#5 F#6 F#4,6,M
520.875,C#5 F#6 B-4,6,M
521.0,B-6 C5 F#6 E-4 B-4,6,M
521.125,B-6 C5 F#4,6,M
521.25,B-6 C5 E-4,6,M
521.375,B-6 C5 F#4,6,M
521.5,B-6 C5 E-4,6,M
521.625,B-6 C5 F#4,6,M
521.75,B-6 C5 E-4,6,M
521.875,B-6 C5 F#4,6,M
522.0,C5 E-4,6,M
522.125,C5 F#4,6,M
522.25,C5 E-4,6,M
522.375,C5 F#4,6,M
522.5,F#6 C5 E-4,6,M
522.625,F#6 C5 F#4,6,M
522.75,F#6 C5 E-4,6,M
522.875,F#6 C5 F#4,6,M
523.0,E-6 F5 C#4,6,M
523.125,E-6 F5 B4,6,M
523.25,E-6 F5 C#4,6,M
523.375,E-6 F5 B4,6,M
523.5,B5 F5 C#4,6,M
523.625,B5 F5 B4,6,M
523.75,B5 F5 C#4,6,M
523.875,B5 F5 B4,6,M
524.0,G#5 F5 C#4,6,M
524.125,G#5 F5 B4,6,M
524.25,G#5 F5 C#4,6,M
524.375,G#5 F5 B4,6,M
524.5,C#6 F5 C#4,6,M
524.625,C#6 F5 B4,6,M
524.75,C#6 F5 C#4,6,M
524.875,C#6 F5 B4,6,M
525.0,F#5 C#4 B-4 B4,6,M
525.125,F#5 C#4 C#5,6,M
525.25,F#5 C#4 B-4,6,M
525.375,F#5 C#4 C#5,6,M
525.5,F#5 C#4 B-4,6,M
525.625,F#5 C#4 C#5,6,M
525.75,F#5 C#4 B-4,6,M
525.875,F#5 C#4 C#5,6,M
526.0,C#6 C#4 B-4,6,M
526.125,C#6 C#5,6,M
526.25,C#6 C#4 B-4,6,M
526.375,C#6 C#5,6,M
526.5,C#6 C#4 B-4,6,M
526.625,C#6 C#5,6,M
526.75,C#6 C#4 B-4,6,M
526.875,C#6 C#5,6,M
527.0,F#6 C#4 B-4,6,M
527.125,F#6 C#4 C#5,6,M
527.25,F#6 C#4 B-4,6,M
527.375,F#6 C#4 C#5,6,M
527.5,F#6 C#4 B-4,6,M
527.625,F#6 C#4 C#5,6,M
527.75,F#6 C#4 B-4,6,M
527.875,F#6 C#4 C#5,6,M
528.0,C#6 C#4 B-4,6,M
528.125,C#6 C#5,6,M
528.25,C#6 C#4 B-4,6,M
528.375,C#6 C#5,6,M
528.5,C#6 C#4 B-4,6,M
528.625,C#6 C#5,6,M
528.75,C#6 C#4 B-4,6,M
528.875,C#6 C#5,6,M
529.0,F#6 C#4 F#3 F#2 C#3,6,M
529.125,F#6 C#4 F#3 F#2 C#3 B-3,6,M
529.25,F#6 C#4 F#3 F#2 C#3,6,M
529.375,F#6 C#4 F#3 F#2 C#3 B-3,6,M
529.5,F#6 C#4 F#3 F#2 C#3,6,M
529.625,F#6 C#4 F#3 F#2 C#3 B-3,6,M
529.75,F#6 C#4 F#3 F#2 C#3,6,M
529.875,F#6 C#4 F#3 F#2 C#3 B-3,6,M
530.0,F#6 C#4 F#3 F#2 C#3,6,M
530.125,F#6 C#4 F#3 F#2 C#3 B-3,6,M
530.25,F#6 C#4 F#3 F#2 C#3,6,M
530.375,F#6 C#4 F#3 F#2 C#3 B-3,6,M
530.5,F#6 C#4 F#3 F#2 C#3,6,M
530.625,F#6 C#4 F#3 F#2 C#3 B-3,6,M
530.75,F#6 C#4 F#3 F#2 C#3,6,M
530.875,F#6 C#4 F#3 F#2 C#3 B-3,6,M
531.0,F#6 C#4 F#3 F#2 C#3,6,M
531.125,F#6 C#4 F#3 F#2 C#3 B-3,6,M
531.25,F#6 C#4 F#3 F#2 C#3,6,M
531.375,F#6 C#4 F#3 F#2 C#3 B-3,6,M
531.5,F#6 C#4 F#3 F#2 C#3,6,M
531.625,F#6 C#4 F#3 F#2 C#3 B-3,6,M
531.75,F#6 C#4 F#3 F#2 C#3,6,M
531.875,F#6 C#4 F#3 F#2 C#3 B-3,6,M
532.0,F#6 C#4 F#3 F#2 C#3,6,M
532.125,F#6 C#4 F#3 F#2 C#3 B-3,6,M
532.25,F#6 C#4 F#3 F#2 C#3,6,M
532.375,F#6 C#4 F#3 F#2 C#3 B-3,6,M
532.5,F#6 C#4 F#3 F#2 C#3,6,M
532.625,F#6 C#4 F#3 F#2 C#3 B-3,6,M
532.75,F#6 C#4 F#3 F#2 C#3,6,M
532.875,F#6 C#4 F#3 F#2 C#3 B-3,6,M
533.0,F#6 C#4 F#3 C#3 F#2 B-3,6,M
533.125,C#3 F#6 C#4 F#3 B-3 F#2,6,M
533.3333333333334,B-3 F#6 C#4 F#3 F#2 C#3,6,M
533.5,B-4 C#3 B-3 F#6 C#4 F#3 F#2,6,M
534.0,C#3 B-3 B-4,?,?
534.125,B-3 B-4,?,?
534.3333333333334,B-4,?,?
